日時	AUD/CHF(始値, 買い)	AUD/CHF(高値, 買い)	AUD/CHF(安値, 買い)	AUD/CHF(終値, 買い)	AUD/CHF(始値, 売り)	AUD/CHF(高値, 売り)	AUD/CHF(安値, 売り)	AUD/CHF(終値, 売り)	
2014-02-01T07:00:00	0.79388	0.80930	0.78726	0.80509	0.79256	0.80907	0.78703	0.80485	
2014-01-25T07:00:00	0.77728	0.79648	0.77567	0.79388	0.77606	0.79622	0.77539	0.79256	
2014-01-18T07:00:00	0.79996	0.80972	0.77248	0.77728	0.79869	0.80948	0.77221	0.77606	
2014-01-11T07:00:00	0.81273	0.82052	0.79588	0.79996	0.81161	0.82028	0.79562	0.79869	
2014-01-04T07:00:00	0.81066	0.81474	0.80537	0.81273	0.80944	0.81418	0.80507	0.81161	
2013-12-28T07:00:00	0.79189	0.81395	0.78763	0.81066	0.79026	0.81368	0.78746	0.80944	
2013-12-21T07:00:00	0.80071	0.80162	0.78394	0.79189	0.79877	0.80138	0.78362	0.79026	
2013-12-14T07:00:00	0.79802	0.80073	0.78426	0.80071	0.79680	0.79987	0.78383	0.79877	
2013-12-07T07:00:00	0.81258	0.81462	0.79232	0.79802	0.81146	0.81436	0.79206	0.79680	
2013-11-30T07:00:00	0.82620	0.83261	0.80718	0.81258	0.82427	0.83234	0.80648	0.81146	
2013-11-23T07:00:00	0.83272	0.83803	0.81971	0.82620	0.83112	0.83772	0.81943	0.82427	
2013-11-16T07:00:00	0.85785	0.86143	0.83026	0.83272	0.85643	0.86118	0.83001	0.83112	
2013-11-09T07:00:00	0.86567	0.86655	0.85085	0.85785	0.86410	0.86594	0.85041	0.85643	
2013-11-02T06:00:00	0.86140	0.87580	0.86137	0.86567	0.86019	0.87556	0.86016	0.86410	
2013-10-26T06:00:00	0.85609	0.86411	0.85026	0.86140	0.85488	0.86350	0.84999	0.86019	
2013-10-19T06:00:00	0.87263	0.87452	0.85313	0.85609	0.87190	0.87428	0.85286	0.85488	
2013-10-12T06:00:00	0.86365	0.87440	0.85682	0.87263	0.86293	0.87416	0.85589	0.87190	
2013-10-05T06:00:00	0.85624	0.86502	0.84743	0.86365	0.85528	0.86483	0.84717	0.86293	
2013-09-28T06:00:00	0.84431	0.85786	0.84043	0.85624	0.84376	0.85762	0.84000	0.85528	
2013-09-21T06:00:00	0.85606	0.86157	0.84076	0.84431	0.85510	0.86131	0.84052	0.84376	
2013-09-14T06:00:00	0.85962	0.87054	0.85495	0.85606	0.85856	0.87031	0.85478	0.85510	
2013-09-07T06:00:00	0.86163	0.87123	0.85868	0.85962	0.86066	0.87091	0.85844	0.85856	
2013-08-31T06:00:00	0.82872	0.86830	0.83157	0.86163	0.82734	0.86805	0.83092	0.86066	
2013-08-24T06:00:00	0.83279	0.83635	0.81761	0.82872	0.83086	0.83611	0.81737	0.82734	
2013-08-17T06:00:00	0.85165	0.85499	0.82529	0.83279	0.84981	0.85474	0.82492	0.83086	
2013-08-10T06:00:00	0.84854	0.85890	0.84364	0.85165	0.84771	0.85865	0.84338	0.84981	
2013-08-03T06:00:00	0.82795	0.85004	0.82304	0.84854	0.82699	0.84982	0.82277	0.84771	
2013-07-27T06:00:00	0.86164	0.86189	0.82642	0.82795	0.85973	0.86150	0.82595	0.82699	
2013-07-20T06:00:00	0.86453	0.87123	0.85594	0.86164	0.86340	0.87090	0.85567	0.85973	
2013-07-13T06:00:00	0.85673	0.87409	0.85654	0.86453	0.85538	0.87336	0.85461	0.86340	
2013-07-06T06:00:00	0.87468	0.89683	0.85574	0.85673	0.87276	0.89637	0.85538	0.85538	
2013-06-29T06:00:00	0.86377	0.88115	0.85593	0.87468	0.86261	0.88070	0.85545	0.87276	
2013-06-22T06:00:00	0.86197	0.88212	0.85548	0.86377	0.86067	0.88182	0.85510	0.86261	
2013-06-15T06:00:00	0.88206	0.89098	0.85101	0.86197	0.88090	0.89072	0.85074	0.86067	
2013-06-08T06:00:00	0.88942	0.89178	0.86504	0.88206	0.88815	0.89136	0.86477	0.88090	
2013-06-01T06:00:00	0.91545	0.92933	0.87764	0.88942	0.91410	0.92911	0.87731	0.88815	
2013-05-25T06:00:00	0.92787	0.94107	0.91248	0.91545	0.92667	0.94082	0.91221	0.91410	
2013-05-18T06:00:00	0.94712	0.95399	0.92580	0.92787	0.94639	0.95372	0.92547	0.92667	
2013-05-11T06:00:00	0.95976	0.96201	0.93984	0.94712	0.95851	0.96180	0.93961	0.94639	
2013-05-04T06:00:00	0.96541	0.96541	0.95029	0.95976	0.96463	0.96463	0.94993	0.95851	
2013-04-27T06:00:00	0.96972	0.97228	0.94869	0.96541	0.96891	0.97202	0.94849	0.96463	
2013-04-20T06:00:00	0.96018	0.97769	0.95536	0.96972	0.95912	0.97745	0.95510	0.96891	
2013-04-13T06:00:00	0.97497	0.97737	0.95457	0.96018	0.97372	0.97681	0.95432	0.95912	
2013-04-06T06:00:00	0.97144	0.98586	0.96669	0.97497	0.96993	0.98562	0.96641	0.97372	
2013-03-30T06:00:00	0.99030	0.99647	0.96669	0.97144	0.98920	0.99624	0.96642	0.96993	
2013-03-23T06:00:00	0.98324	0.99789	0.97808	0.99030	0.98209	0.99764	0.97776	0.98920	
2013-03-16T06:00:00	0.97734	0.98980	0.97559	0.98324	0.97677	0.98954	0.97484	0.98209	
2013-03-09T07:00:00	0.97544	0.99032	0.97138	0.97734	0.97367	0.99010	0.97092	0.97677	
2013-03-02T07:00:00	0.96264	0.97760	0.95374	0.97544	0.96191	0.97734	0.95346	0.97367	
2013-02-23T07:00:00	0.95968	0.96574	0.94715	0.96264	0.95914	0.96551	0.94691	0.96191	
2013-02-16T07:00:00	0.95071	0.96318	0.94827	0.95968	0.94950	0.96296	0.94803	0.95914	
2013-02-09T07:00:00	0.94702	0.95701	0.93748	0.95071	0.94661	0.95681	0.93729	0.94950	
2013-02-02T07:00:00	0.94538	0.95243	0.93588	0.94702	0.94411	0.95144	0.93565	0.94661	
2013-01-26T07:00:00	0.96653	0.96862	0.93782	0.94538	0.96532	0.96840	0.93757	0.94411	
2013-01-19T07:00:00	0.98216	0.98478	0.96278	0.96653	0.98145	0.98454	0.96254	0.96532	
2013-01-12T07:00:00	0.96348	0.98782	0.96105	0.98216	0.96272	0.98752	0.96077	0.98145	
2013-01-05T07:00:00	0.96986	0.97834	0.96087	0.96348	0.96831	0.97810	0.96064	0.96272	
2012-12-29T07:00:00	0.94821	0.97189	0.94681	0.96986	0.94642	0.97165	0.94578	0.96831	
2012-12-22T07:00:00	0.95379	0.95438	0.94352	0.94821	0.95291	0.95413	0.94318	0.94642	
2012-12-15T07:00:00	0.97052	0.97052	0.95143	0.95379	0.96951	0.96955	0.95117	0.95291	
2012-12-08T07:00:00	0.98036	0.98339	0.96929	0.97052	0.97923	0.98316	0.96894	0.96951	
2012-12-01T07:00:00	0.96839	0.98237	0.96258	0.98036	0.96703	0.98213	0.96235	0.97923	
2012-11-24T07:00:00	0.97176	0.97553	0.96447	0.96839	0.96997	0.97526	0.96421	0.96703	
2012-11-17T07:00:00	0.97797	0.98217	0.96957	0.97176	0.97736	0.98185	0.96930	0.96997	
2012-11-10T07:00:00	0.98513	0.99067	0.97101	0.97797	0.98444	0.99046	0.97074	0.97736	
2012-11-03T06:00:00	0.97255	0.98890	0.97255	0.98513	0.97204	0.98866	0.97204	0.98444	
2012-10-27T06:00:00	0.97023	0.98185	0.96327	0.97255	0.96945	0.97826	0.96299	0.97204	
2012-10-20T06:00:00	0.95977	0.97063	0.95474	0.97023	0.95886	0.97033	0.95448	0.96945	
2012-10-13T06:00:00	0.95518	0.96051	0.94949	0.95977	0.95461	0.96031	0.94896	0.95886	
2012-10-06T06:00:00	0.94654	0.96631	0.94484	0.95518	0.94603	0.96608	0.94367	0.95461	
2012-09-29T06:00:00	0.97607	0.97748	0.94460	0.94654	0.97548	0.97715	0.94429	0.94603	
2012-09-22T06:00:00	0.97578	0.98046	0.97098	0.97607	0.97526	0.98021	0.97069	0.97548	
2012-09-15T06:00:00	0.97859	0.97998	0.96418	0.97578	0.97808	0.97981	0.96391	0.97526	
2012-09-08T06:00:00	0.98109	0.98917	0.97456	0.97859	0.97992	0.98884	0.97426	0.97808	
2012-09-01T06:00:00	0.98622	0.99037	0.97138	0.98109	0.98514	0.99013	0.97113	0.97992	
2012-08-25T06:00:00	0.99890	1.00182	0.98194	0.98622	0.99804	1.00076	0.98164	0.98514	
2012-08-18T06:00:00	1.01569	1.01999	0.99506	0.99890	1.01384	1.01981	0.99478	0.99804	
2012-08-11T06:00:00	1.03409	1.03409	1.01358	1.01569	1.03351	1.03351	1.01331	1.01384	
2012-08-04T06:00:00	1.02617	1.03444	1.02045	1.03409	1.02457	1.03413	1.02012	1.03351	
2012-07-28T06:00:00	1.02302	1.03509	1.02073	1.02617	1.02128	1.03479	1.02033	1.02457	
2012-07-21T06:00:00	1.02601	1.02750	1.01299	1.02302	1.02418	1.02635	1.01248	1.02128	
2012-07-14T06:00:00	1.00369	1.02647	1.00118	1.02601	1.00227	1.02591	1.00123	1.02418	
2012-07-07T06:00:00	0.99836	1.00689	0.99306	1.00369	0.99778	1.00594	0.99271	1.00227	
2012-06-30T06:00:00	0.97319	1.00012	0.97196	0.99836	0.97142	0.99979	0.97091	0.99778	
2012-06-23T06:00:00	0.96257	0.97530	0.95948	0.97319	0.96090	0.97503	0.95915	0.97142	
2012-06-16T06:00:00	0.95699	0.96908	0.95386	0.96257	0.95527	0.96874	0.95336	0.96090	
2012-06-09T06:00:00	0.95251	0.95886	0.94718	0.95699	0.95072	0.95853	0.94675	0.95527	
2012-06-02T06:00:00	0.93801	0.95433	0.93290	0.95251	0.93604	0.95398	0.93191	0.95072	
2012-05-26T06:00:00	0.93670	0.94826	0.93526	0.93801	0.93513	0.94797	0.93469	0.93604	
2012-05-19T06:00:00	0.92561	0.93918	0.92355	0.93670	0.92383	0.93880	0.92313	0.93513	
2012-05-12T06:00:00	0.93262	0.94055	0.92190	0.92561	0.93079	0.94021	0.92150	0.92383	
2012-05-05T06:00:00	0.93605	0.94068	0.93088	0.93262	0.93404	0.94039	0.93053	0.93079	
2012-04-28T06:00:00	0.94996	0.95009	0.92984	0.93605	0.94828	0.94936	0.92951	0.93404	
2012-04-21T06:00:00	0.94416	0.95040	0.93628	0.94996	0.94220	0.94963	0.93592	0.94828	
2012-04-14T06:00:00	0.95465	0.95648	0.94140	0.94416	0.95296	0.95614	0.94107	0.94220	
2012-04-07T06:00:00	0.94703	0.95549	0.93996	0.95465	0.94490	0.95511	0.93952	0.95296	
2012-03-31T06:00:00	0.93468	0.95103	0.93468	0.94703	0.93304	0.94951	0.93304	0.94490	
2012-03-24T06:00:00	0.95120	0.95498	0.93417	0.93468	0.94991	0.95466	0.93296	0.93304	
2012-03-17T06:00:00	0.97058	0.97280	0.94498	0.95120	0.96888	0.97251	0.94465	0.94991	
2012-03-10T07:00:00	0.97286	0.97600	0.96098	0.97058	0.97109	0.97573	0.96071	0.96888	
2012-03-03T07:00:00	0.98161	0.98299	0.96295	0.97286	0.97983	0.98210	0.96267	0.97109	
2012-02-25T07:00:00	0.95857	0.98399	0.95473	0.98161	0.95777	0.98374	0.95435	0.97983	
2012-02-18T07:00:00	0.98482	0.98932	0.95697	0.95857	0.98392	0.98900	0.95644	0.95777	
2012-02-11T07:00:00	0.97853	0.99378	0.97710	0.98482	0.97772	0.99349	0.97619	0.98392	
2012-02-04T07:00:00	0.98967	0.99463	0.97362	0.97853	0.98795	0.99436	0.97331	0.97772	
2012-01-28T07:00:00	0.97302	0.99202	0.96688	0.98967	0.97231	0.99175	0.96647	0.98795	
2012-01-21T07:00:00	0.98020	0.98467	0.96878	0.97302	0.97939	0.98406	0.96728	0.97231	
2012-01-14T07:00:00	0.98333	0.98988	0.96986	0.98020	0.98252	0.98956	0.96950	0.97939	
2012-01-07T07:00:00	0.97741	0.98543	0.97052	0.98333	0.97646	0.98463	0.97002	0.98252	
2011-12-31T07:00:00	0.95854	0.98048	0.95552	0.97741	0.95773	0.98032	0.95444	0.97646	
2011-12-24T07:00:00	0.95183	0.96358	0.94758	0.95854	0.94987	0.96324	0.94604	0.95773	
2011-12-17T07:00:00	0.93498	0.95331	0.92655	0.95183	0.93323	0.95289	0.92627	0.94987	
2011-12-10T07:00:00	0.94359	0.95124	0.93200	0.93498	0.94251	0.95096	0.93169	0.93323	
2011-12-03T07:00:00	0.94012	0.95388	0.93158	0.94359	0.93973	0.95360	0.93121	0.94251	
2011-11-26T07:00:00	0.90303	0.94481	0.90303	0.94012	0.90260	0.94443	0.90260	0.93973	
2011-11-19T07:00:00	0.91795	0.91903	0.88875	0.90303	0.91750	0.91831	0.88841	0.90260	
2011-11-12T07:00:00	0.92704	0.93380	0.91341	0.91795	0.92660	0.93343	0.91306	0.91750	
2011-11-05T06:00:00	0.92024	0.93663	0.91564	0.92704	0.92018	0.93631	0.91526	0.92660	
2011-10-29T06:00:00	0.92344	0.92808	0.90628	0.92024	0.92306	0.92752	0.90564	0.92018	
2011-10-22T06:00:00	0.91299	0.93012	0.90389	0.92344	0.91261	0.92976	0.90351	0.92306	
2011-10-15T06:00:00	0.92330	0.93038	0.90705	0.91299	0.92273	0.93001	0.90462	0.91261	
2011-10-08T06:00:00	0.90687	0.92398	0.89795	0.92330	0.90593	0.92353	0.89766	0.92273	
2011-10-01T06:00:00	0.87764	0.90989	0.86751	0.90687	0.87701	0.90946	0.86721	0.90593	
2011-09-24T06:00:00	0.88496	0.89495	0.87268	0.87764	0.88405	0.89459	0.87238	0.87701	
2011-09-17T06:00:00	0.90953	0.92558	0.87774	0.88496	0.90891	0.92416	0.87741	0.88405	
2011-09-10T06:00:00	0.92408	0.92843	0.89421	0.90953	0.92341	0.92761	0.89386	0.90891	
2011-09-03T06:00:00	0.84228	0.93128	0.82364	0.92408	0.84166	0.93081	0.82308	0.92341	
2011-08-27T06:00:00	0.85428	0.87884	0.82578	0.84228	0.85351	0.87832	0.82510	0.84166	
2011-08-20T06:00:00	0.81797	0.85855	0.81547	0.85428	0.81741	0.85802	0.81491	0.85351	
2011-08-13T06:00:00	0.80497	0.84473	0.80497	0.81797	0.80348	0.84431	0.80348	0.81741	
2011-08-06T06:00:00	0.80128	0.80657	0.71478	0.80497	0.80091	0.80596	0.71384	0.80348	
2011-07-30T06:00:00	0.86544	0.87853	0.78889	0.80128	0.86445	0.87824	0.78855	0.80091	
2011-07-23T06:00:00	0.88847	0.88847	0.86197	0.86544	0.88797	0.88797	0.86168	0.86445	
2011-07-16T06:00:00	0.86668	0.89406	0.85947	0.88847	0.86611	0.89375	0.85912	0.88797	
2011-07-09T06:00:00	0.90064	0.90064	0.86433	0.86668	0.90021	0.90021	0.86392	0.86611	
2011-07-02T06:00:00	0.91525	0.91795	0.89380	0.90064	0.91484	0.91734	0.89350	0.90021	
2011-06-25T06:00:00	0.87991	0.91570	0.86826	0.91525	0.87878	0.91535	0.86796	0.91484	
2011-06-18T06:00:00	0.90125	0.90188	0.87650	0.87991	0.90076	0.90152	0.87621	0.87878	
2011-06-11T06:00:00	0.88933	0.90978	0.88264	0.90125	0.88888	0.90949	0.88232	0.90076	
2011-06-04T06:00:00	0.89628	0.90147	0.88353	0.88933	0.89506	0.90119	0.88314	0.88888	
2011-05-28T06:00:00	0.91232	0.91736	0.88652	0.89628	0.91132	0.91691	0.88619	0.89506	
2011-05-21T06:00:00	0.93848	0.93848	0.91035	0.91232	0.93721	0.93721	0.91000	0.91132	
2011-05-14T06:00:00	0.94336	0.94605	0.93004	0.93848	0.94279	0.94501	0.92977	0.93721	
2011-05-07T06:00:00	0.93773	0.95768	0.93773	0.94336	0.93734	0.95739	0.93729	0.94279	
2011-04-30T06:00:00	0.94908	0.95224	0.91398	0.93773	0.94856	0.95191	0.91363	0.93734	
2011-04-23T06:00:00	0.95243	0.95568	0.93631	0.94908	0.95031	0.95526	0.93586	0.94856	
2011-04-16T06:00:00	0.94288	0.95552	0.93618	0.95243	0.94238	0.95521	0.93587	0.95031	
2011-04-09T06:00:00	0.95898	0.96185	0.93576	0.94288	0.95785	0.96147	0.93516	0.94238	
2011-04-02T06:00:00	0.96035	0.96519	0.94896	0.95898	0.95992	0.96483	0.94867	0.95785	
2011-03-26T06:00:00	0.94414	0.96630	0.93668	0.96035	0.94377	0.96601	0.93639	0.95992	
2011-03-19T06:00:00	0.89974	0.94488	0.89508	0.94414	0.89925	0.94459	0.89403	0.94377	
2011-03-12T07:00:00	0.94366	0.94366	0.87239	0.89974	0.94331	0.94331	0.86826	0.89925	
2011-03-05T07:00:00	0.93897	0.94636	0.92920	0.94366	0.93841	0.94607	0.92891	0.94331	
2011-02-26T07:00:00	0.94489	0.94944	0.93380	0.93897	0.94451	0.94915	0.93347	0.93841	
2011-02-19T07:00:00	0.95997	0.96155	0.92729	0.94489	0.95948	0.95962	0.92701	0.94451	
2011-02-12T07:00:00	0.97523	0.98112	0.95499	0.95997	0.97488	0.98085	0.95467	0.95948	
2011-02-05T07:00:00	0.96873	0.98011	0.96428	0.97523	0.96831	0.97976	0.96397	0.97488	
2011-01-29T07:00:00	0.93571	0.97539	0.92934	0.96873	0.93501	0.97505	0.92888	0.96831	
2011-01-22T07:00:00	0.94901	0.95315	0.93359	0.93571	0.94846	0.95280	0.93325	0.93501	
2011-01-15T07:00:00	0.95454	0.96876	0.94641	0.94901	0.95411	0.96845	0.94601	0.94846	
2011-01-08T07:00:00	0.96394	0.97190	0.95112	0.95454	0.96331	0.97163	0.95071	0.95411	
2011-01-01T07:00:00	0.95647	0.96826	0.94430	0.96394	0.95592	0.96796	0.94391	0.96331	
2010-12-25T07:00:00	0.96633	0.96822	0.94792	0.95629	0.96583	0.96781	0.94752	0.95581	
2010-12-18T07:00:00	0.95898	0.97108	0.94947	0.96633	0.95851	0.97056	0.94910	0.96583	
2010-12-11T07:00:00	0.96588	0.97116	0.94582	0.95898	0.96546	0.97083	0.94546	0.95851	
2010-12-04T07:00:00	0.96823	0.97657	0.96368	0.96588	0.96771	0.97622	0.96323	0.96546	
2010-11-27T07:00:00	0.96728	0.97550	0.95377	0.96823	0.96656	0.97518	0.95331	0.96771	
2010-11-20T07:00:00	0.97817	0.98712	0.96324	0.96728	0.97755	0.98675	0.96287	0.96656	
2010-11-13T07:00:00	0.96848	0.98708	0.96328	0.97817	0.96761	0.98676	0.96282	0.97755	
2010-11-06T06:00:00	0.97685	0.98102	0.95779	0.96737	0.97617	0.97981	0.95731	0.96688	
2010-10-30T06:00:00	0.96488	0.99121	0.96488	0.97685	0.96421	0.99087	0.96421	0.97617	
2010-10-23T06:00:00	0.96166	0.97326	0.95688	0.96488	0.96105	0.97287	0.95629	0.96421	
2010-10-16T06:00:00	0.94778	0.96188	0.93788	0.96166	0.94702	0.96125	0.93741	0.96105	
2010-10-09T06:00:00	0.95078	0.95381	0.93956	0.94778	0.95011	0.95335	0.93919	0.94702	
2010-10-02T06:00:00	0.94891	0.95288	0.92622	0.95078	0.94844	0.95251	0.92584	0.95011	
2010-09-25T06:00:00	0.94548	0.95351	0.93894	0.94891	0.94506	0.95265	0.93784	0.94844	
2010-09-18T06:00:00	0.94545	0.95718	0.93035	0.94548	0.94501	0.95673	0.92997	0.94506	
2010-09-11T06:00:00	0.94514	0.96390	0.93255	0.94545	0.94465	0.96354	0.93218	0.94501	
2010-09-04T06:00:00	0.93227	0.95141	0.91960	0.94514	0.93180	0.95106	0.91921	0.94465	
2010-08-28T06:00:00	0.92588	0.93873	0.90186	0.93227	0.92546	0.93834	0.90148	0.93180	
2010-08-21T06:00:00	0.92409	0.93257	0.89963	0.92588	0.92371	0.93222	0.89882	0.92546	
2010-08-14T06:00:00	0.93935	0.94752	0.91598	0.92409	0.93888	0.94716	0.91478	0.92371	
2010-08-07T06:00:00	0.95380	0.96368	0.93755	0.93935	0.95341	0.96336	0.93721	0.93888	
2010-07-31T06:00:00	0.94213	0.96733	0.94125	0.95380	0.94166	0.96623	0.94074	0.95341	
2010-07-24T06:00:00	0.94500	0.96039	0.93070	0.94213	0.94450	0.96006	0.93034	0.94166	
2010-07-17T06:00:00	0.91514	0.94537	0.90553	0.94500	0.91463	0.94499	0.90516	0.94450	
2010-07-10T06:00:00	0.92707	0.93694	0.90918	0.91514	0.92656	0.93662	0.90877	0.91463	
2010-07-03T06:00:00	0.89748	0.92778	0.88654	0.92707	0.89710	0.92745	0.88621	0.92656	
2010-06-26T06:00:00	0.95678	0.95937	0.88759	0.89748	0.95631	0.95751	0.88724	0.89710	
2010-06-19T06:00:00	0.96456	0.98185	0.94746	0.95678	0.96461	0.98149	0.94710	0.95631	
2010-06-12T06:00:00	0.97716	0.98476	0.95756	0.96456	0.97721	0.98481	0.95761	0.96461	
2010-06-05T06:00:00	0.95482	0.97889	0.93940	0.97716	0.95487	0.97894	0.93945	0.97721	
2010-05-29T06:00:00	0.98147	0.98347	0.95306	0.95482	0.98071	0.98305	0.95311	0.95487	
2010-05-22T06:00:00	0.95594	0.98606	0.93938	0.98147	0.95534	0.98563	0.93896	0.98071	
2010-05-15T06:00:00	1.00224	1.00490	0.92990	0.95594	1.00181	1.00411	0.92833	0.95534	
2010-05-08T06:00:00	0.98274	1.00582	0.98274	1.00224	0.98229	1.00551	0.98229	1.00181	
2010-05-01T06:00:00	0.99563	1.01568	0.97358	0.98274	0.99521	1.01526	0.97271	0.98229	
2010-04-24T06:00:00	0.99508	1.00848	0.99138	0.99563	0.99461	1.00806	0.99101	0.99521	
2010-04-17T06:00:00	0.98158	1.00368	0.97557	0.99508	0.98111	1.00326	0.97450	0.99461	
2010-04-10T06:00:00	0.99508	0.99636	0.97678	0.98158	0.99461	0.99461	0.97631	0.98111	
2010-04-03T06:00:00	0.97638	1.00127	0.97548	0.99508	0.97551	1.00090	0.97098	0.99461	
2010-03-27T06:00:00	0.96318	0.98188	0.95818	0.97638	0.96271	0.98112	0.95709	0.97551	
2010-03-20T06:00:00	0.97178	0.97848	0.96028	0.96318	0.97141	0.97801	0.95991	0.96271	
2010-03-13T07:00:00	0.96928	0.97858	0.96428	0.97178	0.96881	0.97821	0.96384	0.97141	
2010-03-06T07:00:00	0.97565	0.98768	0.96888	0.96928	0.97521	0.98724	0.96851	0.96881	
2010-02-27T07:00:00	0.96288	0.97893	0.96248	0.97565	0.96251	0.97856	0.96111	0.97521	
2010-02-20T07:00:00	0.96768	0.97535	0.95468	0.96288	0.96721	0.97471	0.95431	0.96251	
2010-02-13T07:00:00	0.95568	0.97568	0.95408	0.96768	0.95521	0.97271	0.95351	0.96721	
2010-02-06T07:00:00	0.93048	0.96047	0.92528	0.95568	0.93001	0.96002	0.92461	0.95521	
2010-01-30T07:00:00	0.93818	0.94468	0.91859	0.93048	0.93771	0.94401	0.91810	0.93001	
2010-01-23T07:00:00	0.94118	0.95015	0.93433	0.93818	0.94061	0.94971	0.93391	0.93771	
2010-01-16T07:00:00	0.94848	0.95638	0.93568	0.94017	0.94801	0.95602	0.93521	0.93932	
2010-01-09T07:00:00	0.94558	0.95222	0.93448	0.94848	0.94521	0.95181	0.93332	0.94801	
2010-01-02T07:00:00	0.93007	0.95218	0.92868	0.94558	0.92951	0.95171	0.92821	0.94521	
2009-12-26T07:00:00	0.91554	0.93109	0.91554	0.93007	0.91501	0.93057	0.91231	0.92951	
2009-12-19T07:00:00	0.92868	0.92868	0.91248	0.91554	0.92821	0.92821	0.91201	0.91501	
2009-12-12T07:00:00	0.94318	0.94688	0.92038	0.92868	0.94271	0.94651	0.91971	0.92821	
2009-12-05T07:00:00	0.93058	0.94558	0.92688	0.94318	0.93011	0.94523	0.92581	0.94271	
2009-11-28T07:00:00	0.91298	0.93218	0.91298	0.93058	0.91211	0.93173	0.91211	0.93011	
2009-11-21T07:00:00	0.93171	0.93553	0.90517	0.91298	0.93134	0.93501	0.90420	0.91211	
2009-11-14T07:00:00	0.94558	0.94666	0.92498	0.93171	0.94511	0.94626	0.92454	0.93134	
2009-11-07T07:00:00	0.93398	0.94588	0.93398	0.94558	0.93351	0.94551	0.93351	0.94511	
2009-10-31T06:00:00	0.92398	0.93466	0.91488	0.93398	0.92351	0.93386	0.91391	0.93351	
2009-10-24T06:00:00	0.93088	0.94007	0.91970	0.92398	0.93041	0.93941	0.91931	0.92351	
2009-10-17T06:00:00	0.93428	0.94165	0.92773	0.93088	0.93371	0.94111	0.92731	0.93041	
2009-10-10T06:00:00	0.93308	0.93988	0.92555	0.93428	0.93251	0.93941	0.92511	0.93371	
2009-10-03T06:00:00	0.89448	0.93458	0.89448	0.93308	0.89391	0.93411	0.89391	0.93251	
2009-09-26T06:00:00	0.89098	0.92068	0.88775	0.89448	0.89041	0.92026	0.88706	0.89391	
2009-09-19T06:00:00	0.89348	0.89867	0.88796	0.89098	0.89311	0.89811	0.88719	0.89041	
2009-09-12T06:00:00	0.89518	0.90438	0.88879	0.89348	0.89481	0.90401	0.88841	0.89311	
2009-09-05T06:00:00	0.90248	0.90908	0.89084	0.89518	0.90201	0.90841	0.89044	0.89481	
2009-08-29T06:00:00	0.89208	0.90418	0.87958	0.90248	0.89161	0.90351	0.87911	0.90201	
2009-08-22T06:00:00	0.88118	0.89468	0.88118	0.89208	0.88071	0.89431	0.88071	0.89161	
2009-08-15T06:00:00	0.89128	0.89569	0.87558	0.88118	0.89071	0.89291	0.87511	0.88071	
2009-08-08T06:00:00	0.90458	0.91122	0.88613	0.89128	0.90411	0.91085	0.88576	0.89071	
2009-08-01T06:00:00	0.89408	0.90788	0.88882	0.90458	0.89351	0.90751	0.88671	0.90411	
2009-07-25T06:00:00	0.87508	0.90294	0.87448	0.89408	0.87461	0.90257	0.87381	0.89351	
2009-07-18T06:00:00	0.86358	0.87807	0.86308	0.87508	0.86311	0.87764	0.86181	0.87461	
2009-07-11T06:00:00	0.84488	0.86648	0.83588	0.86358	0.84432	0.86601	0.83551	0.86311	
2009-07-04T06:00:00	0.86798	0.86968	0.84138	0.84488	0.86616	0.86931	0.84101	0.84432	
2009-06-27T06:00:00	0.87288	0.88064	0.85997	0.86798	0.87231	0.88021	0.85951	0.86616	
2009-06-20T06:00:00	0.87078	0.88228	0.84275	0.87288	0.87011	0.88191	0.84235	0.87231	
2009-06-13T06:00:00	0.87908	0.87908	0.85380	0.87078	0.87861	0.87861	0.85336	0.87011	
2009-06-06T06:00:00	0.86218	0.88155	0.85704	0.87908	0.86141	0.88111	0.85661	0.87861	
2009-05-30T06:00:00	0.85538	0.87808	0.84918	0.86218	0.85441	0.87771	0.84588	0.86141	
2009-05-23T06:00:00	0.85088	0.85868	0.84143	0.85538	0.85016	0.85815	0.84101	0.85441	
2009-05-16T06:00:00	0.84168	0.86418	0.83857	0.85088	0.84096	0.86365	0.83808	0.85016	
2009-05-09T06:00:00	0.85038	0.85286	0.83000	0.84168	0.84956	0.85191	0.82951	0.84096	
2009-05-02T06:00:00	0.83018	0.86617	0.83018	0.85038	0.82931	0.86581	0.82931	0.84956	
2009-04-25T06:00:00	0.82388	0.83928	0.80573	0.83018	0.82311	0.83881	0.80496	0.82931	
2009-04-18T06:00:00	0.84208	0.84781	0.81303	0.82388	0.84111	0.84491	0.81231	0.82311	
2009-04-11T06:00:00	0.83178	0.84328	0.81548	0.84208	0.83031	0.84271	0.81491	0.84111	
2009-04-04T06:00:00	0.80993	0.83653	0.80102	0.83178	0.80896	0.83561	0.79961	0.83031	
2009-03-28T06:00:00	0.79237	0.81968	0.77860	0.80993	0.79176	0.81903	0.77724	0.80896	
2009-03-21T06:00:00	0.77493	0.79734	0.77493	0.79237	0.77431	0.79680	0.77431	0.79176	
2009-03-14T06:00:00	0.78065	0.78634	0.76296	0.77493	0.78011	0.78584	0.76008	0.77431	
2009-03-07T07:00:00	0.74303	0.78634	0.73094	0.78065	0.74238	0.78584	0.73032	0.78011	
2009-02-28T07:00:00	0.74842	0.76504	0.73612	0.74303	0.74787	0.76467	0.73570	0.74238	
2009-02-21T07:00:00	0.74528	0.76373	0.74279	0.74842	0.74457	0.76350	0.74235	0.74787	
2009-02-14T07:00:00	0.76394	0.76607	0.74047	0.74528	0.76299	0.76481	0.73991	0.74457	
2009-02-07T07:00:00	0.78787	0.79463	0.75006	0.76394	0.78711	0.79422	0.74889	0.76299	
2009-01-31T07:00:00	0.73717	0.79275	0.72817	0.78787	0.73654	0.79225	0.72767	0.78711	
2009-01-24T07:00:00	0.75931	0.77411	0.73591	0.73717	0.75872	0.77348	0.73535	0.73654	
2009-01-17T07:00:00	0.75200	0.76760	0.73889	0.75931	0.75129	0.76705	0.73837	0.75872	
2009-01-10T07:00:00	0.78282	0.78282	0.73265	0.75200	0.78227	0.78227	0.73217	0.75129	
2009-01-03T07:00:00	0.76852	0.81241	0.76362	0.78282	0.76789	0.81233	0.76302	0.78227	
2008-12-27T07:00:00	0.73317	0.77070	0.71988	0.76852	0.73222	0.77007	0.71934	0.76789	
2008-12-20T07:00:00	0.75377	0.75628	0.72717	0.73317	0.75279	0.75573	0.72622	0.73222	
2008-12-13T07:00:00	0.77777	0.78723	0.73321	0.75377	0.77702	0.78483	0.73069	0.75279	
2008-12-06T07:00:00	0.79225	0.81068	0.76785	0.77777	0.79162	0.81033	0.76747	0.77702	
2008-11-29T07:00:00	0.79532	0.79532	0.76372	0.79225	0.79469	0.79469	0.76135	0.79162	
2008-11-22T07:00:00	0.77032	0.79727	0.76093	0.79532	0.76952	0.79664	0.76027	0.79469	
2008-11-15T07:00:00	0.78007	0.79144	0.74292	0.77032	0.77928	0.79089	0.73949	0.76952	
2008-11-08T07:00:00	0.79636	0.81913	0.74849	0.78007	0.79562	0.81867	0.74792	0.77928	
2008-11-01T06:00:00	0.77177	0.81732	0.77124	0.79636	0.77095	0.81512	0.77076	0.79562	
2008-10-25T06:00:00	0.72571	0.78018	0.69412	0.77177	0.72476	0.77932	0.69212	0.77095	
2008-10-18T06:00:00	0.78427	0.81186	0.69792	0.72571	0.78342	0.81111	0.69569	0.72476	
2008-10-11T06:00:00	0.73569	0.81845	0.73569	0.78427	0.73231	0.81792	0.73231	0.78342	
2008-10-04T06:00:00	0.87240	0.87959	0.71967	0.73569	0.87175	0.87833	0.71767	0.73231	
2008-09-27T06:00:00	0.90593	0.91482	0.86650	0.87240	0.90538	0.91413	0.86471	0.87175	
2008-09-20T06:00:00	0.92137	0.92861	0.89814	0.90593	0.92045	0.92770	0.89761	0.90538	
2008-09-13T06:00:00	0.93097	0.93097	0.86570	0.92137	0.93036	0.93036	0.86449	0.92045	
2008-09-06T06:00:00	0.90857	0.93282	0.90077	0.93097	0.90802	0.93245	0.89983	0.93036	
2008-08-30T06:00:00	0.94579	0.94579	0.89447	0.90857	0.94527	0.94527	0.89387	0.90802	
2008-08-23T06:00:00	0.95245	0.95522	0.93906	0.94579	0.95192	0.95482	0.93852	0.94527	
2008-08-16T06:00:00	0.94983	0.96125	0.94797	0.95245	0.94928	0.96070	0.94757	0.95192	
2008-08-09T06:00:00	0.96135	0.96352	0.93291	0.94983	0.96080	0.96282	0.93248	0.94928	
2008-08-02T06:00:00	0.97715	0.97921	0.95444	0.96135	0.97662	0.97887	0.95399	0.96080	
2008-07-26T06:00:00	0.99172	0.99803	0.97567	0.97715	0.99102	0.99757	0.97527	0.97662	
2008-07-19T06:00:00	0.99245	1.00635	0.98787	0.99172	0.99190	1.00311	0.98747	0.99102	
2008-07-12T06:00:00	0.98176	0.99587	0.98176	0.99245	0.98129	0.99547	0.98129	0.99190	
2008-07-05T06:00:00	0.98805	0.99367	0.97515	0.98176	0.98750	0.99332	0.97477	0.98129	
2008-06-28T06:00:00	0.97820	0.98900	0.96614	0.98805	0.97773	0.98862	0.96582	0.98750	
2008-06-21T06:00:00	0.98705	0.99745	0.97651	0.97820	0.98661	0.99716	0.97608	0.97773	
2008-06-14T06:00:00	0.98510	0.99633	0.97670	0.98705	0.98468	0.99594	0.97628	0.98661	
2008-06-07T06:00:00	0.98152	0.98905	0.97090	0.98510	0.98097	0.98874	0.96992	0.98468	
2008-05-31T06:00:00	0.99636	1.00272	0.98125	0.98152	0.99582	1.00232	0.98074	0.98097	
2008-05-24T06:00:00	0.98329	1.00546	0.98201	0.99636	0.98274	1.00514	0.98149	0.99582	
2008-05-17T06:00:00	0.99978	1.00855	0.98224	0.98329	0.99931	1.00810	0.98170	0.98274	
2008-05-10T06:00:00	0.98221	1.00584	0.97844	0.99978	0.98174	1.00545	0.97800	0.99931	
2008-05-03T06:00:00	0.98927	1.00127	0.97569	0.98221	0.98842	1.00092	0.97530	0.98174	
2008-04-26T06:00:00	0.96615	0.99234	0.96170	0.98927	0.96568	0.99192	0.96129	0.98842	
2008-04-19T06:00:00	0.95216	0.97515	0.94579	0.96615	0.95161	0.97479	0.94540	0.96568	
2008-04-12T06:00:00	0.92979	0.95784	0.91819	0.95216	0.92932	0.95743	0.91780	0.95161	
2008-04-05T06:00:00	0.92746	0.94740	0.92297	0.92979	0.92692	0.94686	0.92259	0.92932	
2008-03-29T06:00:00	0.91347	0.93262	0.90041	0.92746	0.91242	0.93223	0.89992	0.92692	
2008-03-22T06:00:00	0.91017	0.93017	0.90734	0.91347	0.90990	0.92962	0.90679	0.91242	
2008-03-15T06:00:00	0.93650	0.93987	0.89007	0.91017	0.93565	0.93852	0.88829	0.90990	
2008-03-08T07:00:00	0.95179	0.96347	0.93207	0.93650	0.95114	0.96287	0.93122	0.93565	
2008-03-01T07:00:00	0.97071	0.98270	0.94545	0.95179	0.97012	0.98225	0.94492	0.95114	
2008-02-23T07:00:00	1.00199	1.01353	0.96956	0.97071	1.00162	1.01312	0.96902	0.97012	
2008-02-16T07:00:00	0.99392	1.01406	0.99197	1.00199	0.99342	1.01361	0.99112	1.00162	
2008-02-09T07:00:00	0.98697	1.00371	0.98574	0.99392	0.98642	1.00327	0.98542	0.99342	
2008-02-02T07:00:00	0.98528	0.99901	0.97335	0.98697	0.98443	0.99862	0.97292	0.98642	
2008-01-26T07:00:00	0.96649	0.98595	0.95615	0.98528	0.96564	0.98510	0.95530	0.98443	
2008-01-19T07:00:00	0.96806	0.97173	0.93826	0.96649	0.96721	0.97088	0.93741	0.96564	
2008-01-12T07:00:00	0.98201	0.98728	0.95399	0.96806	0.98116	0.98643	0.95314	0.96721	
2008-01-05T07:00:00	0.96373	0.99228	0.96373	0.98201	0.96288	0.99143	0.96288	0.98116	
2007-12-29T07:00:00	0.98679	1.00057	0.96319	0.96373	0.98594	0.99972	0.96234	0.96288	
2007-12-22T07:00:00	1.00319	1.01594	0.98409	0.98679	1.00234	1.01509	0.98324	0.98594	
2007-12-15T07:00:00	0.99336	1.00601	0.98361	1.00319	0.99251	1.00516	0.98276	1.00234	
2007-12-08T07:00:00	0.99048	1.01398	0.98502	0.99336	0.98963	1.01313	0.98417	0.99251	
2007-12-01T07:00:00	1.00052	1.00183	0.96963	0.99048	0.99967	1.00098	0.96878	0.98963	
2007-11-24T07:00:00	0.96708	1.00052	0.95174	1.00052	0.96623	0.99967	0.95089	0.99967	
2007-11-17T07:00:00	0.99872	1.00497	0.95093	0.96708	0.99787	1.00412	0.95008	0.96623	
2007-11-10T07:00:00	1.02575	1.02575	0.98822	0.99872	1.02490	1.02490	0.98737	0.99787	
2007-11-03T06:00:00	1.06511	1.06867	1.02095	1.02575	1.06426	1.06782	1.02010	1.02490	
2007-10-27T06:00:00	1.06924	1.08317	1.05412	1.06511	1.06839	1.08232	1.05327	1.06426	
2007-10-20T06:00:00	1.04071	1.06928	1.02630	1.06924	1.03986	1.06843	1.02545	1.06839	
2007-10-13T06:00:00	1.07041	1.07449	1.03900	1.04071	1.06956	1.07364	1.03815	1.03986	
2007-10-06T06:00:00	1.05789	1.07370	1.05725	1.07041	1.05704	1.07285	1.05640	1.06956	
2007-09-29T06:00:00	1.03349	1.05963	1.03248	1.05789	1.03264	1.05878	1.03163	1.05704	
2007-09-22T06:00:00	1.01384	1.03567	1.00741	1.03349	1.01299	1.03482	1.00656	1.03264	
2007-09-15T06:00:00	1.00180	1.02006	0.98250	1.01384	1.00095	1.01921	0.98165	1.01299	
2007-09-08T06:00:00	0.98327	1.00405	0.96943	1.00180	0.98242	1.00320	0.96858	1.00095	
2007-09-01T06:00:00	0.98977	1.00487	0.97747	0.98327	0.98892	1.00402	0.97662	0.98242	
2007-08-25T06:00:00	0.99387	1.00237	0.96917	0.98977	0.99302	1.00152	0.96832	0.98892	
2007-08-18T06:00:00	0.96227	0.99567	0.95277	0.99387	0.96142	0.99482	0.95192	0.99302	
2007-08-11T06:00:00	1.01347	1.01957	0.92897	0.96227	1.01262	1.01872	0.92812	0.96142	
2007-08-04T06:00:00	1.01777	1.03637	1.00467	1.01347	1.01692	1.03552	1.00382	1.01262	
2007-07-28T06:00:00	1.03087	1.03807	1.01287	1.01777	1.03002	1.03722	1.01202	1.01692	
2007-07-21T06:00:00	1.05597	1.07637	1.03087	1.03087	1.05512	1.07552	1.03002	1.03002	
2007-07-14T06:00:00	1.04657	1.06207	1.04617	1.05597	1.04572	1.06122	1.04532	1.05512	
2007-07-07T06:00:00	1.04537	1.04837	1.02977	1.04657	1.04452	1.04752	1.02892	1.04572	
2007-06-30T06:00:00	1.03637	1.04707	1.03597	1.04537	1.03552	1.04622	1.03512	1.04452	
2007-06-23T06:00:00	1.04007	1.04907	1.02627	1.03637	1.03922	1.04822	1.02542	1.03552	
2007-06-16T06:00:00	1.04657	1.05337	1.03957	1.04007	1.04572	1.05252	1.03872	1.03922	
2007-06-09T06:00:00	1.04357	1.04977	1.03857	1.04657	1.04272	1.04892	1.03772	1.04572	
2007-06-02T06:00:00	1.02397	1.04367	1.01707	1.04357	1.02312	1.04282	1.01622	1.04272	
2007-05-26T06:00:00	1.00527	1.02527	1.00107	1.02397	1.00442	1.02442	1.00022	1.02312	
2007-05-19T06:00:00	1.01137	1.01427	1.00357	1.00527	1.01052	1.01342	1.00272	1.00442	
2007-05-12T06:00:00	1.01387	1.01887	1.00597	1.01137	1.01302	1.01802	1.00512	1.01052	
2007-05-05T06:00:00	0.99547	1.01717	0.99377	1.01387	0.99462	1.01632	0.99292	1.01302	
2007-04-28T06:00:00	1.00107	1.00837	0.99287	0.99547	1.00022	1.00752	0.99202	0.99462	
2007-04-21T06:00:00	1.01227	1.01287	0.99347	1.00107	1.01142	1.01202	0.99262	1.00022	
2007-04-14T06:00:00	1.01217	1.01437	0.99637	1.01227	1.01132	1.01352	0.99552	1.01142	
2007-04-07T06:00:00	0.99717	1.01377	0.99697	1.01217	0.99632	1.01292	0.99612	1.01132	
2007-03-31T06:00:00	0.98347	1.00177	0.98137	0.99717	0.98262	1.00092	0.98052	0.99632	
2007-03-24T06:00:00	0.98167	0.98897	0.97457	0.98347	0.98082	0.98812	0.97372	0.98262	
2007-03-17T06:00:00	0.96177	0.98307	0.95727	0.98167	0.96092	0.98222	0.95642	0.98082	
2007-03-10T07:00:00	0.96337	0.96657	0.94957	0.96177	0.96252	0.96572	0.94872	0.96092	
2007-03-03T07:00:00	0.95177	0.96537	0.93787	0.96337	0.95092	0.96452	0.93702	0.96252	
2007-02-24T07:00:00	0.97677	0.97867	0.95167	0.95177	0.97592	0.97782	0.95082	0.95092	
2007-02-17T07:00:00	0.97207	0.98247	0.96847	0.97677	0.97122	0.98162	0.96762	0.97592	
2007-02-10T07:00:00	0.97047	0.97477	0.96527	0.97207	0.96962	0.97392	0.96442	0.97122	
2007-02-03T07:00:00	0.96707	0.97597	0.96307	0.97047	0.96622	0.97512	0.96222	0.96962	
2007-01-27T07:00:00	0.96897	0.97257	0.95927	0.96707	0.96902	0.97172	0.95842	0.96622	
2007-01-20T07:00:00	0.98497	0.98857	0.96427	0.96897	0.98502	0.98862	0.96432	0.96902	
2007-01-13T07:00:00	0.97677	0.98687	0.97337	0.98497	0.97682	0.98692	0.97342	0.98502	
2007-01-06T07:00:00	0.96267	0.97827	0.96137	0.97677	0.96272	0.97832	0.96142	0.97682	
2006-12-30T07:00:00	0.96217	0.97237	0.96087	0.96267	0.96132	0.97242	0.96092	0.96272	
2006-12-23T07:00:00	0.95647	0.96787	0.95487	0.96217	0.95562	0.96702	0.95402	0.96132	
2006-12-16T07:00:00	0.95497	0.95917	0.94987	0.95647	0.95412	0.95832	0.94902	0.95562	
2006-12-09T07:00:00	0.94677	0.95787	0.94237	0.95497	0.94592	0.95702	0.94152	0.95412	
2006-12-02T07:00:00	0.94097	0.94807	0.93577	0.94677	0.94012	0.94722	0.93492	0.94592	
2006-11-25T07:00:00	0.94237	0.95177	0.93767	0.94097	0.94152	0.95092	0.93682	0.94012	
2006-11-18T07:00:00	0.95717	0.95977	0.94017	0.94237	0.95632	0.95892	0.93932	0.94152	
2006-11-11T07:00:00	0.95327	0.96097	0.94697	0.95717	0.95242	0.96012	0.94612	0.95632	
2006-11-04T07:00:00	0.96547	0.96997	0.94977	0.95327	0.96462	0.96912	0.94892	0.95242	
2006-10-28T06:00:00	0.95987	0.96777	0.95867	0.96547	0.95902	0.96692	0.95782	0.96462	
2006-10-21T06:00:00	0.95607	0.96537	0.95437	0.95987	0.95522	0.96452	0.95352	0.95902	
2006-10-14T06:00:00	0.95707	0.96107	0.95347	0.95607	0.95622	0.96022	0.95262	0.95522	
2006-10-07T06:00:00	0.93627	0.95857	0.93487	0.95707	0.93632	0.95772	0.93402	0.95622	
2006-09-30T06:00:00	0.93237	0.93757	0.92537	0.93627	0.93152	0.93762	0.92452	0.93632	
2006-09-23T06:00:00	0.92757	0.93757	0.92537	0.93237	0.92672	0.93672	0.92452	0.93152	
2006-09-16T06:00:00	0.94557	0.94847	0.92607	0.92757	0.94472	0.94762	0.92522	0.92672	
2006-09-09T06:00:00	0.94077	0.94917	0.93327	0.94557	0.93992	0.94832	0.93242	0.94472	
2006-09-02T06:00:00	0.94357	0.95327	0.94007	0.94077	0.94272	0.95242	0.93922	0.93992	
2006-08-26T06:00:00	0.93757	0.94587	0.93477	0.94357	0.93672	0.94512	0.93402	0.94272	
2006-08-19T06:00:00	0.93597	0.94607	0.93077	0.93757	0.93522	0.94522	0.92992	0.93672	
2006-08-12T06:00:00	0.95147	0.95407	0.93447	0.93597	0.95152	0.95322	0.93372	0.93522	
2006-08-05T06:00:00	0.93527	0.95267	0.92877	0.95147	0.93532	0.95272	0.92882	0.95152	
2006-07-29T06:00:00	0.94617	0.94657	0.93367	0.93527	0.94622	0.94662	0.93372	0.93532	
2006-07-22T06:00:00	0.92947	0.95087	0.92947	0.94617	0.92952	0.95002	0.92872	0.94622	
2006-07-15T06:00:00	0.92897	0.93917	0.92767	0.92947	0.92902	0.93922	0.92682	0.92952	
2006-07-08T06:00:00	0.91897	0.93197	0.91717	0.92897	0.91902	0.93202	0.91722	0.92902	
2006-07-01T06:00:00	0.90807	0.92057	0.90807	0.91897	0.90812	0.91982	0.90722	0.91902	
2006-06-24T06:00:00	0.91307	0.91727	0.90587	0.90807	0.91312	0.91732	0.90592	0.90812	
2006-06-17T06:00:00	0.90887	0.91767	0.90657	0.91307	0.90892	0.91772	0.90662	0.91312	
2006-06-10T06:00:00	0.92177	0.92367	0.90487	0.90887	0.92092	0.92372	0.90492	0.90892	
2006-06-03T06:00:00	0.90817	0.92487	0.89847	0.92177	0.90742	0.92412	0.89772	0.92092	
2006-05-27T06:00:00	0.92997	0.93097	0.90597	0.90817	0.92922	0.93012	0.90522	0.90742	
2006-05-20T06:00:00	0.92157	0.93217	0.90447	0.92997	0.92082	0.93132	0.90362	0.92922	
2006-05-13T06:00:00	0.92647	0.93057	0.91927	0.92157	0.92572	0.92982	0.91842	0.92082	
2006-05-06T06:00:00	0.94667	0.95027	0.92557	0.92647	0.94582	0.94942	0.92482	0.92572	
2006-04-29T06:00:00	0.94247	0.95457	0.93797	0.94667	0.94162	0.95372	0.93712	0.94582	
2006-04-22T06:00:00	0.95057	0.95837	0.94017	0.94247	0.94972	0.95752	0.93932	0.94162	
2006-04-15T06:00:00	0.94597	0.95237	0.93987	0.95057	0.94512	0.95162	0.93912	0.94972	
2006-04-08T06:00:00	0.94527	0.95437	0.94227	0.94597	0.94452	0.95352	0.94152	0.94512	
2006-04-01T07:00:00	0.93317	0.94927	0.92777	0.94527	0.93232	0.94842	0.92692	0.94452	
2006-03-25T07:00:00	0.93047	0.93467	0.91827	0.93317	0.92962	0.93382	0.91742	0.93232	
2006-03-18T07:00:00	0.93747	0.94297	0.92717	0.93047	0.93752	0.94212	0.92632	0.92962	
2006-03-11T07:00:00	0.96307	0.96637	0.93627	0.93747	0.96312	0.96642	0.93632	0.93752	
2006-03-04T07:00:00	0.96667	0.96747	0.95767	0.96307	0.96582	0.96752	0.95692	0.96312	
2006-02-25T07:00:00	0.97387	0.98057	0.96527	0.96667	0.97392	0.97972	0.96442	0.96582	
2006-02-18T07:00:00	0.96897	0.97417	0.96257	0.97387	0.96812	0.97422	0.96262	0.97392	
2006-02-11T07:00:00	0.96477	0.97237	0.96227	0.96897	0.96392	0.97152	0.96142	0.96812	
2006-02-04T07:00:00	0.97017	0.97057	0.95567	0.96477	0.96932	0.96972	0.95482	0.96392	
2006-01-28T07:00:00	0.96467	0.97307	0.96027	0.97017	0.96392	0.97222	0.95942	0.96932	
2006-01-21T07:00:00	0.95527	0.96527	0.94417	0.96467	0.95442	0.96442	0.94332	0.96392	
2006-01-14T07:00:00	0.96417	0.96807	0.95297	0.95527	0.96342	0.96722	0.95212	0.95442	
2006-01-07T07:00:00	0.95817	0.96887	0.95597	0.96417	0.95732	0.96812	0.95512	0.96342	
2005-12-31T07:00:00	0.96357	0.96667	0.95057	0.95817	0.96272	0.96582	0.94972	0.95732	
2005-12-24T07:00:00	0.95647	0.96807	0.95237	0.96357	0.95562	0.96732	0.95152	0.96272	
2005-12-17T07:00:00	0.95977	0.96607	0.95387	0.95647	0.95892	0.96522	0.95302	0.95562	
2005-12-10T07:00:00	0.97817	0.98017	0.95777	0.95977	0.97732	0.97942	0.95702	0.95892	
2005-12-03T07:00:00	0.98647	0.98857	0.97297	0.97817	0.98562	0.98772	0.97212	0.97732	
2005-11-26T07:00:00	0.97097	0.98777	0.96597	0.98647	0.97012	0.98692	0.96512	0.98562	
2005-11-19T07:00:00	0.96427	0.97447	0.96247	0.97097	0.96432	0.97362	0.96162	0.97012	
2005-11-12T07:00:00	0.96127	0.97017	0.95697	0.96427	0.96042	0.97022	0.95702	0.96432	
2005-11-05T07:00:00	0.96247	0.96257	0.96077	0.96127	0.96162	0.96172	0.96002	0.96042	
2005-10-29T06:00:00	0.96017	0.96527	0.94607	0.95657	0.96022	0.96532	0.94612	0.95662	
2005-10-22T06:00:00	0.96687	0.97047	0.95637	0.96017	0.96692	0.97052	0.95642	0.96022	
2005-10-15T06:00:00	0.96477	0.97657	0.96327	0.96687	0.96482	0.97662	0.96332	0.96692	
2005-10-08T06:00:00	0.96647	0.97597	0.96197	0.96477	0.96652	0.97602	0.96202	0.96482	
2005-10-01T06:00:00	0.98677	0.99437	0.96087	0.96647	0.98682	0.99442	0.96092	0.96652	
2005-09-24T06:00:00	0.97787	0.98877	0.97357	0.98677	0.97792	0.98882	0.97362	0.98682	
2005-09-17T06:00:00	0.97387	0.98527	0.97087	0.97787	0.97392	0.98532	0.97092	0.97792	
2005-09-10T06:00:00	0.96217	0.97637	0.96117	0.97387	0.96222	0.97642	0.96122	0.97392	
2005-09-03T06:00:00	0.94047	0.96277	0.93797	0.96217	0.94052	0.96282	0.93802	0.96222	
2005-08-27T06:00:00	0.95087	0.95427	0.93727	0.94047	0.95092	0.95432	0.93732	0.94052	
2005-08-20T06:00:00	0.95687	0.96277	0.94967	0.95087	0.95692	0.96282	0.94972	0.95092	
2005-08-13T06:00:00	0.96377	0.96847	0.95387	0.95687	0.96382	0.96852	0.95392	0.95692	
2005-08-06T06:00:00	0.96927	0.97187	0.95537	0.96377	0.96932	0.97192	0.95542	0.96382	
2005-07-30T06:00:00	0.97517	0.97837	0.96777	0.96927	0.97522	0.97842	0.96782	0.96932	
2005-07-23T06:00:00	0.99017	0.99067	0.97377	0.97517	0.99022	0.99072	0.97382	0.97522	
2005-07-16T06:00:00	0.97047	0.99237	0.96627	0.99017	0.97052	0.99242	0.96632	0.99022	
2005-07-09T06:00:00	0.96387	0.97197	0.95777	0.97047	0.96392	0.97202	0.95782	0.97052	
2005-07-02T06:00:00	0.97337	0.97827	0.95507	0.96387	0.97342	0.97832	0.95512	0.96392	
2005-06-25T06:00:00	0.97947	0.98187	0.97047	0.97337	0.97952	0.98192	0.97052	0.97342	
2005-06-18T06:00:00	0.97707	0.99257	0.97667	0.97947	0.97712	0.99262	0.97672	0.97952	
2005-06-11T06:00:00	0.96577	0.98627	0.96377	0.97707	0.96582	0.98632	0.96382	0.97712	
2005-06-04T06:00:00	0.94747	0.96787	0.94487	0.96577	0.94752	0.96792	0.94492	0.96582	
2005-05-28T06:00:00	0.93877	0.94897	0.93477	0.94747	0.93882	0.94902	0.93482	0.94752	
2005-05-21T06:00:00	0.93197	0.94047	0.93057	0.93877	0.93202	0.94052	0.93062	0.93882	
2005-05-14T06:00:00	0.93067	0.93327	0.92147	0.93197	0.93072	0.93332	0.92152	0.93202	
2005-05-07T06:00:00	0.93547	0.93777	0.92917	0.93067	0.93552	0.93782	0.92922	0.93072	
2005-04-30T06:00:00	0.93307	0.93697	0.92257	0.93547	0.93312	0.93702	0.92262	0.93552	
2005-04-23T06:00:00	0.92347	0.93487	0.92017	0.93307	0.92352	0.93492	0.92022	0.93312	
2005-04-16T06:00:00	0.92227	0.92537	0.90727	0.92347	0.92232	0.92542	0.90732	0.92352	
2005-04-09T06:00:00	0.92467	0.94027	0.92147	0.92227	0.92472	0.94032	0.92152	0.92232	
2005-04-02T07:00:00	0.92717	0.92997	0.91887	0.92467	0.92722	0.93002	0.91892	0.92472	
2005-03-26T07:00:00	0.92547	0.93027	0.91687	0.92717	0.92552	0.93032	0.91692	0.92722	
2005-03-19T07:00:00	0.92507	0.93397	0.92137	0.92547	0.92512	0.93402	0.92142	0.92552	
2005-03-12T07:00:00	0.91127	0.92597	0.90967	0.92507	0.91132	0.92602	0.90972	0.92512	
2005-03-05T07:00:00	0.92407	0.93227	0.90787	0.91127	0.92412	0.93232	0.90792	0.91132	
2005-02-26T07:00:00	0.91417	0.92827	0.90957	0.92407	0.91422	0.92832	0.90962	0.92412	
2005-02-19T07:00:00	0.93187	0.93587	0.91207	0.91417	0.93192	0.93592	0.91212	0.91422	
2005-02-12T07:00:00	0.95077	0.95167	0.92687	0.93187	0.95082	0.95172	0.92692	0.93192	
2005-02-05T07:00:00	0.93207	0.95157	0.92827	0.95077	0.93212	0.95162	0.92832	0.95082	
2005-01-29T07:00:00	0.91777	0.93397	0.91587	0.93207	0.91782	0.93402	0.91592	0.93212	
2005-01-22T07:00:00	0.91137	0.92237	0.90687	0.91777	0.91142	0.92242	0.90692	0.91782	
2005-01-15T07:00:00	0.89557	0.91437	0.88957	0.91137	0.89562	0.91442	0.88962	0.91142	
2005-01-08T07:00:00	0.89627	0.90307	0.88977	0.89557	0.89632	0.90312	0.88982	0.89562	
2005-01-01T07:00:00	0.88967	0.90677	0.88487	0.89627	0.88972	0.90682	0.88492	0.89632	
2004-12-25T07:00:00	0.87817	0.89147	0.87547	0.88967	0.87822	0.89152	0.87552	0.88972	
2004-12-18T07:00:00	0.88407	0.88607	0.87317	0.87817	0.88412	0.88612	0.87322	0.87822	
2004-12-11T07:00:00	0.87167	0.88487	0.86767	0.88407	0.87172	0.88492	0.86772	0.88412	
2004-12-04T07:00:00	0.88347	0.88637	0.86517	0.87167	0.88352	0.88642	0.86522	0.87172	
2004-11-27T07:00:00	0.89997	0.90237	0.87747	0.88347	0.90002	0.90242	0.87752	0.88352	
2004-11-20T07:00:00	0.90967	0.91237	0.89847	0.89997	0.90972	0.91242	0.89852	0.90002	
2004-11-13T07:00:00	0.90087	0.91457	0.89887	0.90967	0.90092	0.91462	0.89892	0.90972	
2004-11-06T07:00:00	0.89797	0.90467	0.89177	0.90087	0.89802	0.90472	0.89182	0.90092	
2004-10-30T06:00:00	0.89357	0.90607	0.89217	0.89797	0.89362	0.90612	0.89222	0.89802	
2004-10-23T06:00:00	0.89597	0.90407	0.89097	0.89357	0.89602	0.90412	0.89102	0.89362	
2004-10-16T06:00:00	0.90037	0.90307	0.89087	0.89597	0.90042	0.90312	0.89092	0.89602	
2004-10-09T06:00:00	0.91887	0.92197	0.89927	0.90037	0.91892	0.92202	0.89932	0.90042	
2004-10-02T06:00:00	0.90707	0.92067	0.90027	0.91887	0.90712	0.92072	0.90032	0.91892	
2004-09-25T06:00:00	0.90087	0.90797	0.89497	0.90707	0.90092	0.90802	0.89502	0.90712	
2004-09-18T06:00:00	0.88457	0.90197	0.87857	0.90087	0.88462	0.90202	0.87862	0.90092	
2004-09-11T06:00:00	0.87467	0.88987	0.87347	0.88457	0.87472	0.88992	0.87352	0.88462	
2004-09-04T06:00:00	0.87757	0.88257	0.86457	0.87467	0.87762	0.88262	0.86462	0.87472	
2004-08-28T06:00:00	0.90137	0.90187	0.87027	0.87757	0.90142	0.90192	0.87032	0.87762	
2004-08-21T06:00:00	0.90397	0.90997	0.89197	0.90137	0.90402	0.91002	0.89202	0.90142	
2004-08-14T06:00:00	0.88767	0.90667	0.88527	0.90397	0.88772	0.90672	0.88532	0.90402	
2004-08-07T06:00:00	0.89207	0.90227	0.88667	0.88767	0.89212	0.90232	0.88672	0.88772	
2004-07-31T06:00:00	0.89837	0.90517	0.88137	0.89207	0.89842	0.90522	0.88142	0.89212	
2004-07-24T06:00:00	0.89847	0.90097	0.88727	0.89837	0.89852	0.90102	0.88732	0.89842	
2004-07-17T06:00:00	0.89547	0.90607	0.88657	0.89847	0.89552	0.90612	0.88662	0.89852	
2004-07-10T06:00:00	0.88397	0.89817	0.88177	0.89547	0.88402	0.89822	0.88182	0.89552	
2004-07-03T06:00:00	0.87847	0.88847	0.87407	0.88397	0.87852	0.88852	0.87412	0.88402	
2004-06-26T06:00:00	0.87427	0.88307	0.86567	0.87847	0.87432	0.88312	0.86572	0.87852	
2004-06-19T06:00:00	0.85767	0.87647	0.85487	0.87427	0.85772	0.87652	0.85492	0.87432	
2004-06-12T06:00:00	0.87007	0.87777	0.84807	0.85767	0.87012	0.87782	0.84812	0.85772	
2004-06-05T06:00:00	0.86107	0.87507	0.86047	0.87007	0.86112	0.87512	0.86052	0.87012	
2004-05-29T06:00:00	0.89497	0.89877	0.85647	0.86107	0.89502	0.89882	0.85652	0.86112	
2004-05-22T06:00:00	0.89417	0.90347	0.88857	0.89497	0.89422	0.90352	0.88862	0.89502	
2004-05-15T06:00:00	0.89677	0.89847	0.86637	0.89417	0.89682	0.89852	0.86642	0.89422	
2004-05-08T06:00:00	0.91547	0.91837	0.89007	0.89677	0.91552	0.91842	0.89012	0.89682	
2004-05-01T06:00:00	0.93447	0.94057	0.91337	0.91547	0.93452	0.94062	0.91342	0.91552	
2004-04-24T06:00:00	0.96257	0.96657	0.92637	0.93447	0.96262	0.96662	0.92642	0.93452	
2004-04-17T06:00:00	0.96307	0.96647	0.94917	0.96257	0.96312	0.96652	0.94922	0.96262	
2004-04-10T06:00:00	0.97797	0.98697	0.94937	0.96307	0.97802	0.98702	0.94942	0.96312	
2004-04-03T07:00:00	0.97617	0.98857	0.97277	0.97797	0.97622	0.98862	0.97282	0.97802	
2004-03-27T07:00:00	0.95907	0.98127	0.95457	0.97617	0.95912	0.98132	0.95462	0.97622	
2004-03-20T07:00:00	0.94987	0.96137	0.94117	0.95907	0.94992	0.96142	0.94122	0.95912	
2004-03-13T07:00:00	0.93907	0.95187	0.93087	0.94987	0.93912	0.95192	0.93092	0.94992	
2004-03-06T07:00:00	0.97017	0.97657	0.92307	0.93907	0.97022	0.97662	0.92312	0.93912	
2004-02-28T07:00:00	0.97597	0.99417	0.96407	0.97017	0.97602	0.99422	0.96412	0.97022	
2004-02-21T07:00:00	0.97027	0.97997	0.96487	0.97597	0.97032	0.98002	0.96492	0.97602	
2004-02-14T07:00:00	0.97767	0.98257	0.96567	0.97027	0.97772	0.98262	0.96572	0.97032	
2004-02-07T07:00:00	0.94997	0.97797	0.94647	0.97767	0.95002	0.97802	0.94652	0.97772	
2004-01-31T07:00:00	0.96007	0.96177	0.94587	0.94997	0.96012	0.96182	0.94592	0.95002	
2004-01-24T07:00:00	0.95947	0.97237	0.94907	0.96007	0.95952	0.97242	0.94912	0.96012	
2004-01-17T07:00:00	0.96767	0.96797	0.95397	0.95947	0.96772	0.96802	0.95402	0.95952	
2004-01-10T07:00:00	0.94717	0.97067	0.94547	0.96767	0.94722	0.97072	0.94552	0.96772	
2004-01-03T07:00:00	0.93867	0.95797	0.93607	0.94717	0.93872	0.95802	0.93612	0.94722	
2003-12-27T07:00:00	0.92857	0.93997	0.92507	0.93867	0.92862	0.94002	0.92512	0.93872	
2003-12-20T07:00:00	0.92467	0.93207	0.91737	0.92857	0.92472	0.93212	0.91742	0.92862	
2003-12-13T07:00:00	0.93617	0.94397	0.92177	0.92467	0.93622	0.94402	0.92182	0.92472	
2003-12-06T07:00:00	0.93817	0.94377	0.93177	0.93617	0.93822	0.94382	0.93182	0.93622	
2003-11-29T07:00:00	0.93467	0.95127	0.93087	0.93817	0.93472	0.95132	0.93092	0.93822	
2003-11-22T07:00:00	0.93897	0.95067	0.92977	0.93467	0.93902	0.95072	0.92982	0.93472	
2003-11-15T07:00:00	0.95537	0.95607	0.93337	0.93897	0.95542	0.95612	0.93342	0.93902	
2003-11-08T07:00:00	0.96507	0.98247	0.95427	0.95537	0.96512	0.98252	0.95432	0.95542	
2003-11-01T07:00:00	0.94837	0.97607	0.94417	0.96507	0.94842	0.97612	0.94422	0.96512	
2003-10-25T06:00:00	0.91667	0.94907	0.91487	0.94837	0.91672	0.94912	0.91492	0.94842	
2003-10-18T06:00:00	0.91967	0.93407	0.91177	0.91667	0.91972	0.93412	0.91182	0.91672	
2003-10-11T06:00:00	0.90627	0.92487	0.90517	0.91967	0.90632	0.92492	0.90522	0.91972	
2003-10-04T06:00:00	0.90547	0.91377	0.90137	0.90627	0.90552	0.91382	0.90142	0.90632	
2003-09-27T06:00:00	0.90547	0.90987	0.89267	0.90547	0.90552	0.90992	0.89272	0.90552	
2003-09-20T06:00:00	0.91847	0.92677	0.90437	0.90547	0.91852	0.92682	0.90442	0.90552	
2003-09-13T06:00:00	0.91327	0.92677	0.91127	0.91847	0.91332	0.92682	0.91132	0.91852	
2003-09-06T06:00:00	0.89557	0.91927	0.89447	0.91327	0.89562	0.91932	0.89452	0.91332	
2003-08-30T06:00:00	0.90527	0.90967	0.89417	0.89557	0.90532	0.90972	0.89422	0.89562	
2003-08-23T06:00:00	0.92337	0.92767	0.89857	0.90527	0.92342	0.92772	0.89862	0.90532	
2003-08-16T06:00:00	0.90377	0.92517	0.90377	0.92337	0.90382	0.92522	0.90382	0.92342	
2003-08-09T06:00:00	0.88707	0.90887	0.88457	0.90377	0.88712	0.90892	0.88462	0.90382	
2003-08-02T06:00:00	0.88877	0.89017	0.86417	0.88707	0.88882	0.89022	0.86422	0.88712	
2003-07-26T06:00:00	0.89127	0.89917	0.88417	0.88877	0.89132	0.89922	0.88422	0.88882	
2003-07-19T06:00:00	0.88187	0.89907	0.87837	0.89127	0.88192	0.89912	0.87842	0.89132	
2003-07-12T06:00:00	0.90637	0.91107	0.87797	0.88187	0.90642	0.91112	0.87802	0.88192	
2003-07-05T06:00:00	0.91547	0.93357	0.87877	0.90637	0.91552	0.93362	0.87882	0.90642	
2003-06-28T06:00:00	0.89887	0.92227	0.89767	0.91547	0.89892	0.92232	0.89772	0.91552	
2003-06-21T06:00:00	0.88757	0.90257	0.87627	0.89887	0.88762	0.90262	0.87632	0.89892	
2003-06-14T06:00:00	0.86767	0.89427	0.86467	0.88757	0.86772	0.89432	0.86472	0.88762	
2003-06-07T06:00:00	0.86887	0.87627	0.85897	0.86767	0.86892	0.87632	0.85902	0.86772	
2003-05-31T06:00:00	0.84987	0.87827	0.84407	0.86887	0.84992	0.87832	0.84412	0.86892	
2003-05-24T06:00:00	0.84887	0.85257	0.83337	0.84987	0.84892	0.85262	0.83342	0.84992	
2003-05-17T06:00:00	0.85247	0.85627	0.84407	0.84887	0.85252	0.85632	0.84412	0.84892	
2003-05-10T06:00:00	0.84667	0.85317	0.84197	0.85247	0.84672	0.85322	0.84202	0.85252	
2003-05-03T06:00:00	0.84707	0.85477	0.83877	0.84667	0.84712	0.85482	0.83882	0.84672	
2003-04-26T06:00:00	0.83847	0.85247	0.83567	0.84707	0.83852	0.85252	0.83572	0.84712	
2003-04-19T06:00:00	0.84807	0.85467	0.83637	0.83847	0.84812	0.85472	0.83642	0.83852	
2003-04-12T06:00:00	0.84227	0.84927	0.83547	0.84807	0.84232	0.84932	0.83552	0.84812	
2003-04-05T07:00:00	0.83197	0.84497	0.82907	0.84227	0.83202	0.84502	0.82912	0.84232	
2003-03-29T07:00:00	0.82267	0.83467	0.81367	0.83197	0.82272	0.83472	0.81372	0.83202	
2003-03-22T07:00:00	0.82787	0.83217	0.81877	0.82267	0.82792	0.83222	0.81882	0.82272	
2003-03-15T07:00:00	0.81727	0.82917	0.81087	0.82787	0.81732	0.82922	0.81092	0.82792	
2003-03-08T07:00:00	0.81937	0.81947	0.78787	0.81727	0.81942	0.81952	0.78792	0.81732	
2003-03-01T07:00:00	0.82207	0.82947	0.81557	0.81937	0.82212	0.82952	0.81562	0.81942	
2003-02-22T07:00:00	0.81497	0.82557	0.81237	0.82207	0.81502	0.82562	0.81242	0.82212	
2003-02-15T07:00:00	0.80577	0.81527	0.80477	0.81497	0.80582	0.81532	0.80482	0.81502	
2003-02-08T07:00:00	0.79907	0.80967	0.79867	0.80577	0.79912	0.80972	0.79872	0.80582	
2003-02-01T07:00:00	0.79997	0.80477	0.79357	0.79907	0.80002	0.80482	0.79362	0.79912	
2003-01-25T07:00:00	0.80117	0.80417	0.79367	0.79997	0.80122	0.80422	0.79372	0.80002	
2003-01-18T07:00:00	0.80947	0.81127	0.79717	0.80117	0.80952	0.81132	0.79722	0.80122	
2003-01-11T07:00:00	0.80497	0.81547	0.80247	0.80947	0.80502	0.81552	0.80252	0.80952	
2003-01-04T07:00:00	0.79327	0.80767	0.79167	0.80497	0.79332	0.80772	0.79172	0.80502	
2002-12-28T07:00:00	0.77937	0.79387	0.77147	0.79327	0.77942	0.79392	0.77152	0.79332	
2002-12-21T07:00:00	0.80077	0.80267	0.77917	0.77937	0.80082	0.80272	0.77922	0.77942	
2002-12-14T07:00:00	0.81517	0.81947	0.79637	0.80077	0.81522	0.81952	0.79642	0.80082	
2002-12-07T07:00:00	0.81687	0.82407	0.81247	0.81517	0.81692	0.82412	0.81252	0.81522	
2002-11-30T07:00:00	0.83107	0.83777	0.81467	0.81687	0.83112	0.83782	0.81472	0.81692	
2002-11-23T07:00:00	0.83167	0.83627	0.82557	0.83107	0.83172	0.83632	0.82562	0.83112	
2002-11-16T07:00:00	0.81767	0.83297	0.80927	0.83167	0.81772	0.83302	0.80932	0.83172	
2002-11-09T07:00:00	0.81467	0.82427	0.80717	0.81767	0.81472	0.82432	0.80722	0.81772	
2002-11-02T07:00:00	0.81957	0.82767	0.81387	0.81467	0.81962	0.82772	0.81392	0.81472	
2002-10-26T06:00:00	0.83427	0.83937	0.81367	0.81957	0.83432	0.83942	0.81372	0.81962	
2002-10-19T06:00:00	0.83127	0.84097	0.82687	0.83427	0.83132	0.84102	0.82692	0.83432	
2002-10-12T06:00:00	0.81457	0.83447	0.80547	0.83127	0.81462	0.83452	0.80552	0.83132	
2002-10-05T06:00:00	0.81517	0.82257	0.80667	0.81457	0.81522	0.82262	0.80672	0.81462	
2002-09-28T06:00:00	0.81167	0.81707	0.79577	0.81517	0.81172	0.81712	0.79582	0.81522	
2002-09-21T06:00:00	0.81387	0.82087	0.80777	0.81167	0.81392	0.82092	0.80782	0.81172	
2002-09-14T06:00:00	0.83107	0.83817	0.81167	0.81387	0.83112	0.83822	0.81172	0.81392	
2002-09-07T06:00:00	0.81177	0.83227	0.81027	0.83107	0.81182	0.83232	0.81032	0.83112	
2002-08-31T06:00:00	0.82357	0.82627	0.79087	0.81177	0.82362	0.82632	0.79092	0.81182	
2002-08-24T06:00:00	0.82077	0.83597	0.81867	0.82357	0.82082	0.83602	0.81872	0.82362	
2002-08-17T06:00:00	0.81177	0.82537	0.80777	0.82077	0.81182	0.82542	0.80782	0.82082	
2002-08-10T06:00:00	0.80477	0.81647	0.79117	0.81177	0.80482	0.81652	0.79122	0.81182	
2002-08-03T06:00:00	0.79107	0.81017	0.77887	0.80477	0.79112	0.81022	0.77892	0.80482	
2002-07-27T06:00:00	0.78307	0.81437	0.78307	0.79107	0.78312	0.81442	0.78312	0.79112	
2002-07-20T06:00:00	0.80007	0.80537	0.77667	0.78307	0.80012	0.80542	0.77672	0.78312	
2002-07-13T06:00:00	0.82877	0.83017	0.79797	0.80007	0.82882	0.83022	0.79802	0.80012	
2002-07-06T06:00:00	0.83847	0.84717	0.82457	0.82877	0.83852	0.84722	0.82462	0.82882	
2002-06-29T06:00:00	0.83417	0.84147	0.82737	0.83847	0.83422	0.84152	0.82742	0.83852	
2002-06-22T06:00:00	0.86627	0.87217	0.82977	0.83417	0.86632	0.87222	0.82982	0.83422	
2002-06-15T06:00:00	0.87397	0.87797	0.86587	0.86627	0.87402	0.87802	0.86592	0.86632	
2002-06-08T06:00:00	0.89027	0.89447	0.86637	0.87397	0.89032	0.89452	0.86642	0.87402	
2002-06-01T06:00:00	0.89087	0.90267	0.88667	0.89027	0.89092	0.90272	0.88672	0.89032	
2002-05-25T06:00:00	0.88047	0.89197	0.87817	0.89087	0.88052	0.89202	0.87822	0.89092	
2002-05-18T06:00:00	0.87307	0.88087	0.86777	0.88047	0.87312	0.88092	0.86782	0.88052	
2002-05-11T06:00:00	0.86657	0.88537	0.86397	0.87307	0.86662	0.88542	0.86402	0.87312	
2002-05-04T06:00:00	0.85567	0.87127	0.85357	0.86657	0.85572	0.87132	0.85362	0.86662	
2002-04-27T06:00:00	0.88107	0.88407	0.85437	0.85567	0.88112	0.88412	0.85442	0.85572	
2002-04-20T06:00:00	0.88797	0.89587	0.88097	0.88107	0.88802	0.89592	0.88102	0.88112	
2002-04-13T06:00:00	0.89027	0.89097	0.88317	0.88797	0.89032	0.89102	0.88322	0.88802	
2002-04-06T07:00:00	0.88307	0.89407	0.87777	0.89027	0.88312	0.89412	0.87782	0.89032	
2002-03-30T07:00:00	0.89637	0.89827	0.87797	0.88307	0.89642	0.89832	0.87802	0.88312	
2002-03-23T07:00:00	0.88397	0.90077	0.87537	0.89637	0.88402	0.90082	0.87542	0.89642	
2002-03-16T07:00:00	0.87047	0.88857	0.86627	0.88397	0.87052	0.88862	0.86632	0.88402	
2002-03-09T07:00:00	0.88107	0.88187	0.86307	0.87047	0.88112	0.88192	0.86312	0.87052	
2002-03-02T07:00:00	0.88637	0.89087	0.87187	0.88107	0.88642	0.89092	0.87192	0.88112	
2002-02-23T07:00:00	0.86577	0.88837	0.86377	0.88637	0.86582	0.88842	0.86382	0.88642	
2002-02-16T07:00:00	0.87727	0.88177	0.86277	0.86577	0.87732	0.88182	0.86282	0.86582	
2002-02-09T07:00:00	0.86227	0.88147	0.85477	0.87727	0.86232	0.88152	0.85482	0.87732	
2002-02-02T07:00:00	0.87097	0.87677	0.85607	0.86227	0.87102	0.87682	0.85612	0.86232	
2002-01-26T07:00:00	0.87967	0.88427	0.85787	0.87097	0.87972	0.88432	0.85792	0.87102	
2002-01-19T07:00:00	0.85427	0.88207	0.85237	0.87967	0.85432	0.88212	0.85242	0.87972	
2002-01-12T07:00:00	0.86267	0.86647	0.84927	0.85427	0.86272	0.86652	0.84932	0.85432	
2002-01-05T07:00:00	0.85977	0.87547	0.85207	0.86267	0.85982	0.87552	0.85212	0.86272	
2001-12-29T07:00:00	0.85627	0.86037	0.83827	0.85977	0.85632	0.86042	0.83832	0.85982	
2001-12-22T07:00:00	0.83987	0.86037	0.83597	0.85627	0.83992	0.86042	0.83602	0.85632	
2001-12-15T07:00:00	0.84587	0.84937	0.82197	0.83987	0.84592	0.84942	0.82202	0.83992	
2001-12-08T07:00:00	0.85237	0.86157	0.84337	0.84587	0.85242	0.86162	0.84342	0.84592	
2001-12-01T07:00:00	0.85567	0.86287	0.84687	0.85237	0.85572	0.86292	0.84692	0.85242	
2001-11-24T07:00:00	0.86367	0.86457	0.85167	0.85567	0.86372	0.86462	0.85172	0.85572	
