日時	AUD/JPY(始値, 買い)	AUD/JPY(高値, 買い)	AUD/JPY(安値, 買い)	AUD/JPY(終値, 買い)	AUD/JPY(始値, 売り)	AUD/JPY(高値, 売り)	AUD/JPY(安値, 売り)	AUD/JPY(終値, 売り)	
2014-02-01T07:00:00	89.369	90.907	88.249	90.461	89.293	90.896	88.235	90.448	
2014-01-25T07:00:00	88.898	91.123	88.491	89.369	88.761	91.110	88.439	89.293	
2014-01-18T07:00:00	91.657	92.700	88.545	88.898	91.534	92.695	88.532	88.761	
2014-01-11T07:00:00	93.731	93.865	91.414	91.657	93.670	93.852	91.402	91.534	
2014-01-04T07:00:00	93.870	94.081	92.939	93.731	93.732	94.069	92.927	93.670	
2013-12-28T07:00:00	93.271	94.079	92.906	93.870	93.212	94.068	92.893	93.732	
2013-12-21T07:00:00	92.915	93.556	92.788	93.271	92.785	93.542	92.755	93.212	
2013-12-14T07:00:00	92.634	93.024	91.077	92.915	92.523	93.010	91.049	92.785	
2013-12-07T07:00:00	93.713	94.234	91.797	92.634	93.655	94.223	91.784	92.523	
2013-11-30T07:00:00	93.324	94.033	91.795	93.713	93.167	94.019	91.782	93.655	
2013-11-23T07:00:00	92.928	93.585	92.258	93.324	92.836	93.574	92.245	93.167	
2013-11-16T07:00:00	93.909	94.614	92.546	92.928	93.818	94.608	92.534	92.836	
2013-11-09T07:00:00	93.038	94.013	92.316	93.909	92.926	94.001	92.307	93.818	
2013-11-02T06:00:00	93.182	94.173	92.348	93.038	93.115	94.161	92.340	92.926	
2013-10-26T06:00:00	93.393	93.986	92.675	93.182	93.299	93.973	92.662	93.115	
2013-10-19T06:00:00	94.657	95.692	93.004	93.393	94.575	95.682	92.993	93.299	
2013-10-12T06:00:00	93.317	94.679	92.458	94.657	93.281	94.675	92.388	94.575	
2013-10-05T06:00:00	91.943	93.448	90.997	93.317	91.924	93.438	90.988	93.281	
2013-09-28T06:00:00	91.596	92.403	90.747	91.943	91.531	92.390	90.726	91.924	
2013-09-21T06:00:00	93.443	93.585	91.389	91.596	93.338	93.573	91.379	91.531	
2013-09-14T06:00:00	91.885	94.494	91.734	93.443	91.826	94.444	91.630	93.338	
2013-09-07T06:00:00	91.061	93.586	91.329	91.885	90.978	93.564	91.316	91.826	
2013-08-31T06:00:00	87.495	91.738	87.766	91.061	87.340	91.718	87.740	90.978	
2013-08-24T06:00:00	89.113	89.276	86.476	87.495	89.052	89.263	86.462	87.340	
2013-08-17T06:00:00	89.649	90.138	87.420	89.113	89.583	90.125	87.398	89.052	
2013-08-10T06:00:00	88.543	90.083	88.069	89.649	88.437	90.070	88.054	89.583	
2013-08-03T06:00:00	88.124	88.777	86.414	88.543	88.065	88.764	86.403	88.437	
2013-07-27T06:00:00	91.105	91.085	87.284	88.124	91.039	91.059	87.216	88.065	
2013-07-20T06:00:00	92.395	92.745	90.576	91.105	92.336	92.733	90.566	91.039	
2013-07-13T06:00:00	89.766	92.572	89.920	92.395	89.740	92.557	89.908	92.336	
2013-07-06T06:00:00	91.813	93.081	89.704	89.766	91.710	93.068	89.687	89.740	
2013-06-29T06:00:00	90.692	92.433	90.166	91.813	90.514	92.419	90.149	91.710	
2013-06-22T06:00:00	90.340	91.699	89.588	90.692	90.158	91.687	89.568	90.514	
2013-06-15T06:00:00	90.133	91.566	89.111	90.340	89.991	91.553	89.094	90.158	
2013-06-08T06:00:00	92.635	93.808	88.942	90.133	92.552	93.795	88.918	89.991	
2013-06-01T06:00:00	96.216	97.375	90.557	92.635	96.091	97.364	90.541	92.552	
2013-05-25T06:00:00	97.804	99.098	96.072	96.216	97.674	99.045	96.056	96.091	
2013-05-18T06:00:00	100.481	100.972	97.141	97.804	100.441	100.960	97.118	97.674	
2013-05-11T06:00:00	101.914	102.085	99.597	100.481	101.801	102.032	99.589	100.441	
2013-05-04T06:00:00	102.180	102.347	100.413	101.914	102.125	102.250	100.400	101.801	
2013-04-27T06:00:00	100.870	102.340	99.296	102.180	100.808	102.325	99.281	102.125	
2013-04-20T06:00:00	102.308	102.945	100.318	100.870	102.249	102.932	100.304	100.808	
2013-04-13T06:00:00	103.463	103.848	98.773	102.308	103.356	103.834	98.710	102.249	
2013-04-06T06:00:00	101.362	105.438	101.362	103.463	101.308	105.429	101.308	103.356	
2013-03-30T06:00:00	98.158	101.744	96.924	101.362	98.107	101.731	96.905	101.308	
2013-03-23T06:00:00	98.770	99.407	97.736	98.158	98.727	99.393	97.722	98.107	
2013-03-16T06:00:00	99.196	99.790	97.302	98.770	99.156	99.777	97.284	98.727	
2013-03-09T07:00:00	98.322	99.983	97.952	99.196	98.252	99.976	97.863	99.156	
2013-03-02T07:00:00	95.494	99.092	94.453	98.322	95.460	99.026	94.438	98.252	
2013-02-23T07:00:00	96.400	97.785	92.976	95.494	96.378	97.714	92.957	95.460	
2013-02-16T07:00:00	96.398	97.088	95.072	96.400	96.341	97.073	95.059	96.378	
2013-02-09T07:00:00	95.709	96.984	95.189	96.398	95.628	96.970	95.174	96.341	
2013-02-02T07:00:00	96.648	97.447	95.140	95.709	96.579	97.434	95.128	95.628	
2013-01-26T07:00:00	94.685	96.735	94.103	96.648	94.658	96.722	94.092	96.579	
2013-01-19T07:00:00	94.654	95.103	92.813	94.685	94.630	95.092	92.803	94.658	
2013-01-12T07:00:00	94.057	95.032	92.479	94.654	93.956	95.020	92.468	94.630	
2013-01-05T07:00:00	92.424	94.537	91.200	94.057	92.349	94.525	91.188	93.956	
2012-12-29T07:00:00	89.259	92.489	88.843	92.424	89.130	92.475	88.655	92.349	
2012-12-22T07:00:00	87.704	89.843	87.676	89.259	87.585	89.819	87.585	89.130	
2012-12-15T07:00:00	88.267	89.043	87.548	87.704	88.209	88.988	87.531	87.585	
2012-12-08T07:00:00	86.537	88.541	86.057	88.267	86.484	88.528	86.044	88.209	
2012-12-01T07:00:00	86.016	86.726	85.394	86.537	85.969	86.716	85.381	86.484	
2012-11-24T07:00:00	86.265	86.445	85.246	86.016	86.142	86.433	85.233	85.969	
2012-11-17T07:00:00	84.095	86.265	84.095	86.265	84.069	86.251	84.069	86.142	
2012-11-10T07:00:00	82.538	84.181	82.380	84.095	82.499	84.166	82.364	84.069	
2012-11-03T06:00:00	83.225	84.162	81.978	82.538	83.194	84.151	81.966	82.499	
2012-10-27T06:00:00	82.655	83.837	81.989	83.225	82.613	83.831	81.977	83.194	
2012-10-20T06:00:00	81.978	83.490	81.643	82.655	81.943	83.477	81.630	82.613	
2012-10-13T06:00:00	80.261	82.526	79.971	81.978	80.244	82.515	79.957	81.943	
2012-10-06T06:00:00	80.097	80.799	79.415	80.261	80.068	80.787	79.403	80.244	
2012-09-29T06:00:00	80.908	81.252	79.742	80.097	80.869	81.237	79.731	80.068	
2012-09-22T06:00:00	81.749	81.873	80.236	80.908	81.721	81.721	80.227	80.869	
2012-09-15T06:00:00	82.717	83.012	80.970	81.749	82.682	82.996	80.956	81.721	
2012-09-08T06:00:00	81.311	83.085	80.729	82.717	81.271	83.077	80.674	82.682	
2012-09-01T06:00:00	80.944	81.783	79.684	81.311	80.836	81.770	79.673	81.271	
2012-08-25T06:00:00	81.884	82.125	80.661	80.944	81.830	82.079	80.649	80.836	
2012-08-18T06:00:00	82.917	83.580	81.505	81.884	82.846	83.570	81.493	81.830	
2012-08-11T06:00:00	82.795	83.517	82.235	82.917	82.759	83.501	82.223	82.846	
2012-08-04T06:00:00	82.956	83.374	82.255	82.795	82.880	83.360	82.242	82.759	
2012-07-28T06:00:00	82.301	83.106	81.578	82.956	82.166	83.094	81.561	82.880	
2012-07-21T06:00:00	81.508	82.383	79.544	82.301	81.375	82.369	79.478	82.166	
2012-07-14T06:00:00	81.110	82.125	80.444	81.508	80.928	82.109	80.459	81.375	
2012-07-07T06:00:00	81.361	81.806	80.057	81.110	81.330	81.789	80.044	80.928	
2012-06-30T06:00:00	81.857	82.370	81.052	81.361	81.728	82.357	81.035	81.330	
2012-06-23T06:00:00	80.999	81.955	79.322	81.857	80.893	81.924	79.307	81.728	
2012-06-16T06:00:00	79.377	81.586	79.344	80.999	79.268	81.573	79.268	80.893	
2012-06-09T06:00:00	78.868	79.727	78.101	79.377	78.758	79.698	78.080	79.268	
2012-06-02T06:00:00	75.704	79.724	75.251	78.868	75.600	79.713	75.231	78.758	
2012-05-26T06:00:00	77.798	78.672	74.479	75.704	77.692	78.656	74.454	75.600	
2012-05-19T06:00:00	77.826	79.185	76.873	77.798	77.725	79.175	76.858	77.692	
2012-05-12T06:00:00	80.157	80.393	77.554	77.826	80.047	80.378	77.541	77.725	
2012-05-05T06:00:00	81.398	81.710	79.738	80.157	81.282	81.696	79.720	80.047	
2012-04-28T06:00:00	84.087	84.153	81.201	81.398	83.984	84.133	81.178	81.282	
2012-04-21T06:00:00	84.661	84.752	82.880	84.087	84.549	84.733	82.863	83.984	
2012-04-14T06:00:00	83.979	84.764	82.890	84.661	83.874	84.752	82.873	84.549	
2012-04-07T06:00:00	84.113	84.824	82.502	83.979	84.000	84.811	82.485	83.874	
2012-03-31T06:00:00	85.793	86.851	83.683	84.113	85.694	86.808	83.666	84.000	
2012-03-24T06:00:00	86.270	87.587	84.614	85.793	86.154	87.573	84.601	85.694	
2012-03-17T06:00:00	88.394	88.643	85.191	86.270	88.284	88.627	85.170	86.154	
2012-03-10T07:00:00	87.275	88.593	86.099	88.394	87.159	88.582	86.083	88.284	
2012-03-03T07:00:00	87.841	87.945	84.819	87.275	87.742	87.923	84.805	87.159	
2012-02-25T07:00:00	86.901	88.014	85.628	87.841	86.796	88.002	85.612	87.742	
2012-02-18T07:00:00	85.204	86.901	84.730	86.901	85.090	86.834	84.714	86.796	
2012-02-11T07:00:00	82.918	85.509	82.774	85.204	82.806	85.496	82.759	85.090	
2012-02-04T07:00:00	82.549	83.873	81.891	82.918	82.510	83.860	81.882	82.806	
2012-01-28T07:00:00	81.844	82.623	80.524	82.549	81.642	82.612	80.512	82.510	
2012-01-21T07:00:00	80.822	82.856	80.500	81.844	80.660	82.842	80.482	81.642	
2012-01-14T07:00:00	79.561	80.886	78.816	80.822	79.362	80.870	78.801	80.660	
2012-01-07T07:00:00	78.740	79.768	78.101	79.561	78.585	79.756	78.086	79.362	
2011-12-31T07:00:00	78.532	79.739	78.434	78.740	78.340	79.714	78.340	78.585	
2011-12-24T07:00:00	79.312	79.384	78.186	78.532	79.182	79.305	78.175	78.340	
2011-12-17T07:00:00	77.697	79.518	77.114	79.312	77.550	79.502	77.100	79.182	
2011-12-10T07:00:00	79.417	79.417	76.993	77.697	79.218	79.273	76.978	77.550	
2011-12-03T07:00:00	79.644	80.204	78.047	79.417	79.632	80.190	78.033	79.218	
2011-11-26T07:00:00	75.421	80.549	75.421	79.644	75.387	80.528	75.387	79.632	
2011-11-19T07:00:00	76.943	76.994	74.793	75.421	76.926	76.969	74.776	75.387	
2011-11-12T07:00:00	79.322	80.037	76.606	76.943	79.297	79.904	76.590	76.926	
2011-11-05T06:00:00	81.222	81.492	78.064	79.322	81.231	81.467	78.042	79.297	
2011-10-29T06:00:00	81.155	83.973	79.654	81.222	81.136	83.970	79.638	81.231	
2011-10-22T06:00:00	78.831	81.629	78.386	81.155	78.806	81.615	78.371	81.136	
2011-10-15T06:00:00	79.879	80.290	77.642	78.831	79.861	80.275	77.623	78.806	
2011-10-08T06:00:00	75.200	79.895	74.903	79.879	75.176	79.877	74.826	79.861	
2011-10-01T06:00:00	74.601	75.893	72.066	75.200	74.584	75.889	72.047	75.176	
2011-09-24T06:00:00	74.868	76.696	73.399	74.601	74.829	76.680	73.381	74.584	
2011-09-17T06:00:00	79.685	79.685	73.652	74.868	79.601	79.601	73.631	74.829	
2011-09-10T06:00:00	81.024	81.024	78.103	79.685	81.001	81.001	78.087	79.601	
2011-09-03T06:00:00	81.895	82.459	80.505	81.024	81.846	82.442	80.487	81.001	
2011-08-27T06:00:00	81.112	82.836	81.033	81.895	81.089	82.823	80.979	81.846	
2011-08-20T06:00:00	79.606	81.287	79.539	81.112	79.582	81.273	79.500	81.089	
2011-08-13T06:00:00	79.542	81.172	78.866	79.606	79.511	81.155	78.847	79.582	
2011-08-06T06:00:00	82.096	82.096	76.533	79.542	82.074	82.074	76.508	79.511	
2011-07-30T06:00:00	84.494	86.195	81.423	82.096	84.466	86.177	81.408	82.074	
2011-07-23T06:00:00	85.192	86.159	84.254	84.494	85.164	86.144	84.237	84.466	
2011-07-16T06:00:00	84.272	85.363	83.545	85.192	84.230	85.360	83.529	85.164	
2011-07-09T06:00:00	86.778	86.778	83.214	84.272	86.746	86.746	83.147	84.230	
2011-07-02T06:00:00	87.141	87.879	86.288	86.778	87.118	87.730	86.272	86.746	
2011-06-25T06:00:00	84.524	87.258	84.069	87.141	84.479	87.239	84.044	87.118	
2011-06-18T06:00:00	84.950	85.361	84.097	84.524	84.928	85.345	84.080	84.479	
2011-06-11T06:00:00	84.736	86.406	84.497	84.950	84.734	86.393	84.472	84.928	
2011-06-04T06:00:00	86.055	86.467	84.434	84.736	85.966	86.452	84.422	84.734	
2011-05-28T06:00:00	86.465	87.619	84.976	86.055	86.434	87.604	84.966	85.966	
2011-05-21T06:00:00	87.191	87.211	85.479	86.465	87.127	87.127	85.465	86.434	
2011-05-14T06:00:00	85.434	87.556	84.941	87.191	85.410	87.545	84.926	87.127	
2011-05-07T06:00:00	86.143	88.118	84.898	85.434	86.122	88.103	84.881	85.410	
2011-04-30T06:00:00	88.968	89.322	84.333	86.143	88.945	89.301	84.318	86.122	
2011-04-23T06:00:00	88.027	89.608	87.232	88.968	87.997	89.588	87.212	88.945	
2011-04-16T06:00:00	87.700	88.583	86.000	88.027	87.680	88.566	85.983	87.997	
2011-04-09T06:00:00	89.716	90.041	86.883	87.700	89.671	90.023	86.860	87.680	
2011-04-02T06:00:00	87.289	89.947	86.711	89.716	87.270	89.933	86.696	89.671	
2011-03-26T06:00:00	83.549	87.607	83.266	87.289	83.532	87.594	83.186	87.270	
2011-03-19T06:00:00	80.381	83.633	80.323	83.549	80.356	83.621	80.252	83.532	
2011-03-12T07:00:00	83.154	83.219	74.503	80.381	83.134	83.210	74.032	80.356	
2011-03-05T07:00:00	83.459	83.800	81.967	83.154	83.440	83.751	81.947	83.134	
2011-02-26T07:00:00	83.094	84.013	82.634	83.459	83.079	83.996	82.619	83.440	
2011-02-19T07:00:00	84.322	84.456	81.905	83.094	84.302	84.361	81.887	83.079	
2011-02-12T07:00:00	83.620	84.483	83.361	84.322	83.599	84.468	83.292	84.302	
2011-02-05T07:00:00	83.370	83.745	82.951	83.620	83.352	83.730	82.930	83.599	
2011-01-29T07:00:00	81.532	83.524	80.990	83.370	81.500	83.511	80.977	83.352	
2011-01-22T07:00:00	81.746	82.506	81.321	81.532	81.720	82.491	81.302	81.500	
2011-01-15T07:00:00	82.136	82.794	81.529	81.746	82.118	82.782	81.511	81.720	
2011-01-08T07:00:00	82.753	82.973	81.594	82.136	82.729	82.965	81.575	82.118	
2011-01-01T07:00:00	83.032	83.389	81.965	82.753	83.012	83.369	81.954	82.729	
2010-12-25T07:00:00	83.277	83.370	82.640	83.025	83.250	83.355	82.632	83.005	
2010-12-18T07:00:00	82.893	83.629	82.745	83.277	82.874	83.593	82.729	83.250	
2010-12-11T07:00:00	82.728	83.699	82.610	82.893	82.697	83.683	82.578	82.874	
2010-12-04T07:00:00	82.117	82.838	81.419	82.728	82.084	82.825	81.402	82.697	
2010-11-27T07:00:00	81.126	82.349	79.765	82.117	81.090	82.287	79.750	82.084	
2010-11-20T07:00:00	82.286	83.015	80.463	81.126	82.257	83.000	80.447	81.090	
2010-11-13T07:00:00	81.613	82.816	81.157	82.286	81.536	82.799	81.140	82.257	
2010-11-06T06:00:00	82.573	83.015	80.358	81.357	82.541	82.856	80.339	81.330	
2010-10-30T06:00:00	78.873	82.664	78.873	82.573	78.836	82.653	78.836	82.541	
2010-10-23T06:00:00	79.859	80.578	78.193	78.873	79.836	80.561	78.181	78.836	
2010-10-16T06:00:00	80.554	80.890	78.706	79.859	80.529	80.857	78.685	79.836	
2010-10-09T06:00:00	81.033	81.369	79.993	80.554	81.006	81.349	79.984	80.529	
2010-10-02T06:00:00	81.058	81.837	79.783	81.033	81.031	81.823	79.526	81.006	
2010-09-25T06:00:00	80.876	81.393	80.435	81.058	80.849	81.373	80.413	81.031	
2010-09-18T06:00:00	80.321	81.432	79.839	80.876	80.299	81.421	79.806	80.849	
2010-09-11T06:00:00	78.027	81.316	77.458	80.321	78.004	81.309	77.446	80.299	
2010-09-04T06:00:00	77.404	78.101	75.938	78.027	77.383	78.086	75.924	78.004	
2010-08-28T06:00:00	76.736	78.070	74.535	77.404	76.709	78.053	74.516	77.383	
2010-08-21T06:00:00	76.434	76.821	73.581	76.736	76.411	76.800	73.566	76.709	
2010-08-14T06:00:00	77.014	77.723	75.487	76.434	76.984	77.699	75.470	76.411	
2010-08-07T06:00:00	78.502	78.835	75.857	77.014	78.476	78.820	75.837	76.984	
2010-07-31T06:00:00	78.159	79.316	77.701	78.502	78.129	79.309	77.687	78.476	
2010-07-24T06:00:00	78.357	79.441	77.353	78.159	78.335	79.426	77.345	78.129	
2010-07-17T06:00:00	75.438	78.402	74.702	78.357	75.416	78.380	74.682	78.335	
2010-07-10T06:00:00	77.828	78.872	75.045	75.438	77.800	78.854	75.022	75.416	
2010-07-03T06:00:00	73.992	77.903	72.733	77.828	73.966	77.889	72.709	77.800	
2010-06-26T06:00:00	78.170	78.441	72.695	73.992	78.138	78.424	72.679	73.966	
2010-06-19T06:00:00	78.923	80.877	77.004	78.170	78.938	80.856	76.983	78.138	
2010-06-12T06:00:00	77.904	79.592	77.494	78.923	77.919	79.607	77.509	78.938	
2010-06-05T06:00:00	75.363	77.984	73.650	77.904	75.378	77.999	73.665	77.919	
2010-05-29T06:00:00	76.957	78.991	74.998	75.363	76.916	79.006	75.013	75.378	
2010-05-22T06:00:00	74.840	78.053	72.069	76.957	74.817	78.034	72.050	76.916	
2010-05-15T06:00:00	81.803	81.868	71.912	74.840	81.781	81.839	71.881	74.817	
2010-05-08T06:00:00	81.013	84.778	81.013	81.803	81.000	84.757	81.000	81.781	
2010-05-01T06:00:00	86.869	87.975	76.993	81.013	86.852	87.952	76.828	81.000	
2010-04-24T06:00:00	87.171	88.084	84.998	86.869	87.136	88.055	84.977	86.852	
2010-04-17T06:00:00	85.239	87.223	83.963	87.171	85.203	87.196	83.938	87.136	
2010-04-10T06:00:00	87.024	87.572	84.966	85.239	86.994	87.546	84.937	85.203	
2010-04-03T06:00:00	86.950	87.539	85.731	87.024	86.895	87.513	85.703	86.994	
2010-03-27T06:00:00	83.617	87.094	83.497	86.950	83.583	87.064	83.462	86.895	
2010-03-20T06:00:00	82.992	84.686	81.731	83.617	82.960	84.656	81.700	83.583	
2010-03-13T07:00:00	82.843	83.700	82.288	82.992	82.809	83.675	82.261	82.960	
2010-03-06T07:00:00	82.061	83.627	81.276	82.843	82.026	83.606	81.260	82.809	
2010-02-27T07:00:00	79.643	82.331	79.210	82.061	79.612	82.301	79.181	82.026	
2010-02-20T07:00:00	82.349	82.837	78.220	79.643	82.317	82.806	78.189	79.612	
2010-02-13T07:00:00	79.882	82.540	79.773	82.349	79.850	82.513	79.749	82.317	
2010-02-06T07:00:00	77.527	80.488	76.836	79.882	77.492	80.458	76.798	79.850	
2010-01-30T07:00:00	79.833	81.171	76.223	77.527	79.803	81.140	76.191	77.492	
2010-01-23T07:00:00	81.526	82.250	79.685	79.833	81.491	82.220	79.659	79.803	
2010-01-16T07:00:00	83.895	84.373	80.802	81.052	83.860	84.338	80.771	81.017	
2010-01-09T07:00:00	85.577	86.232	83.382	83.895	85.542	86.203	83.352	83.860	
2010-01-02T07:00:00	83.574	86.043	83.091	85.577	83.538	86.016	83.060	85.542	
2009-12-26T07:00:00	80.944	83.855	80.819	83.574	80.909	83.826	80.777	83.538	
2009-12-19T07:00:00	80.467	81.023	79.762	80.944	80.427	80.999	79.730	80.909	
2009-12-12T07:00:00	81.253	81.590	78.594	80.467	81.215	81.561	78.577	80.427	
2009-12-05T07:00:00	82.787	82.800	79.254	81.253	82.750	82.771	79.220	81.215	
2009-11-28T07:00:00	78.595	83.020	78.539	82.787	78.547	82.990	78.509	82.750	
2009-11-21T07:00:00	81.517	82.534	76.585	78.595	81.480	82.506	76.526	78.547	
2009-11-14T07:00:00	83.789	83.878	80.658	81.517	83.750	83.846	80.626	81.480	
2009-11-07T07:00:00	82.588	84.245	82.573	83.789	82.542	84.216	82.542	83.750	
2009-10-31T06:00:00	81.041	83.206	79.498	82.588	81.004	83.162	79.455	82.542	
2009-10-24T06:00:00	84.918	85.267	80.803	81.041	84.876	85.237	80.763	81.004	
2009-10-17T06:00:00	83.383	85.354	82.845	84.918	83.345	85.316	82.810	84.876	
2009-10-10T06:00:00	81.167	84.240	81.031	83.383	81.124	84.209	80.927	83.345	
2009-10-03T06:00:00	77.522	81.257	77.422	81.167	77.482	81.222	77.376	81.124	
2009-09-26T06:00:00	77.743	79.585	76.370	77.522	77.706	79.559	76.336	77.482	
2009-09-19T06:00:00	79.250	80.094	77.573	77.743	79.206	80.044	77.540	77.706	
2009-09-12T06:00:00	78.255	79.921	77.376	79.250	78.216	79.889	77.341	79.206	
2009-09-05T06:00:00	79.163	80.037	77.948	78.255	79.127	79.999	77.914	78.216	
2009-08-29T06:00:00	78.775	79.410	76.433	79.163	78.726	79.377	76.399	79.127	
2009-08-22T06:00:00	78.617	79.902	77.343	78.775	78.580	79.867	77.306	78.726	
2009-08-15T06:00:00	78.738	79.175	76.713	78.617	78.697	79.146	76.686	78.580	
2009-08-08T06:00:00	81.513	82.037	77.927	78.738	81.456	82.002	77.892	78.697	
2009-08-01T06:00:00	79.164	81.953	79.020	81.513	79.123	81.916	78.976	81.456	
2009-07-25T06:00:00	77.421	79.569	76.872	79.164	77.380	79.533	76.833	79.123	
2009-07-18T06:00:00	75.663	78.065	75.428	77.421	75.625	78.029	75.351	77.380	
2009-07-11T06:00:00	71.961	76.023	70.783	75.663	71.928	75.989	70.744	75.625	
2009-07-04T06:00:00	76.713	76.713	70.966	71.961	76.600	76.614	70.936	71.928	
2009-06-27T06:00:00	76.843	78.422	75.849	76.713	76.792	78.386	75.776	76.600	
2009-06-20T06:00:00	77.515	77.663	74.058	76.843	77.466	77.536	74.030	76.792	
2009-06-13T06:00:00	80.043	80.043	75.212	77.515	79.996	79.996	75.177	77.466	
2009-06-06T06:00:00	78.451	80.548	76.933	80.043	78.402	80.442	76.904	79.996	
2009-05-30T06:00:00	76.339	79.532	75.973	78.451	76.281	79.498	75.926	78.402	
2009-05-23T06:00:00	74.362	76.936	73.122	76.339	74.311	76.901	73.083	76.281	
2009-05-16T06:00:00	71.351	74.943	70.531	74.362	71.301	74.915	70.506	74.311	
2009-05-09T06:00:00	75.640	76.243	71.083	71.351	75.591	76.156	71.039	71.301	
2009-05-02T06:00:00	72.510	75.942	72.003	75.640	72.453	75.906	71.956	75.591	
2009-04-25T06:00:00	70.203	72.983	66.865	72.510	70.154	72.947	66.826	72.453	
2009-04-18T06:00:00	71.593	71.989	68.103	70.203	71.506	71.866	68.041	70.154	
2009-04-11T06:00:00	72.221	73.533	70.288	71.593	72.098	73.490	70.236	71.506	
2009-04-04T06:00:00	71.798	72.894	70.059	72.221	71.731	72.854	70.019	72.098	
2009-03-28T06:00:00	67.853	72.359	65.010	71.798	67.806	72.311	64.978	71.731	
2009-03-21T06:00:00	65.813	69.656	65.813	67.853	65.761	69.622	65.761	67.806	
2009-03-14T06:00:00	64.479	66.352	63.824	65.813	64.421	66.316	63.772	65.761	
2009-03-07T07:00:00	62.979	65.011	61.448	64.479	62.905	64.976	61.417	64.421	
2009-02-28T07:00:00	62.437	64.806	61.060	62.979	62.392	64.775	61.022	62.905	
2009-02-21T07:00:00	60.146	64.611	59.817	62.437	60.102	64.584	59.782	62.392	
2009-02-14T07:00:00	60.557	61.571	58.504	60.146	60.471	61.541	58.463	60.102	
2009-02-07T07:00:00	62.317	62.785	58.114	60.557	62.248	62.750	58.086	60.471	
2009-01-31T07:00:00	57.109	62.701	55.579	62.317	57.067	62.655	55.552	62.248	
2009-01-24T07:00:00	58.365	60.916	56.905	57.109	58.320	60.861	56.875	57.067	
2009-01-17T07:00:00	60.972	62.231	56.302	58.365	60.937	62.183	56.257	58.320	
2009-01-10T07:00:00	63.411	63.411	58.200	60.972	63.367	63.367	58.169	60.937	
2009-01-03T07:00:00	65.484	68.309	63.337	63.411	65.421	68.261	63.295	63.367	
2008-12-27T07:00:00	62.305	65.604	61.989	65.484	62.130	65.537	61.904	65.421	
2008-12-20T07:00:00	60.866	62.362	60.731	62.305	60.785	62.232	60.657	62.130	
2008-12-13T07:00:00	60.189	63.618	60.079	60.866	60.127	63.553	60.016	60.785	
2008-12-06T07:00:00	60.303	62.767	57.732	60.189	60.227	62.702	57.528	60.127	
2008-11-29T07:00:00	62.615	62.615	57.747	60.303	62.560	62.560	57.705	60.227	
2008-11-22T07:00:00	60.497	63.771	59.268	62.615	60.427	63.717	59.219	62.560	
2008-11-15T07:00:00	63.572	64.166	56.917	60.497	63.462	64.127	56.851	60.427	
2008-11-08T07:00:00	66.532	69.472	60.062	63.572	66.477	69.397	60.022	63.462	
2008-11-01T06:00:00	65.702	70.562	63.382	66.532	65.617	70.527	63.272	66.477	
2008-10-25T06:00:00	58.727	68.112	55.652	65.702	58.612	68.047	55.557	65.617	
2008-10-18T06:00:00	69.982	72.092	55.192	58.727	69.887	72.037	54.919	58.612	
2008-10-11T06:00:00	64.962	74.552	64.749	69.982	64.807	74.497	64.645	69.887	
2008-10-04T06:00:00	81.403	81.403	63.132	64.962	81.297	81.297	62.944	64.807	
2008-09-27T06:00:00	88.192	88.957	81.022	81.403	88.137	88.892	80.951	81.297	
2008-09-20T06:00:00	89.625	90.307	86.892	88.192	89.537	90.247	86.837	88.137	
2008-09-13T06:00:00	88.797	89.712	81.452	89.625	88.717	89.657	81.417	89.537	
2008-09-06T06:00:00	87.172	90.982	84.102	88.797	87.137	90.863	84.072	88.717	
2008-08-30T06:00:00	93.469	93.469	85.052	87.172	93.434	93.434	85.016	87.137	
2008-08-23T06:00:00	95.377	95.549	92.982	93.469	95.342	95.514	92.957	93.434	
2008-08-16T06:00:00	95.668	96.464	94.142	95.377	95.633	96.455	94.111	95.342	
2008-08-09T06:00:00	98.024	98.274	93.140	95.668	97.989	98.250	93.102	95.633	
2008-08-02T06:00:00	100.142	100.973	97.598	98.024	100.107	100.903	97.563	97.989	
2008-07-26T06:00:00	103.167	103.419	100.063	100.142	103.132	103.392	100.028	100.107	
2008-07-19T06:00:00	103.776	104.506	102.158	103.167	103.741	104.467	102.123	103.132	
2008-07-12T06:00:00	102.770	103.881	101.507	103.776	102.735	103.847	101.476	103.741	
2008-07-05T06:00:00	102.900	103.185	101.412	102.770	102.792	103.141	101.382	102.735	
2008-06-28T06:00:00	101.977	102.982	100.275	102.900	101.942	102.910	100.242	102.792	
2008-06-21T06:00:00	102.359	103.727	101.813	101.977	102.324	103.692	101.721	101.942	
2008-06-14T06:00:00	101.608	102.840	101.348	102.359	101.573	102.805	101.314	102.324	
2008-06-07T06:00:00	101.094	102.048	100.445	101.608	101.059	102.018	100.405	101.573	
2008-05-31T06:00:00	100.774	102.043	99.292	101.094	100.739	102.008	99.257	101.059	
2008-05-24T06:00:00	99.231	101.101	98.963	100.774	99.176	101.066	98.928	100.739	
2008-05-17T06:00:00	99.376	100.070	98.929	99.231	99.341	100.037	98.877	99.176	
2008-05-10T06:00:00	97.139	99.830	96.421	99.376	97.104	99.797	96.387	99.341	
2008-05-03T06:00:00	98.652	99.856	96.327	97.139	98.617	99.827	96.297	97.104	
2008-04-26T06:00:00	97.316	98.812	96.160	98.652	97.297	98.768	96.125	98.617	
2008-04-19T06:00:00	96.909	98.445	96.831	97.316	96.874	98.410	96.752	97.297	
2008-04-12T06:00:00	93.743	97.472	92.732	96.909	93.697	97.443	92.697	96.874	
2008-04-05T06:00:00	93.671	95.822	93.373	93.743	93.627	95.787	93.339	93.697	
2008-03-29T06:00:00	91.092	94.452	90.462	93.671	90.997	94.407	90.427	93.627	
2008-03-22T06:00:00	89.702	92.594	89.506	91.092	89.597	92.567	89.447	90.997	
2008-03-15T06:00:00	93.118	93.692	88.192	89.702	93.053	93.597	88.157	89.597	
2008-03-08T07:00:00	95.472	96.332	92.758	93.118	95.387	96.293	92.697	93.053	
2008-03-01T07:00:00	96.799	97.602	94.652	95.472	96.764	97.567	94.587	95.387	
2008-02-23T07:00:00	99.018	100.552	96.676	96.799	98.987	100.517	96.641	96.764	
2008-02-16T07:00:00	97.963	99.612	97.812	99.018	97.918	99.557	97.747	98.987	
2008-02-09T07:00:00	96.139	98.386	96.001	97.963	96.094	98.351	95.967	97.918	
2008-02-02T07:00:00	96.429	97.532	94.202	96.139	96.377	97.507	94.160	96.094	
2008-01-26T07:00:00	94.070	96.541	93.077	96.429	94.027	96.497	93.032	96.377	
2008-01-19T07:00:00	93.883	95.446	90.162	94.070	93.848	95.411	90.110	94.027	
2008-01-12T07:00:00	97.122	97.632	92.680	93.883	97.087	97.587	92.647	93.848	
2008-01-05T07:00:00	94.422	98.402	94.422	97.122	94.387	98.367	94.387	97.087	
2007-12-29T07:00:00	98.612	99.079	94.413	94.422	98.585	98.994	94.378	94.387	
2007-12-22T07:00:00	99.039	100.202	98.362	98.612	98.994	100.167	98.304	98.585	
2007-12-15T07:00:00	97.735	99.118	96.632	99.039	97.680	99.073	96.577	98.994	
2007-12-08T07:00:00	98.027	100.102	96.306	97.735	97.997	100.050	96.271	97.680	
2007-12-01T07:00:00	98.138	98.539	95.291	98.027	98.117	98.507	95.257	97.997	
2007-11-24T07:00:00	95.062	98.722	93.052	98.138	94.997	98.688	92.964	98.117	
2007-11-17T07:00:00	98.955	99.942	93.609	95.062	98.920	99.907	93.557	94.997	
2007-11-10T07:00:00	101.055	101.148	95.682	98.955	101.020	101.113	95.617	98.920	
2007-11-03T06:00:00	106.012	107.252	100.693	101.055	105.987	107.187	100.658	101.020	
2007-10-27T06:00:00	104.890	107.932	104.349	106.012	104.857	107.857	104.314	105.987	
2007-10-20T06:00:00	102.152	104.922	99.402	104.890	102.120	104.875	99.359	104.857	
2007-10-13T06:00:00	106.273	106.922	102.132	102.152	106.238	106.877	102.092	102.120	
2007-10-06T06:00:00	104.937	106.672	104.417	106.273	104.902	106.647	104.382	106.238	
2007-09-29T06:00:00	101.928	105.241	101.682	104.937	101.893	105.207	101.654	104.902	
2007-09-22T06:00:00	99.786	101.995	98.443	101.928	99.751	101.960	98.408	101.893	
2007-09-15T06:00:00	97.142	100.194	95.027	99.786	97.077	100.157	94.997	99.751	
2007-09-08T06:00:00	93.782	97.262	92.242	97.142	93.757	97.229	92.197	97.077	
2007-09-01T06:00:00	94.782	96.502	93.152	93.782	94.747	96.467	93.127	93.757	
2007-08-25T06:00:00	96.242	97.072	91.792	94.782	96.207	97.037	91.737	94.747	
2007-08-18T06:00:00	91.192	96.242	90.322	96.242	91.087	96.207	90.267	96.207	
2007-08-11T06:00:00	100.202	100.552	86.062	91.192	100.147	100.537	85.977	91.087	
2007-08-04T06:00:00	101.032	103.672	98.542	100.202	100.987	103.647	98.507	100.147	
2007-07-28T06:00:00	101.302	102.852	99.482	101.032	101.267	102.827	99.457	100.987	
2007-07-21T06:00:00	106.612	107.332	101.222	101.302	106.577	107.307	101.187	101.267	
2007-07-14T06:00:00	106.102	107.772	105.952	106.612	106.067	107.727	105.907	106.577	
2007-07-07T06:00:00	105.872	106.382	103.812	106.102	105.837	106.357	103.757	106.067	
2007-06-30T06:00:00	104.462	105.902	104.462	105.872	104.397	105.867	104.397	105.837	
2007-06-23T06:00:00	104.802	105.322	102.252	104.462	104.737	105.257	102.187	104.397	
2007-06-16T06:00:00	103.982	105.432	103.762	104.802	103.917	105.367	103.697	104.737	
2007-06-09T06:00:00	102.772	103.992	102.092	103.982	102.707	103.927	102.027	103.917	
2007-06-02T06:00:00	101.632	102.912	101.302	102.772	101.567	102.847	101.237	102.707	
2007-05-26T06:00:00	99.782	101.712	99.182	101.632	99.717	101.647	99.117	101.567	
2007-05-19T06:00:00	99.802	100.432	98.992	99.782	99.737	100.367	98.927	99.717	
2007-05-12T06:00:00	99.982	100.512	99.212	99.802	99.917	100.447	99.147	99.737	
2007-05-05T06:00:00	98.732	100.412	98.572	99.982	98.667	100.347	98.507	99.917	
2007-04-28T06:00:00	99.242	99.562	98.362	98.732	99.177	99.497	98.297	98.667	
2007-04-21T06:00:00	99.492	99.592	97.512	99.242	99.427	99.527	97.447	99.177	
2007-04-14T06:00:00	99.322	100.082	97.492	99.492	99.257	100.017	97.427	99.427	
2007-04-07T06:00:00	97.382	99.452	97.282	99.322	97.317	99.387	97.217	99.257	
2007-03-31T06:00:00	95.372	97.642	95.062	97.382	95.307	97.577	94.997	97.317	
2007-03-24T06:00:00	95.132	95.852	93.862	95.372	95.067	95.787	93.797	95.307	
2007-03-17T06:00:00	92.992	95.462	92.342	95.132	92.927	95.397	92.277	95.067	
2007-03-10T07:00:00	92.282	93.342	90.502	92.992	92.217	93.277	90.437	92.927	
2007-03-03T07:00:00	91.412	92.492	88.562	92.282	91.347	92.427	88.497	92.217	
2007-02-24T07:00:00	95.872	95.932	91.252	91.412	95.807	95.867	91.187	91.347	
2007-02-17T07:00:00	93.962	95.982	93.842	95.872	93.897	95.917	93.777	95.807	
2007-02-10T07:00:00	94.562	94.932	93.482	93.962	94.497	94.867	93.417	93.897	
2007-02-03T07:00:00	93.822	94.852	93.152	94.562	93.757	94.787	93.087	94.497	
2007-01-27T07:00:00	93.992	94.592	93.232	93.822	94.007	94.527	93.167	93.757	
2007-01-20T07:00:00	95.692	96.412	93.592	93.992	95.707	96.427	93.607	94.007	
2007-01-13T07:00:00	94.202	95.842	94.142	95.692	94.217	95.857	94.157	95.707	
2007-01-06T07:00:00	92.442	94.312	91.992	94.202	92.457	94.327	92.007	94.217	
2006-12-30T07:00:00	94.002	94.962	92.292	92.442	93.937	94.977	92.307	92.457	
2006-12-23T07:00:00	93.202	94.262	92.802	94.002	93.137	94.197	92.737	93.937	
2006-12-16T07:00:00	92.382	93.262	91.972	93.202	92.317	93.197	91.907	93.137	
2006-12-09T07:00:00	91.432	92.522	91.192	92.382	91.367	92.457	91.127	92.317	
2006-12-02T07:00:00	91.062	91.612	90.112	91.432	90.997	91.547	90.047	91.367	
2006-11-25T07:00:00	90.252	91.902	90.092	91.062	90.187	91.837	90.027	90.997	
2006-11-18T07:00:00	90.582	91.062	89.942	90.252	90.517	90.997	89.877	90.187	
2006-11-11T07:00:00	90.302	90.932	89.822	90.582	90.237	90.867	89.757	90.517	
2006-11-04T07:00:00	90.882	91.332	90.012	90.302	90.817	91.267	89.947	90.237	
2006-10-28T06:00:00	90.402	91.012	90.132	90.882	90.337	90.947	90.067	90.817	
2006-10-21T06:00:00	90.132	90.902	89.942	90.402	90.067	90.837	89.877	90.337	
2006-10-14T06:00:00	89.922	90.132	89.162	90.132	89.857	90.067	89.097	90.067	
2006-10-07T06:00:00	88.332	90.012	88.202	89.922	88.347	89.947	88.137	89.857	
2006-09-30T06:00:00	88.062	88.382	87.572	88.332	87.997	88.397	87.507	88.347	
2006-09-23T06:00:00	87.482	88.362	87.332	88.062	87.417	88.297	87.267	87.997	
2006-09-16T06:00:00	88.482	89.302	87.332	87.482	88.417	89.237	87.267	87.417	
2006-09-09T06:00:00	88.202	89.032	87.812	88.482	88.137	88.967	87.747	88.417	
2006-09-02T06:00:00	89.812	89.922	87.822	88.202	89.747	89.857	87.757	88.137	
2006-08-26T06:00:00	88.742	89.922	88.652	89.812	88.677	89.857	88.587	89.747	
2006-08-19T06:00:00	87.932	89.262	87.792	88.742	87.867	89.197	87.727	88.677	
2006-08-12T06:00:00	89.022	89.422	87.612	87.932	89.037	89.357	87.547	87.867	
2006-08-05T06:00:00	87.552	89.192	87.182	89.022	87.567	89.207	87.197	89.037	
2006-07-29T06:00:00	88.012	88.022	87.152	87.552	88.027	88.037	87.167	87.567	
2006-07-22T06:00:00	87.362	88.952	87.352	88.012	87.377	88.887	87.287	88.027	
2006-07-15T06:00:00	87.442	88.032	87.132	87.362	87.457	88.047	87.147	87.377	
2006-07-08T06:00:00	85.662	87.742	85.062	87.442	85.677	87.757	85.077	87.457	
2006-07-01T06:00:00	85.002	86.202	84.842	85.662	85.017	86.137	84.777	85.677	
2006-06-24T06:00:00	85.252	85.462	84.542	85.002	85.267	85.477	84.557	85.017	
2006-06-17T06:00:00	85.012	85.362	84.322	85.252	85.027	85.377	84.337	85.267	
2006-06-10T06:00:00	85.312	85.652	84.512	85.012	85.247	85.667	84.527	85.027	
2006-06-03T06:00:00	83.952	85.502	83.532	85.312	83.887	85.437	83.467	85.247	
2006-05-27T06:00:00	85.392	85.852	83.612	83.952	85.327	85.787	83.547	83.887	
2006-05-20T06:00:00	84.652	85.532	83.612	85.392	84.587	85.467	83.547	85.327	
2006-05-13T06:00:00	85.162	85.322	83.672	84.652	85.097	85.257	83.607	84.587	
2006-05-06T06:00:00	86.852	86.962	84.802	85.162	86.787	86.897	84.737	85.097	
2006-04-29T06:00:00	86.512	87.822	85.762	86.852	86.447	87.757	85.697	86.787	
2006-04-22T06:00:00	86.942	86.942	85.072	86.512	86.877	86.877	85.007	86.447	
2006-04-15T06:00:00	86.442	87.892	86.122	86.942	86.377	87.827	86.057	86.877	
2006-04-08T06:00:00	85.922	87.032	85.732	86.442	85.857	86.967	85.667	86.377	
2006-04-01T07:00:00	84.282	86.392	83.852	85.922	84.217	86.327	83.787	85.857	
2006-03-25T07:00:00	83.382	84.382	82.132	84.282	83.317	84.317	82.067	84.217	
2006-03-18T07:00:00	84.192	84.562	83.242	83.382	84.207	84.497	83.177	83.317	
2006-03-11T07:00:00	87.032	87.482	84.112	84.192	87.047	87.497	84.127	84.207	
2006-03-04T07:00:00	86.712	87.402	86.142	87.032	86.647	87.337	86.077	87.047	
2006-02-25T07:00:00	86.362	86.972	85.492	86.712	86.377	86.907	85.427	86.647	
2006-02-18T07:00:00	87.412	87.952	85.962	86.362	87.347	87.887	85.977	86.377	
2006-02-11T07:00:00	86.982	87.532	86.402	87.412	86.917	87.467	86.337	87.347	
2006-02-04T07:00:00	89.072	89.182	86.662	86.982	89.007	89.117	86.597	86.917	
2006-01-28T07:00:00	88.112	89.442	87.762	89.072	88.047	89.377	87.697	89.007	
2006-01-21T07:00:00	86.262	88.242	85.802	88.112	86.197	88.177	85.737	88.047	
2006-01-14T07:00:00	86.292	87.132	85.712	86.262	86.227	87.067	85.647	86.197	
2006-01-07T07:00:00	86.332	86.462	85.592	86.292	86.267	86.397	85.527	86.227	
2005-12-31T07:00:00	86.492	87.062	85.642	86.332	86.427	86.997	85.577	86.267	
2005-12-24T07:00:00	84.712	86.692	84.632	86.492	84.647	86.627	84.567	86.427	
2005-12-17T07:00:00	86.102	86.972	84.582	84.712	86.037	86.907	84.517	84.647	
2005-12-10T07:00:00	90.582	91.022	85.972	86.102	90.517	90.957	85.907	86.037	
2005-12-03T07:00:00	90.282	91.392	89.872	90.582	90.217	91.327	89.807	90.517	
2005-11-26T07:00:00	88.052	90.382	87.822	90.282	87.987	90.317	87.757	90.217	
2005-11-19T07:00:00	87.372	88.212	87.242	88.052	87.387	88.147	87.177	87.987	
2005-11-12T07:00:00	86.412	87.392	86.282	87.372	86.347	87.407	86.297	87.387	
2005-11-05T07:00:00	86.712	86.822	85.882	86.412	86.647	86.757	85.817	86.347	
2005-10-29T06:00:00	86.792	87.242	86.382	86.712	86.727	87.177	86.317	86.647	
2005-10-22T06:00:00	86.732	87.662	86.322	86.792	86.667	87.597	86.257	86.727	
2005-10-15T06:00:00	85.792	87.102	85.732	86.732	85.727	87.037	85.667	86.667	
2005-10-08T06:00:00	86.072	86.802	85.642	85.792	86.007	86.737	85.577	85.727	
2005-10-01T06:00:00	86.622	87.372	85.782	86.072	86.557	87.307	85.717	86.007	
2005-09-24T06:00:00	85.172	86.802	84.822	86.622	85.107	86.737	84.757	86.557	
2005-09-17T06:00:00	85.512	86.112	84.642	85.172	85.447	86.047	84.577	85.107	
2005-09-10T06:00:00	85.002	85.542	84.512	85.512	84.937	85.477	84.447	85.447	
2005-09-03T06:00:00	83.992	85.562	83.642	85.002	83.927	85.497	83.577	84.937	
2005-08-27T06:00:00	83.372	84.072	82.932	83.992	83.307	84.007	82.867	83.927	
2005-08-20T06:00:00	82.982	83.762	82.672	83.372	82.917	83.697	82.607	83.307	
2005-08-13T06:00:00	84.592	84.792	82.872	82.982	84.527	84.727	82.807	82.917	
2005-08-06T06:00:00	86.042	86.432	84.422	84.592	85.977	86.367	84.357	84.527	
2005-07-30T06:00:00	85.162	86.322	85.012	86.042	85.097	86.257	84.947	85.977	
2005-07-23T06:00:00	85.072	85.562	84.672	85.162	85.007	85.497	84.607	85.097	
2005-07-16T06:00:00	84.162	85.742	83.912	85.072	84.097	85.677	83.847	85.007	
2005-07-09T06:00:00	83.252	84.582	83.132	84.162	83.187	84.517	83.067	84.097	
2005-07-02T06:00:00	83.872	84.152	82.712	83.252	83.807	84.087	82.647	83.187	
2005-06-25T06:00:00	83.932	84.752	83.802	83.872	83.867	84.687	83.737	83.807	
2005-06-18T06:00:00	84.482	85.082	83.702	83.932	84.417	85.017	83.637	83.867	
2005-06-11T06:00:00	82.752	84.812	82.582	84.482	82.687	84.747	82.517	84.417	
2005-06-04T06:00:00	81.472	82.872	81.362	82.752	81.407	82.807	81.297	82.687	
2005-05-28T06:00:00	82.412	82.482	81.172	81.472	82.347	82.417	81.107	81.407	
2005-05-21T06:00:00	81.752	82.482	81.592	82.412	81.687	82.417	81.527	82.347	
2005-05-14T06:00:00	81.702	81.852	80.672	81.752	81.637	81.787	80.607	81.687	
2005-05-07T06:00:00	81.462	82.322	81.332	81.702	81.397	82.257	81.267	81.637	
2005-04-30T06:00:00	81.902	82.302	80.962	81.462	81.837	82.237	80.897	81.397	
2005-04-23T06:00:00	82.982	83.002	81.832	81.902	82.917	82.937	81.767	81.837	
2005-04-16T06:00:00	82.892	83.302	82.082	82.982	82.827	83.237	82.017	82.917	
2005-04-09T06:00:00	83.662	83.982	82.782	82.892	83.597	83.917	82.717	82.827	
2005-04-02T07:00:00	82.982	83.902	82.592	83.662	82.917	83.837	82.527	83.597	
2005-03-26T07:00:00	82.122	83.212	82.092	82.982	82.057	83.147	82.027	82.917	
2005-03-19T07:00:00	83.252	83.312	81.602	82.122	83.187	83.247	81.537	82.057	
2005-03-12T07:00:00	82.442	83.302	82.132	83.252	82.377	83.237	82.067	83.187	
2005-03-05T07:00:00	82.852	83.732	82.002	82.442	82.787	83.667	81.937	82.377	
2005-02-26T07:00:00	82.772	83.082	81.542	82.852	82.707	83.017	81.477	82.787	
2005-02-19T07:00:00	83.302	83.612	82.252	82.772	83.237	83.547	82.187	82.707	
2005-02-12T07:00:00	83.152	83.482	82.082	83.302	83.087	83.417	82.017	83.237	
2005-02-05T07:00:00	80.152	83.252	79.892	83.152	80.087	83.187	79.827	83.087	
2005-01-29T07:00:00	80.092	80.942	79.682	80.152	80.027	80.877	79.617	80.087	
2005-01-22T07:00:00	79.102	80.372	78.902	80.092	79.037	80.307	78.837	80.027	
2005-01-15T07:00:00	77.452	79.462	77.022	79.102	77.387	79.397	76.957	79.037	
2005-01-08T07:00:00	79.342	79.542	77.152	77.452	79.277	79.477	77.087	77.387	
2005-01-01T07:00:00	80.202	80.432	79.092	79.342	80.137	80.367	79.027	79.277	
2004-12-25T07:00:00	79.712	80.782	79.712	80.202	79.647	80.717	79.647	80.137	
2004-12-18T07:00:00	79.692	80.112	79.172	79.712	79.627	80.047	79.107	79.647	
2004-12-11T07:00:00	79.022	80.082	78.682	79.692	78.957	80.017	78.617	79.627	
2004-12-04T07:00:00	79.832	80.062	78.592	79.022	79.767	79.997	78.527	78.957	
2004-11-27T07:00:00	81.152	81.202	79.232	79.832	81.087	81.137	79.167	79.767	
2004-11-20T07:00:00	80.822	81.542	80.412	81.152	80.757	81.477	80.347	81.087	
2004-11-13T07:00:00	81.242	81.692	80.652	80.822	81.177	81.627	80.587	80.757	
2004-11-06T07:00:00	80.622	81.782	79.842	81.242	80.557	81.717	79.777	81.177	
2004-10-30T06:00:00	79.292	80.692	79.052	80.622	79.227	80.627	78.987	80.557	
2004-10-23T06:00:00	79.352	80.092	78.722	79.292	79.287	80.027	78.657	79.227	
2004-10-16T06:00:00	79.832	80.042	78.642	79.352	79.767	79.977	78.577	79.287	
2004-10-09T06:00:00	80.492	80.892	79.302	79.832	80.427	80.827	79.237	79.767	
2004-10-02T06:00:00	80.232	81.052	79.652	80.492	80.167	80.987	79.587	80.427	
2004-09-25T06:00:00	79.012	80.252	78.602	80.232	78.947	80.187	78.537	80.167	
2004-09-18T06:00:00	76.682	79.292	76.572	79.012	76.617	79.227	76.507	78.947	
2004-09-11T06:00:00	76.282	77.262	76.152	76.682	76.217	77.197	76.087	76.617	
2004-09-04T06:00:00	76.432	76.622	75.252	76.282	76.367	76.557	75.187	76.217	
2004-08-28T06:00:00	77.162	77.582	75.662	76.432	77.097	77.517	75.597	76.367	
2004-08-21T06:00:00	79.032	79.142	76.882	77.162	78.967	79.077	76.817	77.097	
2004-08-14T06:00:00	79.402	79.742	78.222	79.032	79.337	79.677	78.087	78.967	
2004-08-07T06:00:00	78.762	79.662	78.732	79.402	78.777	79.597	78.667	79.337	
2004-07-31T06:00:00	78.072	78.962	77.532	78.762	78.007	78.897	77.467	78.777	
2004-07-24T06:00:00	78.172	78.622	77.432	78.072	78.107	78.557	77.367	78.007	
2004-07-17T06:00:00	79.592	79.992	77.932	78.172	79.527	79.927	77.867	78.107	
2004-07-10T06:00:00	78.332	79.702	77.912	79.592	78.267	79.637	77.847	79.527	
2004-07-03T06:00:00	77.302	78.712	77.182	78.332	77.237	78.647	77.117	78.267	
2004-06-26T06:00:00	75.422	77.572	74.562	77.302	75.337	77.507	74.497	77.237	
2004-06-19T06:00:00	75.072	75.522	74.362	75.422	74.987	75.437	74.277	75.337	
2004-06-12T06:00:00	76.162	76.932	74.242	75.072	76.077	76.847	74.157	74.987	
2004-06-05T06:00:00	77.222	77.652	75.522	76.162	77.137	77.567	75.437	76.077	
2004-05-29T06:00:00	78.862	79.092	76.112	77.222	78.777	79.007	76.027	77.137	
2004-05-22T06:00:00	78.332	79.782	78.282	78.862	78.347	79.697	78.197	78.777	
2004-05-15T06:00:00	79.112	79.202	77.762	78.332	79.027	79.117	77.677	78.347	
2004-05-08T06:00:00	79.032	79.602	78.352	79.112	78.947	79.517	78.267	79.027	
2004-05-01T06:00:00	79.822	80.262	78.832	79.032	79.737	80.177	78.747	78.947	
2004-04-24T06:00:00	79.722	80.792	78.932	79.822	79.737	80.707	78.847	79.737	
2004-04-17T06:00:00	80.122	81.202	79.252	79.722	80.137	81.117	79.167	79.737	
2004-04-10T06:00:00	81.202	81.382	79.152	80.122	81.217	81.397	79.167	80.137	
2004-04-03T07:00:00	79.102	81.342	78.542	81.202	79.117	81.357	78.557	81.217	
2004-03-27T07:00:00	79.062	80.002	78.302	79.102	79.077	80.017	78.317	79.117	
2004-03-20T07:00:00	79.862	80.692	77.922	79.062	79.877	80.707	77.937	79.077	
2004-03-13T07:00:00	81.122	81.732	79.242	79.862	81.137	81.747	79.257	79.877	
2004-03-06T07:00:00	85.182	85.252	80.412	81.122	85.197	85.267	80.427	81.137	
2004-02-28T07:00:00	84.252	85.232	81.502	85.182	84.267	85.247	81.517	85.197	
2004-02-21T07:00:00	83.962	84.662	83.372	84.252	83.977	84.677	83.387	84.267	
2004-02-14T07:00:00	83.252	84.992	83.142	83.962	83.267	85.007	83.157	83.977	
2004-02-07T07:00:00	81.162	83.702	80.852	83.252	81.177	83.717	80.867	83.267	
2004-01-31T07:00:00	80.742	81.462	79.762	81.162	80.757	81.477	79.777	81.177	
2004-01-24T07:00:00	82.262	82.702	79.802	80.742	82.277	82.717	79.817	80.757	
2004-01-17T07:00:00	81.442	82.872	80.382	82.262	81.457	82.887	80.397	82.277	
2004-01-10T07:00:00	82.562	83.102	81.142	81.442	82.577	83.117	81.157	81.457	
2004-01-03T07:00:00	81.052	83.702	81.002	82.562	81.067	83.717	81.017	82.577	
2003-12-27T07:00:00	79.582	81.182	79.292	81.052	79.597	81.197	79.307	81.067	
2003-12-20T07:00:00	79.402	79.722	78.712	79.582	79.417	79.737	78.727	79.597	
2003-12-13T07:00:00	79.952	80.182	79.052	79.402	79.967	80.197	79.067	79.417	
2003-12-06T07:00:00	79.242	80.242	79.042	79.952	79.257	80.257	79.057	79.967	
2003-11-29T07:00:00	79.322	79.942	79.002	79.242	79.337	79.957	79.017	79.257	
2003-11-22T07:00:00	78.682	79.382	78.172	79.322	78.697	79.397	78.187	79.337	
2003-11-15T07:00:00	77.972	79.032	77.212	78.682	77.987	79.047	77.227	78.697	
2003-11-08T07:00:00	77.452	78.202	77.282	77.972	77.467	78.217	77.297	77.987	
2003-11-01T07:00:00	77.742	78.392	76.522	77.452	77.757	78.407	76.537	77.467	
2003-10-25T06:00:00	76.482	78.102	75.952	77.742	76.497	78.117	75.967	77.757	
2003-10-18T06:00:00	75.712	77.302	75.462	76.482	75.727	77.317	75.477	76.497	
2003-10-11T06:00:00	75.022	75.932	74.372	75.712	75.037	75.947	74.387	75.727	
2003-10-04T06:00:00	75.132	76.232	74.532	75.022	75.147	76.247	74.547	75.037	
2003-09-27T06:00:00	75.362	76.382	74.362	75.132	75.377	76.397	74.377	75.147	
2003-09-20T06:00:00	76.732	77.132	75.212	75.362	76.747	77.147	75.227	75.377	
2003-09-13T06:00:00	77.692	78.252	76.312	76.732	77.707	78.267	76.327	76.747	
2003-09-06T06:00:00	75.632	77.912	75.242	77.692	75.647	77.927	75.257	77.707	
2003-08-30T06:00:00	75.592	75.942	73.762	75.632	75.607	75.957	73.777	75.647	
2003-08-23T06:00:00	76.662	76.712	74.592	75.592	76.677	76.727	74.607	75.607	
2003-08-16T06:00:00	78.532	79.112	76.042	76.662	78.547	79.127	76.057	76.677	
2003-08-09T06:00:00	77.592	78.642	77.312	78.532	77.607	78.657	77.327	78.547	
2003-08-02T06:00:00	78.182	78.462	77.062	77.592	78.197	78.477	77.077	77.607	
2003-07-26T06:00:00	78.782	79.772	77.592	78.182	78.797	79.787	77.607	78.197	
2003-07-19T06:00:00	76.622	79.262	76.472	78.782	76.637	79.277	76.487	78.797	
2003-07-12T06:00:00	77.602	77.882	76.052	76.622	77.617	77.897	76.067	76.637	
2003-07-05T06:00:00	80.212	80.792	76.292	77.602	80.227	80.807	76.307	77.617	
2003-06-28T06:00:00	79.672	81.072	79.552	80.212	79.687	81.087	79.567	80.227	
2003-06-21T06:00:00	79.022	79.782	77.882	79.672	79.037	79.797	77.897	79.687	
2003-06-14T06:00:00	78.482	79.852	78.232	79.022	78.497	79.867	78.247	79.037	
2003-06-07T06:00:00	78.142	78.542	76.962	78.482	78.157	78.557	76.977	78.497	
2003-05-31T06:00:00	78.012	79.092	76.972	78.142	78.027	79.107	76.987	78.157	
2003-05-24T06:00:00	76.992	78.062	76.272	78.012	77.007	78.077	76.287	78.027	
2003-05-17T06:00:00	75.612	77.332	75.252	76.992	75.627	77.347	75.267	77.007	
2003-05-10T06:00:00	75.572	76.042	74.292	75.612	75.587	76.057	74.307	75.627	
2003-05-03T06:00:00	74.952	75.832	73.662	75.572	74.967	75.847	73.677	75.587	
2003-04-26T06:00:00	74.022	75.252	73.812	74.952	74.037	75.267	73.827	74.967	
2003-04-19T06:00:00	73.492	74.702	73.402	74.022	73.507	74.717	73.417	74.037	
2003-04-12T06:00:00	72.822	73.662	72.402	73.492	72.837	73.677	72.417	73.507	
2003-04-05T07:00:00	72.032	72.982	71.362	72.822	72.047	72.997	71.377	72.837	
2003-03-29T07:00:00	71.912	72.202	71.062	72.032	71.927	72.217	71.077	72.047	
2003-03-22T07:00:00	71.702	72.182	71.192	71.912	71.717	72.197	71.207	71.927	
2003-03-15T07:00:00	70.752	71.862	69.962	71.702	70.767	71.877	69.977	71.717	
2003-03-08T07:00:00	71.792	71.962	69.382	70.752	71.807	71.977	69.397	70.767	
2003-03-01T07:00:00	71.772	72.522	71.312	71.792	71.787	72.537	71.327	71.807	
2003-02-22T07:00:00	70.882	71.852	70.562	71.772	70.897	71.867	70.577	71.787	
2003-02-15T07:00:00	71.172	71.472	69.922	70.882	71.187	71.487	69.937	70.897	
2003-02-08T07:00:00	70.942	71.922	70.912	71.172	70.957	71.937	70.927	71.187	
2003-02-01T07:00:00	70.312	71.082	70.032	70.942	70.327	71.097	70.047	70.957	
2003-01-25T07:00:00	69.772	70.462	69.402	70.312	69.787	70.477	69.417	70.327	
2003-01-18T07:00:00	69.602	70.112	69.032	69.772	69.617	70.127	69.047	69.787	
2003-01-11T07:00:00	69.502	69.772	68.622	69.602	69.517	69.787	68.637	69.617	
2003-01-04T07:00:00	67.892	69.602	67.722	69.502	67.907	69.617	67.737	69.517	
2002-12-28T07:00:00	67.202	67.972	66.212	67.892	67.217	67.987	66.227	67.907	
2002-12-21T07:00:00	67.752	67.862	67.142	67.202	67.767	67.877	67.157	67.217	
2002-12-14T07:00:00	68.022	68.832	67.472	67.752	68.037	68.847	67.487	67.767	
2002-12-07T07:00:00	69.282	69.632	67.872	68.022	69.297	69.647	67.887	68.037	
2002-11-30T07:00:00	68.672	70.462	68.492	69.282	68.687	70.477	68.507	69.297	
2002-11-23T07:00:00	69.152	69.482	67.382	68.672	69.167	69.497	67.397	68.687	
2002-11-16T07:00:00	67.832	69.262	67.682	69.152	67.847	69.277	67.697	69.167	
2002-11-09T07:00:00	67.622	68.012	66.712	67.832	67.637	68.027	66.727	67.847	
2002-11-02T07:00:00	68.272	68.872	67.552	67.622	68.287	68.887	67.567	67.637	
2002-10-26T06:00:00	68.962	69.472	67.592	68.272	68.977	69.487	67.607	68.287	
2002-10-19T06:00:00	68.952	69.662	68.442	68.962	68.967	69.677	68.457	68.977	
2002-10-12T06:00:00	68.172	69.042	67.502	68.952	68.187	69.057	67.517	68.967	
2002-10-05T06:00:00	67.312	68.452	67.182	68.172	67.327	68.467	67.197	68.187	
2002-09-28T06:00:00	66.662	67.372	65.732	67.312	66.677	67.387	65.747	67.327	
2002-09-21T06:00:00	67.312	67.592	66.202	66.662	67.327	67.607	66.217	66.677	
2002-09-14T06:00:00	67.002	67.642	65.982	67.312	67.017	67.657	65.997	67.327	
2002-09-07T06:00:00	64.732	67.332	64.602	67.002	64.747	67.347	64.617	67.017	
2002-08-31T06:00:00	65.122	65.222	63.632	64.732	65.137	65.237	63.647	64.747	
2002-08-24T06:00:00	64.882	65.982	64.662	65.122	64.897	65.997	64.677	65.137	
2002-08-17T06:00:00	64.162	65.182	64.012	64.882	64.177	65.197	64.027	64.897	
2002-08-10T06:00:00	64.252	64.652	62.412	64.162	64.267	64.667	62.427	64.177	
2002-08-03T06:00:00	64.022	64.732	62.902	64.252	64.037	64.747	62.917	64.267	
2002-07-27T06:00:00	63.512	65.732	63.462	64.022	63.527	65.747	63.477	64.037	
2002-07-20T06:00:00	64.382	64.582	62.252	63.512	64.397	64.597	62.267	63.527	
2002-07-13T06:00:00	65.352	65.582	63.872	64.382	65.367	65.597	63.887	64.397	
2002-07-06T06:00:00	66.952	67.242	64.792	65.352	66.967	67.257	64.807	65.367	
2002-06-29T06:00:00	67.532	67.852	66.452	66.952	67.447	67.767	66.467	66.967	
2002-06-22T06:00:00	69.622	70.502	66.712	67.532	69.537	70.417	66.627	67.447	
2002-06-15T06:00:00	69.622	71.052	69.072	69.622	69.537	70.967	68.987	69.537	
2002-06-08T06:00:00	71.202	71.932	69.212	69.622	71.117	71.847	69.127	69.537	
2002-06-01T06:00:00	70.582	71.782	70.252	71.202	70.497	71.697	70.167	71.117	
2002-05-25T06:00:00	69.502	70.672	69.342	70.582	69.417	70.587	69.257	70.497	
2002-05-18T06:00:00	69.702	69.972	68.672	69.502	69.617	69.887	68.587	69.417	
2002-05-11T06:00:00	69.592	70.622	69.242	69.702	69.507	70.537	69.157	69.617	
2002-05-04T06:00:00	68.522	69.982	68.522	69.592	68.437	69.897	68.437	69.507	
2002-04-27T06:00:00	69.522	69.742	68.202	68.522	69.437	69.657	68.117	68.437	
2002-04-20T06:00:00	70.462	70.672	69.492	69.522	70.377	70.587	69.407	69.437	
2002-04-13T06:00:00	70.632	70.702	69.622	70.462	70.547	70.617	69.537	70.377	
2002-04-06T07:00:00	69.902	70.902	69.062	70.632	69.817	70.817	68.977	70.547	
2002-03-30T07:00:00	70.812	71.642	69.742	69.902	70.727	71.557	69.657	69.817	
2002-03-23T07:00:00	70.482	71.122	69.792	70.812	70.397	71.037	69.707	70.727	
2002-03-16T07:00:00	67.932	70.912	67.882	70.482	67.847	70.827	67.797	70.397	
2002-03-09T07:00:00	67.312	68.032	66.592	67.932	67.227	67.947	66.507	67.847	
2002-03-02T07:00:00	69.352	69.652	66.542	67.312	69.267	69.567	66.457	67.227	
2002-02-23T07:00:00	68.812	69.512	68.542	69.352	68.727	69.427	68.457	69.267	
2002-02-16T07:00:00	68.642	69.542	68.482	68.812	68.557	69.457	68.397	68.727	
2002-02-09T07:00:00	68.832	69.272	67.102	68.642	68.747	69.187	67.017	68.557	
2002-02-02T07:00:00	67.652	69.012	67.462	68.832	67.567	68.927	67.377	68.747	
2002-01-26T07:00:00	69.492	69.732	67.032	67.652	69.407	69.647	66.947	67.567	
2002-01-19T07:00:00	68.282	70.232	67.982	69.492	68.197	70.147	67.897	69.407	
2002-01-12T07:00:00	68.822	68.842	67.552	68.282	68.737	68.757	67.467	68.197	
2002-01-05T07:00:00	68.182	69.962	67.762	68.822	68.097	69.877	67.677	68.737	
2001-12-29T07:00:00	67.172	68.312	66.892	68.182	67.087	68.227	66.807	68.097	
2001-12-22T07:00:00	65.952	67.332	65.672	67.172	65.867	67.247	65.587	67.087	
2001-12-15T07:00:00	66.212	66.642	64.812	65.952	66.127	66.557	64.727	65.867	
2001-12-08T07:00:00	64.582	66.462	64.582	66.212	64.497	66.377	64.497	66.127	
2001-12-01T07:00:00	64.442	65.032	63.542	64.582	64.357	64.947	63.457	64.497	
2001-11-24T07:00:00	64.422	65.022	63.762	64.442	64.337	64.937	63.677	64.357	
2001-11-17T07:00:00	64.282	64.552	63.412	64.422	64.197	64.467	63.327	64.337	
2001-11-10T07:00:00	62.402	64.402	62.072	64.282	62.317	64.317	61.987	64.197	
2001-11-03T07:00:00	61.812	62.722	61.492	62.402	61.727	62.637	61.407	62.317	
2001-10-27T06:00:00	61.482	62.552	61.262	61.812	61.397	62.467	61.177	61.727	
2001-10-20T06:00:00	61.812	62.762	61.492	61.682	61.727	62.677	61.407	61.597	
2001-10-13T06:00:00	61.852	62.872	61.292	61.812	61.767	62.787	61.207	61.727	
2001-10-06T06:00:00	61.172	61.852	59.932	61.852	61.087	61.767	59.847	61.767	
2001-09-29T06:00:00	58.962	61.292	58.792	61.172	58.877	61.207	58.707	61.087	
2001-09-22T06:00:00	56.872	59.412	56.082	58.962	56.787	59.327	55.997	58.877	
2001-09-15T06:00:00	60.732	61.682	56.192	56.872	60.647	61.597	56.107	56.787	
2001-09-08T06:00:00	62.352	62.872	60.302	60.732	62.267	62.787	60.217	60.647	
2001-09-01T06:00:00	63.072	63.452	61.942	62.352	62.987	63.367	61.857	62.267	
2001-08-25T06:00:00	64.312	64.392	62.582	63.072	64.227	64.307	62.497	62.987	
2001-08-18T06:00:00	64.642	64.812	63.442	64.312	64.557	64.727	63.357	64.227	
2001-08-11T06:00:00	62.732	64.832	62.542	64.642	62.647	64.747	62.457	64.557	
2001-08-04T06:00:00	63.952	64.412	62.052	62.732	63.867	64.327	61.967	62.647	
2001-07-28T06:00:00	62.712	64.962	62.532	63.952	62.627	64.877	62.447	63.867	
2001-07-21T06:00:00	62.352	63.492	62.272	62.712	62.267	63.407	62.187	62.627	
2001-07-14T06:00:00	63.812	64.232	62.072	62.352	63.727	64.147	61.987	62.267	
2001-07-07T06:00:00	64.102	64.752	62.312	63.812	64.017	64.667	62.227	63.727	
2001-06-30T06:00:00	63.902	65.102	62.962	64.102	63.817	65.017	62.877	64.017	
2001-06-23T06:00:00	64.292	65.022	62.832	63.902	64.207	64.937	62.747	63.817	
2001-06-16T06:00:00	64.622	65.172	63.492	64.292	64.537	65.087	63.407	64.207	
2001-06-09T06:00:00	63.542	64.942	63.182	64.622	63.457	64.857	63.097	64.537	
2001-06-02T06:00:00	60.682	63.702	60.222	63.542	60.597	63.617	60.137	63.457	
2001-05-26T06:00:00	62.762	63.342	59.862	60.682	62.677	63.257	59.777	60.597	
2001-05-19T06:00:00	65.642	65.732	60.592	62.762	65.557	65.647	60.507	62.677	
2001-05-12T06:00:00	63.942	65.652	63.392	65.642	63.857	65.567	63.307	65.557	
2001-05-05T06:00:00	63.152	64.702	62.542	63.942	63.067	64.617	62.457	63.857	
2001-04-28T06:00:00	63.152	63.812	62.542	63.152	63.067	63.727	62.457	63.067	
2001-04-21T06:00:00	62.722	63.692	61.022	63.152	62.637	63.607	60.937	63.067	
2001-04-14T06:00:00	63.202	63.862	60.412	62.722	63.117	63.777	60.327	62.637	
2001-04-07T06:00:00	62.082	63.482	61.382	63.202	61.997	63.397	61.297	63.117	
2001-03-31T07:00:00	61.512	62.082	60.582	62.082	61.427	61.997	60.497	61.997	
2001-03-24T07:00:00	61.242	61.672	59.882	61.512	61.157	61.587	59.797	61.427	
2001-03-17T07:00:00	60.892	62.202	60.562	61.242	60.807	62.117	60.477	61.157	
2001-03-10T07:00:00	60.892	61.762	59.592	60.892	60.807	61.677	59.507	60.807	
2001-03-03T07:00:00	63.192	63.272	60.602	60.892	63.107	63.187	60.517	60.807	
2001-02-24T07:00:00	61.102	63.242	60.482	63.192	61.017	63.157	60.397	63.107	
2001-02-17T07:00:00	61.572	61.762	59.242	61.102	61.487	61.677	59.157	61.017	
2001-02-10T07:00:00	63.232	63.612	60.412	61.572	63.147	63.527	60.327	61.487	
2001-02-03T07:00:00	63.792	64.142	62.212	63.232	63.707	64.057	62.127	63.147	
2001-01-27T07:00:00	63.982	64.542	62.862	63.792	63.897	64.457	62.777	63.707	
2001-01-20T07:00:00	65.122	65.502	63.232	63.982	65.037	65.417	63.147	63.897	
2001-01-13T07:00:00	66.002	66.492	64.812	65.122	65.917	66.407	64.727	65.037	
2001-01-06T07:00:00	66.732	67.302	64.442	66.002	66.647	67.217	64.357	65.917	
2000-12-30T07:00:00	64.032	66.862	63.102	66.732	63.947	66.777	63.017	66.647	
2000-12-23T07:00:00	62.932	64.082	62.742	64.032	62.847	63.997	62.657	63.947	
2000-12-16T07:00:00	61.312	62.992	60.602	62.932	61.227	62.907	60.517	62.847	
2000-12-09T07:00:00	60.712	61.772	59.732	61.312	60.627	61.687	59.647	61.227	
2000-12-02T07:00:00	59.962	61.002	59.582	60.712	59.877	60.917	59.497	60.627	
2000-11-25T07:00:00	58.072	60.102	57.502	59.962	57.987	60.017	57.417	59.877	
2000-11-18T07:00:00	56.562	58.442	55.922	58.072	56.477	58.357	55.837	57.987	
2000-11-11T07:00:00	56.212	56.912	55.952	56.562	56.127	56.827	55.867	56.477	
2000-11-04T07:00:00	56.672	57.192	56.082	56.212	56.587	57.107	55.997	56.127	
2000-10-28T06:00:00	57.002	57.812	55.802	56.672	56.917	57.727	55.717	56.587	
2000-10-21T06:00:00	58.022	58.042	55.782	57.002	57.937	57.957	55.697	56.917	
2000-10-14T06:00:00	56.992	58.022	55.612	58.022	56.907	57.937	55.527	57.937	
2000-10-07T06:00:00	58.202	58.612	56.882	56.992	58.117	58.527	56.797	56.907	
2000-09-30T06:00:00	58.832	59.682	57.822	58.202	58.747	59.597	57.737	58.117	
2000-09-23T06:00:00	59.032	59.452	58.332	58.832	58.947	59.367	58.247	58.747	
2000-09-16T06:00:00	58.552	60.122	57.282	59.032	58.467	60.037	57.197	58.947	
2000-09-09T06:00:00	59.172	60.212	58.442	58.552	59.087	60.127	58.357	58.467	
2000-09-02T06:00:00	61.162	61.342	58.212	59.172	61.077	61.257	58.127	59.087	
2000-08-26T06:00:00	61.312	61.812	60.442	61.162	61.227	61.727	60.357	61.077	
2000-08-19T06:00:00	64.092	64.162	60.892	61.312	64.007	64.077	60.807	61.227	
2000-08-12T06:00:00	63.022	64.992	62.852	64.092	62.937	64.907	62.767	64.007	
2000-08-05T06:00:00	63.802	64.422	62.332	63.022	63.717	64.337	62.247	62.937	
2000-07-29T06:00:00	64.452	64.462	62.572	63.802	64.367	64.377	62.487	63.717	
2000-07-22T06:00:00	63.842	64.972	63.462	64.452	63.757	64.887	63.377	64.367	
2000-07-15T06:00:00	63.022	64.142	62.302	63.842	62.937	64.057	62.217	63.757	
2000-07-08T06:00:00	63.782	64.142	62.812	63.022	63.697	64.057	62.727	62.937	
2000-07-01T06:00:00	63.392	64.032	63.062	63.782	63.307	63.947	62.977	63.697	
2000-06-24T06:00:00	62.242	63.892	61.842	63.392	62.157	63.807	61.757	63.307	
2000-06-17T06:00:00	64.572	64.832	62.052	62.242	64.487	64.747	61.967	62.157	
2000-06-10T06:00:00	62.812	65.032	62.652	64.572	62.727	64.947	62.567	64.487	
2000-06-03T06:00:00	62.922	63.132	61.802	62.812	62.837	63.047	61.717	62.727	
2000-05-27T06:00:00	61.552	62.922	61.112	62.922	61.467	62.837	61.027	62.837	
2000-05-20T06:00:00	61.452	61.922	60.742	61.552	61.367	61.837	60.657	61.467	
2000-05-13T06:00:00	63.442	63.622	61.042	61.452	63.357	63.537	60.957	61.367	
2000-05-06T06:00:00	64.942	65.232	62.472	63.442	64.857	65.147	62.387	63.357	
2000-04-29T06:00:00	63.182	64.952	62.592	64.942	63.097	64.867	62.507	64.857	
2000-04-22T06:00:00	62.872	63.442	62.122	63.182	62.787	63.357	62.037	63.097	
2000-04-15T06:00:00	62.912	63.642	61.212	62.872	62.827	63.557	61.127	62.787	
2000-04-08T06:00:00	63.052	64.092	62.662	62.912	62.967	64.007	62.577	62.827	
2000-04-01T07:00:00	63.402	64.172	62.532	63.052	63.317	64.087	62.447	62.967	
2000-03-25T07:00:00	65.302	65.882	61.632	63.402	65.217	65.797	61.547	63.317	
2000-03-18T07:00:00	64.942	65.562	64.462	65.302	64.857	65.477	64.377	65.217	
2000-03-11T07:00:00	65.222	65.452	64.222	64.942	65.137	65.367	64.137	64.857	
2000-03-04T07:00:00	65.702	65.942	63.922	65.222	65.617	65.857	63.837	65.137	
2000-02-26T07:00:00	68.052	68.342	64.612	65.702	67.967	68.257	64.527	65.617	
2000-02-19T07:00:00	69.782	70.072	67.852	68.052	69.697	69.987	67.767	67.967	
2000-02-12T07:00:00	68.872	70.332	67.922	69.782	68.787	70.247	67.837	69.697	
2000-02-05T07:00:00	68.492	69.872	68.472	68.872	68.407	69.787	68.387	68.787	
2000-01-29T07:00:00	68.512	69.832	67.712	68.492	68.427	69.747	67.627	68.407	
2000-01-22T07:00:00	69.312	69.682	66.972	68.512	69.227	69.597	66.887	68.427	
2000-01-15T07:00:00	70.482	70.622	69.312	69.312	70.397	70.537	69.227	69.227	
2000-01-08T07:00:00	68.972	71.052	68.542	70.482	68.887	70.967	68.457	70.397	
2000-01-01T07:00:00	67.132	69.332	66.792	68.972	67.047	69.247	66.707	68.887	
1999-12-25T07:00:00	66.202	67.392	65.792	67.132	66.117	67.307	65.707	67.047	
1999-12-18T07:00:00	66.512	66.572	65.272	66.202	66.427	66.487	65.187	66.117	
1999-12-11T07:00:00	65.202	66.752	65.052	66.512	65.117	66.667	64.967	66.427	
1999-12-04T07:00:00	65.012	66.222	64.572	65.202	64.927	66.137	64.487	65.117	
1999-11-27T07:00:00	65.062	66.322	64.562	65.012	64.977	66.237	64.477	64.927	
1999-11-20T07:00:00	68.062	68.242	64.382	65.062	67.977	68.157	64.297	64.977	
1999-11-13T07:00:00	68.312	68.312	67.442	68.062	68.227	68.227	67.357	67.977	
1999-11-06T07:00:00	67.912	68.312	66.822	68.312	67.827	68.227	66.737	68.227	
1999-10-30T06:00:00	66.702	68.242	66.132	67.912	66.617	68.157	66.047	67.827	
1999-10-23T06:00:00	68.832	69.072	66.352	66.702	68.747	68.987	66.267	66.617	
1999-10-16T06:00:00	67.992	69.262	67.592	68.832	67.907	69.177	67.507	68.747	
1999-10-09T06:00:00	70.292	71.122	67.992	67.992	70.207	71.037	67.907	67.907	
1999-10-02T06:00:00	69.092	71.502	68.712	70.292	69.007	71.417	68.627	70.207	
1999-09-25T06:00:00	69.102	70.412	68.122	69.092	69.017	70.327	68.037	69.007	
1999-09-18T06:00:00	69.782	69.952	67.082	69.102	69.697	69.867	66.997	69.017	
1999-09-11T06:00:00	71.062	74.262	67.082	69.782	70.977	74.177	66.997	69.697	
1999-09-04T06:00:00	70.692	73.082	70.262	71.062	70.607	72.997	70.177	70.977	
1999-08-28T06:00:00	69.832	71.312	69.342	70.692	69.747	71.227	69.257	70.607	
1999-08-21T06:00:00	71.212	71.932	69.832	69.832	71.127	71.847	69.747	69.747	
1999-08-14T06:00:00	75.842	75.952	70.392	71.212	75.757	75.867	70.307	71.127	
1999-08-07T06:00:00	74.892	75.842	74.222	75.842	74.807	75.757	74.137	75.757	
1999-07-31T06:00:00	74.892	75.752	74.052	74.892	74.807	75.667	73.967	74.807	
1999-07-24T06:00:00	76.102	76.432	74.482	74.892	76.017	76.347	74.397	74.807	
1999-07-17T06:00:00	80.012	80.142	75.142	76.102	79.927	80.057	75.057	76.017	
1999-07-10T06:00:00	81.602	81.672	79.242	80.012	81.517	81.587	79.157	79.927	
1999-07-03T06:00:00	81.002	82.142	80.302	81.602	80.917	82.057	80.217	81.517	
1999-06-26T06:00:00	80.462	81.402	79.382	81.002	80.377	81.317	79.297	80.917	
1999-06-19T06:00:00	78.942	80.872	78.872	80.462	78.857	80.787	78.787	80.377	
1999-06-12T06:00:00	78.542	80.202	77.692	78.942	78.457	80.117	77.607	78.857	
1999-06-05T06:00:00	80.092	80.612	78.222	78.542	80.007	80.527	78.137	78.457	
1999-05-29T06:00:00	79.172	80.722	77.382	80.092	79.087	80.637	77.297	80.007	
1999-05-22T06:00:00	81.942	81.942	77.972	79.172	81.857	81.857	77.887	79.087	
1999-05-15T06:00:00	81.532	83.202	81.382	81.942	81.447	83.117	81.297	81.857	
1999-05-08T06:00:00	81.142	81.982	80.012	81.532	81.057	81.897	79.927	81.447	
1999-05-01T06:00:00	79.092	81.522	78.952	81.142	79.007	81.437	78.867	81.057	
1999-04-24T06:00:00	77.782	79.342	77.202	79.092	77.697	79.257	77.117	79.007	
1999-04-17T06:00:00	75.812	78.562	75.812	77.782	75.727	78.477	75.727	77.697	
1999-04-10T06:00:00	75.702	77.382	75.232	75.812	75.617	77.297	75.147	75.727	
1999-04-03T07:00:00	76.622	77.412	75.162	75.702	76.537	77.327	75.077	75.617	
1999-03-27T07:00:00	76.472	76.932	74.632	76.622	76.387	76.847	74.547	76.537	
1999-03-20T07:00:00	73.872	76.602	73.662	76.472	73.787	76.517	73.577	76.387	
1999-03-13T07:00:00	75.732	75.862	73.332	73.872	75.647	75.777	73.247	73.787	
1999-03-06T07:00:00	77.242	77.592	75.532	75.732	77.157	77.507	75.447	75.647	
1999-02-27T07:00:00	73.932	77.562	73.612	77.242	73.847	77.477	73.527	77.157	
1999-02-20T07:00:00	77.882	78.302	73.322	73.932	77.797	78.217	73.237	73.847	
1999-02-13T07:00:00	74.182	77.912	73.752	77.882	74.097	77.827	73.667	77.797	
1999-02-06T07:00:00	73.162	75.022	73.132	74.182	73.077	74.937	73.047	74.097	
1999-01-30T07:00:00	73.342	74.232	71.432	73.162	73.257	74.147	71.347	73.077	
1999-01-23T07:00:00	72.162	73.542	71.462	73.342	72.077	73.457	71.377	73.257	
1999-01-16T07:00:00	72.552	73.802	71.682	72.162	72.467	73.717	71.597	72.077	
1999-01-09T07:00:00	70.022	72.732	69.502	72.552	69.937	72.647	69.417	72.467	
1999-01-02T07:00:00	69.372	73.102	69.042	70.022	69.287	73.017	68.957	69.937	
1998-12-26T07:00:00	71.172	71.452	68.932	69.372	71.087	71.367	68.847	69.287	
1998-12-19T07:00:00	71.712	72.482	70.392	71.172	71.627	72.397	70.307	71.087	
1998-12-12T07:00:00	72.772	74.662	71.262	71.712	72.687	74.577	71.177	71.627	
1998-12-05T07:00:00	73.332	76.182	72.262	72.772	73.247	76.097	72.177	72.687	
1998-11-28T07:00:00	78.232	78.522	73.142	73.332	78.147	78.437	73.057	73.247	
1998-11-21T07:00:00	77.362	78.472	76.532	78.232	77.277	78.387	76.447	78.147	
1998-11-14T07:00:00	78.182	78.972	75.372	77.362	78.097	78.887	75.287	77.277	
1998-11-07T07:00:00	75.702	78.772	75.442	78.182	75.617	78.687	75.357	78.097	
1998-10-31T07:00:00	72.162	75.812	71.602	75.702	72.077	75.727	71.517	75.617	
1998-10-24T06:00:00	73.532	73.902	72.032	72.162	73.447	73.817	71.947	72.077	
1998-10-17T06:00:00	73.352	74.672	72.122	73.532	73.267	74.587	72.037	73.447	
1998-10-10T06:00:00	72.032	75.762	71.892	73.352	71.947	75.677	71.807	73.267	
1998-10-03T06:00:00	81.342	83.832	69.632	72.032	81.257	83.747	69.547	71.947	
1998-09-26T06:00:00	79.992	81.672	79.042	81.342	79.907	81.587	78.957	81.257	
1998-09-19T06:00:00	78.542	80.602	77.832	79.992	78.457	80.517	77.747	79.907	
1998-09-12T06:00:00	78.572	81.292	77.752	78.542	78.487	81.207	77.667	78.457	
1998-09-05T06:00:00	79.092	80.772	77.072	78.572	79.007	80.687	76.987	78.487	
1998-08-29T06:00:00	80.432	82.312	77.042	79.092	80.347	82.227	76.957	79.007	
1998-08-22T06:00:00	84.402	84.522	78.062	80.432	84.317	84.437	77.977	80.347	
1998-08-15T06:00:00	86.962	87.542	83.832	84.402	86.877	87.457	83.747	84.317	
1998-08-08T06:00:00	87.892	88.102	86.352	86.962	87.807	88.017	86.267	86.877	
1998-08-01T06:00:00	87.922	88.282	87.112	87.892	87.837	88.197	87.027	87.807	
1998-07-25T06:00:00	87.242	88.272	85.502	87.922	87.157	88.187	85.417	87.837	
1998-07-18T06:00:00	87.482	88.272	86.352	87.242	87.397	88.187	86.267	87.157	
1998-07-11T06:00:00	86.192	89.012	85.772	87.482	86.107	88.927	85.687	87.397	
1998-07-04T06:00:00	85.632	87.992	85.622	86.192	85.547	87.907	85.537	86.107	
1998-06-27T06:00:00	85.582	86.992	85.072	85.632	85.497	86.907	84.987	85.547	
1998-06-20T06:00:00	84.302	86.732	83.632	85.582	84.217	86.647	83.547	85.497	
1998-06-13T06:00:00	84.902	86.472	83.052	84.302	84.817	86.387	82.967	84.217	
1998-06-06T06:00:00	84.432	86.222	81.892	84.902	84.347	86.137	81.807	84.817	
1998-05-30T06:00:00	86.532	86.702	83.642	84.432	86.447	86.617	83.557	84.347	
1998-05-23T06:00:00	84.422	87.082	84.382	86.532	84.337	86.997	84.297	86.447	
