日時	AUD/USD(始値, 買い)	AUD/USD(高値, 買い)	AUD/USD(安値, 買い)	AUD/USD(終値, 買い)	AUD/USD(始値, 売り)	AUD/USD(高値, 売り)	AUD/USD(安値, 売り)	AUD/USD(終値, 売り)	
2014-02-01T07:00:00	0.87578	0.89425	0.87310	0.89110	0.87471	0.89409	0.87295	0.89089	
2014-01-25T07:00:00	0.86878	0.88267	0.86786	0.87578	0.86781	0.88250	0.86766	0.87471	
2014-01-18T07:00:00	0.87848	0.88886	0.86613	0.86878	0.87781	0.88870	0.86592	0.86781	
2014-01-11T07:00:00	0.89954	0.90868	0.87645	0.87848	0.89931	0.90852	0.87624	0.87781	
2014-01-04T07:00:00	0.89498	0.90059	0.88655	0.89954	0.89401	0.90043	0.88641	0.89931	
2013-12-28T07:00:00	0.88707	0.90055	0.88345	0.89498	0.88662	0.90039	0.88327	0.89401	
2013-12-21T07:00:00	0.89263	0.89591	0.88631	0.88707	0.89171	0.89573	0.88612	0.88662	
2013-12-14T07:00:00	0.89680	0.89707	0.88227	0.89263	0.89636	0.89690	0.88200	0.89171	
2013-12-07T07:00:00	0.91053	0.91679	0.89103	0.89680	0.91002	0.91660	0.89086	0.89636	
2013-11-30T07:00:00	0.91097	0.91692	0.89912	0.91053	0.90989	0.91673	0.89884	0.91002	
2013-11-23T07:00:00	0.91745	0.92052	0.90568	0.91097	0.91661	0.92035	0.90549	0.90989	
2013-11-16T07:00:00	0.93759	0.94487	0.91445	0.91745	0.93625	0.94470	0.91424	0.91661	
2013-11-09T07:00:00	0.93868	0.93908	0.92702	0.93759	0.93838	0.93897	0.92681	0.93625	
2013-11-02T06:00:00	0.94399	0.95437	0.93527	0.93868	0.94346	0.95427	0.93517	0.93838	
2013-10-26T06:00:00	0.95887	0.96235	0.94225	0.94399	0.95800	0.96216	0.94208	0.94346	
2013-10-19T06:00:00	0.96788	0.97587	0.95730	0.95887	0.96720	0.97571	0.95712	0.95800	
2013-10-12T06:00:00	0.94670	0.96789	0.94211	0.96788	0.94622	0.96765	0.94158	0.96720	
2013-10-05T06:00:00	0.94357	0.94855	0.93893	0.94670	0.94298	0.94839	0.93874	0.94622	
2013-09-28T06:00:00	0.93173	0.94598	0.92825	0.94357	0.93147	0.94578	0.92797	0.94298	
2013-09-21T06:00:00	0.94012	0.94582	0.92984	0.93173	0.93932	0.94563	0.92966	0.93147	
2013-09-14T06:00:00	0.92482	0.95295	0.92666	0.94012	0.92424	0.95276	0.92583	0.93932	
2013-09-07T06:00:00	0.91862	0.93557	0.91681	0.92482	0.91797	0.93533	0.91666	0.92424	
2013-08-31T06:00:00	0.89128	0.92182	0.89256	0.91862	0.88993	0.92161	0.89224	0.91797	
2013-08-24T06:00:00	0.90335	0.90712	0.88933	0.89128	0.90198	0.90689	0.88914	0.88993	
2013-08-17T06:00:00	0.91871	0.92339	0.89329	0.90335	0.91775	0.92326	0.89311	0.90198	
2013-08-10T06:00:00	0.92024	0.92221	0.90596	0.91871	0.91880	0.92203	0.90581	0.91775	
2013-08-03T06:00:00	0.89071	0.92156	0.88488	0.92024	0.89012	0.92138	0.88470	0.91880	
2013-07-27T06:00:00	0.92706	0.92880	0.88722	0.89071	0.92628	0.92861	0.88695	0.89012	
2013-07-20T06:00:00	0.91837	0.93198	0.91298	0.92706	0.91717	0.93174	0.91277	0.92628	
2013-07-13T06:00:00	0.90559	0.92931	0.90368	0.91837	0.90437	0.92913	0.90350	0.91717	
2013-07-06T06:00:00	0.90728	0.93066	0.89997	0.90559	0.90550	0.93045	0.89974	0.90437	
2013-06-29T06:00:00	0.91436	0.92542	0.90375	0.90728	0.91322	0.92523	0.90350	0.90550	
2013-06-22T06:00:00	0.92219	0.93458	0.91144	0.91436	0.92135	0.93438	0.91124	0.91322	
2013-06-15T06:00:00	0.95741	0.96424	0.91644	0.92219	0.95675	0.96405	0.91624	0.92135	
2013-06-08T06:00:00	0.94998	0.96671	0.93269	0.95741	0.94941	0.96653	0.93248	0.95675	
2013-06-01T06:00:00	0.95764	0.97927	0.94296	0.94998	0.95700	0.97910	0.94270	0.94941	
2013-05-25T06:00:00	0.96524	0.96983	0.95290	0.95764	0.96418	0.96967	0.95274	0.95700	
2013-05-18T06:00:00	0.97378	0.98435	0.95945	0.96524	0.97335	0.98417	0.95929	0.96418	
2013-05-11T06:00:00	1.00274	1.00274	0.97122	0.97378	1.00189	1.00189	0.97105	0.97335	
2013-05-04T06:00:00	1.03185	1.03185	0.99621	1.00274	1.03138	1.03138	0.99602	1.00189	
2013-04-27T06:00:00	1.02852	1.03855	1.02229	1.03185	1.02816	1.03843	1.02214	1.03138	
2013-04-20T06:00:00	1.02788	1.03403	1.02220	1.02852	1.02740	1.03386	1.02202	1.02816	
2013-04-13T06:00:00	1.05104	1.05289	1.02700	1.02788	1.05016	1.05231	1.02681	1.02740	
2013-04-06T06:00:00	1.03899	1.05830	1.03488	1.05104	1.03878	1.05815	1.03476	1.05016	
2013-03-30T06:00:00	1.04231	1.04984	1.03560	1.03899	1.04164	1.04965	1.03541	1.03878	
2013-03-23T06:00:00	1.04489	1.04980	1.03978	1.04231	1.04433	1.04961	1.03960	1.04164	
2013-03-16T06:00:00	1.04103	1.04611	1.03453	1.04489	1.04073	1.04592	1.03417	1.04433	
2013-03-09T07:00:00	1.02361	1.04152	1.02051	1.04103	1.02302	1.04133	1.01992	1.04073	
2013-03-02T07:00:00	1.02063	1.03020	1.01163	1.02361	1.02016	1.03006	1.01143	1.02302	
2013-02-23T07:00:00	1.03238	1.03360	1.01832	1.02063	1.03176	1.03312	1.01816	1.02016	
2013-02-16T07:00:00	1.03083	1.03685	1.02222	1.03238	1.03044	1.03671	1.02203	1.03176	
2013-02-09T07:00:00	1.03225	1.03756	1.02281	1.03083	1.03141	1.03742	1.02264	1.03044	
2013-02-02T07:00:00	1.04092	1.04615	1.02566	1.03225	1.04027	1.04568	1.02549	1.03141	
2013-01-26T07:00:00	1.04249	1.04783	1.03620	1.04092	1.04204	1.04756	1.03604	1.04027	
2013-01-19T07:00:00	1.05087	1.05795	1.04041	1.04249	1.05050	1.05777	1.04022	1.04204	
2013-01-12T07:00:00	1.05427	1.05811	1.04866	1.05087	1.05390	1.05794	1.04849	1.05050	
2013-01-05T07:00:00	1.04807	1.06024	1.04684	1.05427	1.04774	1.05973	1.04667	1.05390	
2012-12-29T07:00:00	1.03770	1.05283	1.03657	1.04807	1.03729	1.05266	1.03530	1.04774	
2012-12-22T07:00:00	1.04068	1.04172	1.03462	1.03770	1.04015	1.04153	1.03438	1.03729	
2012-12-15T07:00:00	1.05685	1.05745	1.03955	1.04068	1.05644	1.05743	1.03936	1.04015	
2012-12-08T07:00:00	1.04888	1.05863	1.04626	1.05685	1.04828	1.05847	1.04607	1.05644	
2012-12-01T07:00:00	1.04303	1.05162	1.03942	1.04888	1.04239	1.05146	1.03923	1.04828	
2012-11-24T07:00:00	1.04678	1.04908	1.04035	1.04303	1.04532	1.04890	1.04015	1.04239	
2012-11-17T07:00:00	1.03425	1.04717	1.03391	1.04678	1.03397	1.04702	1.03372	1.04532	
2012-11-10T07:00:00	1.03849	1.04597	1.02884	1.03425	1.03824	1.04577	1.02866	1.03397	
2012-11-03T06:00:00	1.03402	1.04812	1.03354	1.03849	1.03380	1.04793	1.03285	1.03824	
2012-10-27T06:00:00	1.03759	1.04202	1.03266	1.03402	1.03732	1.04185	1.03247	1.03380	
2012-10-20T06:00:00	1.03341	1.03981	1.02370	1.03759	1.03301	1.03962	1.02352	1.03732	
2012-10-13T06:00:00	1.02332	1.04120	1.02033	1.03341	1.02310	1.04103	1.02013	1.03301	
2012-10-06T06:00:00	1.01830	1.02946	1.01506	1.02332	1.01815	1.02928	1.01485	1.02310	
2012-09-29T06:00:00	1.03847	1.04039	1.01532	1.01830	1.03786	1.04025	1.01513	1.01815	
2012-09-22T06:00:00	1.04577	1.04748	1.03296	1.03847	1.04526	1.04733	1.03277	1.03786	
2012-09-15T06:00:00	1.05530	1.05619	1.03685	1.04577	1.05483	1.05562	1.03667	1.04526	
2012-09-08T06:00:00	1.03899	1.06254	1.03240	1.05530	1.03845	1.06239	1.03220	1.05483	
2012-09-01T06:00:00	1.03315	1.04015	1.01674	1.03899	1.03104	1.04000	1.01634	1.03845	
2012-08-25T06:00:00	1.04072	1.04335	1.02773	1.03315	1.04017	1.04249	1.02755	1.03104	
2012-08-18T06:00:00	1.04238	1.05460	1.03767	1.04072	1.04140	1.05443	1.03748	1.04017	
2012-08-11T06:00:00	1.05789	1.05789	1.04120	1.04238	1.05759	1.05759	1.04101	1.04140	
2012-08-04T06:00:00	1.05695	1.06142	1.04983	1.05789	1.05643	1.06122	1.04963	1.05759	
2012-07-28T06:00:00	1.04897	1.05814	1.04370	1.05695	1.04765	1.05795	1.04350	1.05643	
2012-07-21T06:00:00	1.03812	1.04905	1.01778	1.04897	1.03737	1.04861	1.01731	1.04765	
2012-07-14T06:00:00	1.02335	1.04449	1.02055	1.03812	1.02225	1.04432	1.02037	1.03737	
2012-07-07T06:00:00	1.02140	1.02820	1.01010	1.02335	1.02074	1.02804	1.00996	1.02225	
2012-06-30T06:00:00	1.02528	1.03302	1.01807	1.02140	1.02401	1.03283	1.01789	1.02074	
2012-06-23T06:00:00	1.00667	1.02592	0.99699	1.02528	1.00609	1.02565	0.99681	1.02401	
2012-06-16T06:00:00	1.00853	1.02251	1.00095	1.00667	1.00745	1.02232	1.00075	1.00609	
2012-06-09T06:00:00	0.99215	1.00909	0.98520	1.00853	0.99108	1.00890	0.98497	1.00745	
2012-06-02T06:00:00	0.97031	1.00034	0.96293	0.99215	0.96948	1.00018	0.96267	0.99108	
2012-05-26T06:00:00	0.97627	0.98983	0.95818	0.97031	0.97532	0.98967	0.95802	0.96948	
2012-05-19T06:00:00	0.98482	0.99357	0.96907	0.97627	0.98374	0.99342	0.96891	0.97532	
2012-05-12T06:00:00	1.00242	1.00358	0.97960	0.98482	1.00142	1.00341	0.97942	0.98374	
2012-05-05T06:00:00	1.01863	1.02207	1.00191	1.00242	1.01734	1.02192	1.00142	1.00142	
2012-04-28T06:00:00	1.04764	1.04764	1.01714	1.01863	1.04660	1.04687	1.01668	1.01734	
2012-04-21T06:00:00	1.03830	1.04792	1.02486	1.04764	1.03729	1.04736	1.02462	1.04660	
2012-04-14T06:00:00	1.03775	1.04196	1.03059	1.03830	1.03667	1.04177	1.03040	1.03729	
2012-04-07T06:00:00	1.03179	1.04534	1.02272	1.03775	1.02974	1.04517	1.02250	1.03667	
2012-03-31T06:00:00	1.03531	1.04731	1.02447	1.03179	1.03431	1.04643	1.02425	1.02974	
2012-03-24T06:00:00	1.04717	1.05587	1.03056	1.03531	1.04642	1.05568	1.03036	1.03431	
2012-03-17T06:00:00	1.05946	1.06383	1.03373	1.04717	1.05841	1.06362	1.03355	1.04642	
2012-03-10T07:00:00	1.05809	1.05987	1.04241	1.05946	1.05703	1.05967	1.04223	1.05841	
2012-03-03T07:00:00	1.07362	1.07453	1.05104	1.05809	1.07287	1.07426	1.05083	1.05703	
2012-02-25T07:00:00	1.06971	1.08572	1.06515	1.07362	1.06928	1.08554	1.06496	1.07287	
2012-02-18T07:00:00	1.07027	1.08171	1.05985	1.06971	1.06984	1.08150	1.05964	1.06928	
2012-02-11T07:00:00	1.06793	1.08003	1.06298	1.07027	1.06683	1.07988	1.06281	1.06984	
2012-02-04T07:00:00	1.07756	1.08451	1.06408	1.06793	1.07603	1.08434	1.06392	1.06683	
2012-01-28T07:00:00	1.06683	1.07951	1.05270	1.07756	1.06487	1.07932	1.05255	1.07603	
2012-01-21T07:00:00	1.04882	1.06886	1.04291	1.06683	1.04807	1.06868	1.04272	1.06487	
2012-01-14T07:00:00	1.03331	1.04907	1.02552	1.04882	1.03148	1.04875	1.02532	1.04807	
2012-01-07T07:00:00	1.02357	1.03786	1.01465	1.03331	1.02217	1.03769	1.01443	1.03148	
2011-12-31T07:00:00	1.02113	1.03876	1.01976	1.02357	1.01921	1.03855	1.01921	1.02217	
2011-12-24T07:00:00	1.01537	1.02696	1.00459	1.02113	1.01389	1.02674	1.00431	1.01921	
2011-12-17T07:00:00	0.99846	1.02203	0.98840	1.01537	0.99661	1.02184	0.98824	1.01389	
2011-12-10T07:00:00	1.02252	1.02252	0.98626	0.99846	1.02117	1.02136	0.98605	0.99661	
2011-12-03T07:00:00	1.02137	1.03815	1.00494	1.02252	1.02114	1.03791	1.00473	1.02117	
2011-11-26T07:00:00	0.97011	1.03330	0.97011	1.02137	0.96981	1.03298	0.96981	1.02114	
2011-11-19T07:00:00	1.00029	1.00153	0.96647	0.97011	1.00003	1.00127	0.96629	0.96981	
2011-11-12T07:00:00	1.02857	1.03557	0.99656	1.00029	1.02830	1.03429	0.99635	1.00003	
2011-11-05T06:00:00	1.03845	1.04285	1.00535	1.02857	1.03850	1.04253	1.00508	1.02830	
2011-10-29T06:00:00	1.07118	1.07202	1.02037	1.03845	1.07101	1.07154	1.02019	1.03850	
2011-10-22T06:00:00	1.03578	1.07541	1.03167	1.07118	1.03551	1.07522	1.03143	1.07101	
2011-10-15T06:00:00	1.03455	1.03726	1.01195	1.03578	1.03435	1.03706	1.01172	1.03551	
2011-10-08T06:00:00	0.97882	1.03455	0.97535	1.03455	0.97852	1.03435	0.97490	1.03435	
2011-10-01T06:00:00	0.96801	0.98804	0.93886	0.97882	0.96785	0.98785	0.93866	0.97852	
2011-09-24T06:00:00	0.97680	0.99872	0.96237	0.96801	0.97653	0.99851	0.96212	0.96785	
2011-09-17T06:00:00	1.03692	1.03692	0.96702	0.97680	1.03607	1.03607	0.96676	0.97653	
2011-09-10T06:00:00	1.04539	1.04539	1.01788	1.03692	1.04517	1.04517	1.01770	1.03607	
2011-09-03T06:00:00	1.06585	1.06631	1.04226	1.04539	1.06558	1.06605	1.04205	1.04517	
2011-08-27T06:00:00	1.05801	1.07655	1.05629	1.06585	1.05771	1.07638	1.05593	1.06558	
2011-08-20T06:00:00	1.04044	1.05940	1.03644	1.05801	1.04022	1.05917	1.03612	1.05771	
2011-08-13T06:00:00	1.03541	1.06029	1.03165	1.04044	1.03497	1.06008	1.03143	1.04022	
2011-08-06T06:00:00	1.04668	1.04668	0.99289	1.03541	1.04640	1.04640	0.99259	1.03497	
2011-07-30T06:00:00	1.09884	1.10660	1.03764	1.04668	1.09856	1.10642	1.03742	1.04640	
2011-07-23T06:00:00	1.08572	1.10814	1.07965	1.09884	1.08546	1.10794	1.07944	1.09856	
2011-07-16T06:00:00	1.06613	1.08755	1.05616	1.08572	1.06573	1.08739	1.05596	1.08546	
2011-07-09T06:00:00	1.07634	1.08086	1.05266	1.06613	1.07606	1.07983	1.05247	1.06573	
2011-07-02T06:00:00	1.07838	1.07893	1.06556	1.07634	1.07812	1.07872	1.06534	1.07606	
2011-06-25T06:00:00	1.05021	1.07914	1.03916	1.07838	1.04966	1.07892	1.03895	1.07812	
2011-06-18T06:00:00	1.06157	1.06516	1.04563	1.05021	1.06131	1.06496	1.04542	1.04966	
2011-06-11T06:00:00	1.05500	1.07164	1.04788	1.06157	1.05465	1.07147	1.04770	1.06131	
2011-06-04T06:00:00	1.07270	1.07685	1.05266	1.05500	1.07195	1.07666	1.05247	1.05465	
2011-05-28T06:00:00	1.06929	1.07758	1.05882	1.07270	1.06896	1.07740	1.05867	1.07195	
2011-05-21T06:00:00	1.06702	1.07203	1.04417	1.06929	1.06648	1.07182	1.04396	1.06896	
2011-05-14T06:00:00	1.05667	1.07122	1.05064	1.06702	1.05644	1.07101	1.05044	1.06648	
2011-05-07T06:00:00	1.06917	1.08897	1.05217	1.05667	1.06893	1.08880	1.05194	1.05644	
2011-04-30T06:00:00	1.09685	1.10131	1.05374	1.06917	1.09661	1.10110	1.05356	1.06893	
2011-04-23T06:00:00	1.07447	1.09786	1.06785	1.09685	1.07401	1.09764	1.06763	1.09661	
2011-04-16T06:00:00	1.05613	1.07757	1.04440	1.07447	1.05593	1.07737	1.04423	1.07401	
2011-04-09T06:00:00	1.05792	1.05822	1.03907	1.05613	1.05752	1.05799	1.03886	1.05593	
2011-04-02T06:00:00	1.03891	1.05846	1.02894	1.05792	1.03868	1.05812	1.02873	1.05752	
2011-03-26T06:00:00	1.02554	1.03908	1.02056	1.03891	1.02531	1.03892	1.02037	1.03868	
2011-03-19T06:00:00	0.99711	1.02949	0.99407	1.02554	0.99683	1.02933	0.99382	1.02531	
2011-03-12T07:00:00	1.01536	1.01550	0.97098	0.99711	1.01513	1.01513	0.97018	0.99683	
2011-03-05T07:00:00	1.01394	1.01861	0.99694	1.01536	1.01368	1.01843	0.99677	1.01513	
2011-02-26T07:00:00	1.01751	1.02036	1.00765	1.01394	1.01734	1.02015	1.00744	1.01368	
2011-02-19T07:00:00	1.01475	1.01785	0.99683	1.01751	1.01454	1.01765	0.99659	1.01734	
2011-02-12T07:00:00	1.00201	1.01590	0.99444	1.01475	1.00178	1.01571	0.99431	1.01454	
2011-02-05T07:00:00	1.01405	1.01905	0.99616	1.00201	1.01387	1.01884	0.99595	1.00178	
2011-01-29T07:00:00	0.99292	1.02011	0.98676	1.01405	0.99261	1.01995	0.98655	1.01387	
2011-01-22T07:00:00	0.99000	1.00227	0.98647	0.99292	0.98975	1.00213	0.98619	0.99261	
2011-01-15T07:00:00	0.98965	1.00781	0.98335	0.99000	0.98939	1.00765	0.98314	0.98975	
2011-01-08T07:00:00	0.99665	1.00208	0.98055	0.98965	0.99640	1.00194	0.98030	0.98939	
2011-01-01T07:00:00	1.02353	1.02353	0.99086	0.99665	1.02334	1.02334	0.99002	0.99640	
2010-12-25T07:00:00	1.00445	1.02580	0.99892	1.02354	1.00416	1.02565	0.99869	1.02331	
2010-12-18T07:00:00	0.98835	1.00675	0.98643	1.00445	0.98814	1.00655	0.98593	1.00416	
2010-12-11T07:00:00	0.98533	1.00304	0.98321	0.98835	0.98509	1.00277	0.98300	0.98814	
2010-12-04T07:00:00	0.99244	0.99664	0.97536	0.98533	0.99213	0.99645	0.97514	0.98509	
2010-11-27T07:00:00	0.96452	0.99397	0.95385	0.99244	0.96406	0.99376	0.95361	0.99213	
2010-11-20T07:00:00	0.98585	0.99555	0.96138	0.96452	0.98554	0.99533	0.96115	0.96406	
2010-11-13T07:00:00	0.98917	0.99209	0.97256	0.98585	0.98887	0.99189	0.97236	0.98554	
2010-11-06T06:00:00	1.01523	1.01746	0.98265	0.98686	1.01495	1.01724	0.98245	0.98659	
2010-10-30T06:00:00	0.98021	1.01837	0.98021	1.01523	0.97985	1.01821	0.97985	1.01495	
2010-10-23T06:00:00	0.98152	0.99752	0.96524	0.98021	0.98122	0.99732	0.96507	0.97985	
2010-10-16T06:00:00	0.98938	0.99614	0.96630	0.98152	0.98911	0.99585	0.96610	0.98122	
2010-10-09T06:00:00	0.98598	1.00045	0.97676	0.98938	0.98575	1.00025	0.97659	0.98911	
2010-10-02T06:00:00	0.97297	0.99185	0.95423	0.98598	0.97275	0.99168	0.95407	0.98575	
2010-09-25T06:00:00	0.95974	0.97512	0.95603	0.97297	0.95951	0.97492	0.95582	0.97275	
2010-09-18T06:00:00	0.93617	0.96162	0.93617	0.95974	0.93593	0.96142	0.93593	0.95951	
2010-09-11T06:00:00	0.92682	0.94695	0.92682	0.93617	0.92660	0.94676	0.92660	0.93593	
2010-09-04T06:00:00	0.91683	0.92786	0.90933	0.92682	0.91657	0.92764	0.90913	0.92660	
2010-08-28T06:00:00	0.89901	0.91770	0.88619	0.91683	0.89883	0.91750	0.88597	0.91657	
2010-08-21T06:00:00	0.89236	0.90002	0.87718	0.89901	0.89210	0.89982	0.87703	0.89883	
2010-08-14T06:00:00	0.89244	0.90806	0.88420	0.89236	0.89217	0.90787	0.88401	0.89210	
2010-08-07T06:00:00	0.91906	0.92067	0.89151	0.89244	0.91879	0.92049	0.89133	0.89217	
2010-07-31T06:00:00	0.90462	0.92230	0.90462	0.91906	0.90437	0.92213	0.90437	0.91879	
2010-07-24T06:00:00	0.89678	0.90699	0.89072	0.90462	0.89653	0.90684	0.89042	0.90437	
2010-07-17T06:00:00	0.87028	0.89719	0.86344	0.89678	0.87003	0.89709	0.86320	0.89653	
2010-07-10T06:00:00	0.87792	0.88723	0.86831	0.87028	0.87766	0.88702	0.86806	0.87003	
2010-07-03T06:00:00	0.84268	0.87921	0.83183	0.87792	0.84243	0.87902	0.83160	0.87766	
2010-06-26T06:00:00	0.87543	0.87785	0.83170	0.84268	0.87519	0.87763	0.83149	0.84243	
2010-06-19T06:00:00	0.87012	0.88603	0.85967	0.87543	0.87017	0.88583	0.85946	0.87519	
2010-06-12T06:00:00	0.85006	0.87117	0.85006	0.87012	0.85011	0.87122	0.85011	0.87017	
2010-06-05T06:00:00	0.82200	0.85077	0.80806	0.85006	0.82205	0.85082	0.80811	0.85011	
2010-05-29T06:00:00	0.84649	0.85216	0.82116	0.82200	0.84603	0.85221	0.82121	0.82205	
2010-05-22T06:00:00	0.83174	0.85527	0.80673	0.84649	0.83141	0.85506	0.80648	0.84603	
2010-05-15T06:00:00	0.88582	0.88644	0.80746	0.83174	0.88556	0.88609	0.80703	0.83141	
2010-05-08T06:00:00	0.88643	0.90799	0.88511	0.88582	0.88611	0.90774	0.88491	0.88556	
2010-05-01T06:00:00	0.92518	0.92764	0.87132	0.88643	0.92495	0.92741	0.87053	0.88611	
2010-04-24T06:00:00	0.92698	0.93255	0.91365	0.92518	0.92671	0.93234	0.91346	0.92495	
2010-04-17T06:00:00	0.92533	0.93394	0.91588	0.92698	0.92507	0.93376	0.91565	0.92671	
2010-04-10T06:00:00	0.93368	0.93918	0.92248	0.92533	0.93342	0.93851	0.92224	0.92507	
2010-04-03T06:00:00	0.91952	0.93438	0.91667	0.93368	0.91885	0.93416	0.91642	0.93342	
2010-03-27T06:00:00	0.90393	0.92183	0.90348	0.91952	0.90366	0.92158	0.90321	0.91885	
2010-03-20T06:00:00	0.91650	0.91996	0.90026	0.90393	0.91626	0.91972	0.90002	0.90366	
2010-03-13T07:00:00	0.91568	0.92533	0.90966	0.91650	0.91541	0.92511	0.90941	0.91626	
2010-03-06T07:00:00	0.90818	0.91958	0.90568	0.91568	0.90794	0.91933	0.90543	0.91541	
2010-02-27T07:00:00	0.89628	0.90949	0.89368	0.90818	0.89601	0.90919	0.89342	0.90794	
2010-02-20T07:00:00	0.89850	0.90722	0.88018	0.89628	0.89826	0.90700	0.87998	0.89601	
2010-02-13T07:00:00	0.88748	0.90375	0.88503	0.89850	0.88721	0.90351	0.88479	0.89826	
2010-02-06T07:00:00	0.86718	0.89223	0.86154	0.88748	0.86687	0.89199	0.86116	0.88721	
2010-01-30T07:00:00	0.88433	0.89284	0.85796	0.86718	0.88409	0.89258	0.85771	0.86687	
2010-01-23T07:00:00	0.90542	0.90947	0.88428	0.88433	0.90509	0.90921	0.88402	0.88409	
2010-01-16T07:00:00	0.92377	0.92809	0.89845	0.90197	0.92351	0.92784	0.89814	0.90172	
2010-01-09T07:00:00	0.92393	0.93315	0.91723	0.92377	0.92366	0.93291	0.91696	0.92351	
2010-01-02T07:00:00	0.89777	0.92686	0.89401	0.92393	0.89739	0.92656	0.89374	0.92366	
2009-12-26T07:00:00	0.88281	0.90136	0.88281	0.89777	0.88248	0.90095	0.88248	0.89739	
2009-12-19T07:00:00	0.89048	0.89143	0.87355	0.88281	0.89021	0.89090	0.87331	0.88248	
2009-12-12T07:00:00	0.91203	0.91760	0.88115	0.89048	0.91176	0.91739	0.88084	0.89021	
2009-12-05T07:00:00	0.91503	0.92010	0.90168	0.91203	0.91476	0.91919	0.90141	0.91176	
2009-11-28T07:00:00	0.90774	0.93238	0.90774	0.91503	0.90727	0.93211	0.90727	0.91476	
2009-11-21T07:00:00	0.91566	0.93258	0.89482	0.90774	0.91541	0.93211	0.89447	0.90727	
2009-11-14T07:00:00	0.93433	0.94075	0.90619	0.91566	0.93411	0.94052	0.90594	0.91541	
2009-11-07T07:00:00	0.91788	0.93717	0.91788	0.93433	0.91761	0.93691	0.91761	0.93411	
2009-10-31T06:00:00	0.90037	0.91996	0.89087	0.91788	0.90016	0.91971	0.89044	0.91761	
2009-10-24T06:00:00	0.92218	0.92786	0.89449	0.90037	0.92191	0.92757	0.89420	0.90016	
2009-10-17T06:00:00	0.91710	0.93301	0.91149	0.92218	0.91680	0.93276	0.91120	0.92191	
2009-10-10T06:00:00	0.90372	0.92718	0.89853	0.91710	0.90345	0.92693	0.89826	0.91680	
2009-10-03T06:00:00	0.86368	0.90922	0.86368	0.90372	0.86341	0.90896	0.86341	0.90345	
2009-09-26T06:00:00	0.86540	0.88604	0.85707	0.86368	0.86507	0.88580	0.85676	0.86341	
2009-09-19T06:00:00	0.86708	0.87908	0.85912	0.86540	0.86682	0.87886	0.85890	0.86507	
2009-09-12T06:00:00	0.86303	0.87768	0.85456	0.86708	0.86276	0.87747	0.85431	0.86682	
2009-09-05T06:00:00	0.85093	0.86775	0.85093	0.86303	0.85066	0.86751	0.85066	0.86276	
2009-08-29T06:00:00	0.84172	0.85373	0.82413	0.85093	0.84137	0.85346	0.82386	0.85066	
2009-08-22T06:00:00	0.83347	0.84724	0.82408	0.84172	0.83319	0.84698	0.82381	0.84137	
2009-08-15T06:00:00	0.83028	0.83982	0.81577	0.83347	0.83007	0.83956	0.81551	0.83319	
2009-08-08T06:00:00	0.83573	0.84800	0.81818	0.83028	0.83546	0.84770	0.81791	0.83007	
2009-08-01T06:00:00	0.83654	0.84721	0.83412	0.83573	0.83624	0.84696	0.83383	0.83546	
2009-07-25T06:00:00	0.81693	0.83678	0.81273	0.83654	0.81666	0.83649	0.81246	0.83624	
2009-07-18T06:00:00	0.80183	0.82246	0.80075	0.81693	0.80156	0.82221	0.79989	0.81666	
2009-07-11T06:00:00	0.77862	0.80738	0.77028	0.80183	0.77835	0.80711	0.77001	0.80156	
2009-07-04T06:00:00	0.79810	0.80398	0.77248	0.77862	0.79742	0.80371	0.77221	0.77835	
2009-06-27T06:00:00	0.80712	0.81570	0.79061	0.79810	0.80671	0.81546	0.78989	0.79742	
2009-06-20T06:00:00	0.80577	0.80888	0.77908	0.80712	0.80535	0.80861	0.77881	0.80671	
2009-06-13T06:00:00	0.81348	0.81348	0.78522	0.80577	0.81321	0.81321	0.78489	0.80535	
2009-06-06T06:00:00	0.79353	0.82392	0.78294	0.81348	0.79312	0.82371	0.78264	0.81321	
2009-05-30T06:00:00	0.80099	0.82653	0.78921	0.79353	0.80064	0.82627	0.78753	0.79312	
2009-05-23T06:00:00	0.78408	0.80142	0.77048	0.80099	0.78381	0.80119	0.77021	0.80064	
2009-05-16T06:00:00	0.74989	0.78691	0.74526	0.78408	0.74954	0.78668	0.74496	0.78381	
2009-05-09T06:00:00	0.76823	0.77168	0.74678	0.74989	0.76782	0.77104	0.74653	0.74954	
2009-05-02T06:00:00	0.73045	0.77098	0.73045	0.76823	0.73001	0.77073	0.73001	0.76782	
2009-04-25T06:00:00	0.72270	0.73858	0.69916	0.73045	0.72234	0.73831	0.69887	0.73001	
2009-04-18T06:00:00	0.72114	0.72543	0.69555	0.72270	0.72070	0.72436	0.69518	0.72234	
2009-04-11T06:00:00	0.71988	0.73300	0.71395	0.72114	0.71896	0.73264	0.71364	0.72070	
2009-04-04T06:00:00	0.71579	0.72136	0.70352	0.71988	0.71540	0.72093	0.70321	0.71896	
2009-03-28T06:00:00	0.69279	0.72309	0.67713	0.71579	0.69241	0.72286	0.67689	0.71540	
2009-03-21T06:00:00	0.68607	0.70960	0.68607	0.69279	0.68573	0.70926	0.68573	0.69241	
2009-03-14T06:00:00	0.65756	0.69450	0.65304	0.68607	0.65717	0.69426	0.65268	0.68573	
2009-03-07T07:00:00	0.64070	0.66057	0.63089	0.65756	0.64020	0.66032	0.63046	0.65717	
2009-02-28T07:00:00	0.63961	0.65284	0.62869	0.64070	0.63927	0.65255	0.62849	0.64020	
2009-02-21T07:00:00	0.64652	0.65563	0.63402	0.63961	0.64597	0.65537	0.63379	0.63927	
2009-02-14T07:00:00	0.65828	0.65828	0.63351	0.64652	0.65770	0.65770	0.63310	0.64597	
2009-02-07T07:00:00	0.67693	0.68515	0.64327	0.65828	0.67650	0.68484	0.64300	0.65770	
2009-01-31T07:00:00	0.63563	0.68048	0.62503	0.67693	0.63516	0.68015	0.62477	0.67650	
2009-01-24T07:00:00	0.65674	0.67342	0.63475	0.63563	0.65627	0.67326	0.63449	0.63516	
2009-01-17T07:00:00	0.67297	0.68440	0.64184	0.65674	0.67261	0.68395	0.64154	0.65627	
2009-01-10T07:00:00	0.70267	0.70267	0.65385	0.67297	0.70225	0.70225	0.65360	0.67261	
2009-01-03T07:00:00	0.70939	0.72708	0.69585	0.70267	0.70884	0.72677	0.69543	0.70225	
2008-12-27T07:00:00	0.68670	0.71088	0.68397	0.70939	0.68567	0.71042	0.68302	0.70884	
2008-12-20T07:00:00	0.68286	0.68970	0.67611	0.68670	0.68228	0.68922	0.67536	0.68567	
2008-12-13T07:00:00	0.66095	0.71412	0.66095	0.68286	0.66046	0.71361	0.66046	0.68228	
2008-12-06T07:00:00	0.64841	0.68024	0.64605	0.66095	0.64764	0.67991	0.64530	0.66046	
2008-11-29T07:00:00	0.65533	0.65533	0.62917	0.64841	0.65462	0.65462	0.62886	0.64764	
2008-11-22T07:00:00	0.63022	0.66206	0.62392	0.65533	0.62981	0.66158	0.62347	0.65462	
2008-11-15T07:00:00	0.65449	0.65987	0.60782	0.63022	0.65380	0.65953	0.60732	0.62981	
2008-11-08T07:00:00	0.67665	0.69870	0.63428	0.65449	0.67612	0.69825	0.63384	0.65380	
2008-11-01T06:00:00	0.66657	0.70169	0.65487	0.67665	0.66594	0.70142	0.65377	0.67612	
2008-10-25T06:00:00	0.62042	0.68954	0.60103	0.66657	0.61950	0.68909	0.60052	0.66594	
2008-10-18T06:00:00	0.68950	0.70667	0.60611	0.62042	0.68892	0.70622	0.60442	0.61950	
2008-10-11T06:00:00	0.64767	0.72397	0.64767	0.68950	0.64642	0.72372	0.64642	0.68892	
2008-10-04T06:00:00	0.77402	0.77419	0.63327	0.64767	0.77322	0.77354	0.63214	0.64642	
2008-09-27T06:00:00	0.83077	0.83337	0.77007	0.77402	0.83037	0.83292	0.76972	0.77322	
2008-09-20T06:00:00	0.83527	0.85207	0.82418	0.83077	0.83472	0.85182	0.82378	0.83037	
2008-09-13T06:00:00	0.82297	0.83617	0.78037	0.83527	0.82263	0.83582	0.77992	0.83472	
2008-09-06T06:00:00	0.81302	0.83544	0.79015	0.82297	0.81264	0.83522	0.78988	0.82263	
2008-08-30T06:00:00	0.85885	0.85885	0.80304	0.81302	0.85852	0.85852	0.80272	0.81264	
2008-08-23T06:00:00	0.86660	0.86955	0.84950	0.85885	0.86625	0.86925	0.84925	0.85852	
2008-08-16T06:00:00	0.86560	0.88150	0.86254	0.86660	0.86525	0.88117	0.86237	0.86625	
2008-08-09T06:00:00	0.88941	0.89535	0.85930	0.86560	0.88906	0.89513	0.85901	0.86525	
2008-08-02T06:00:00	0.92935	0.93482	0.88685	0.88941	0.92904	0.93453	0.88656	0.88906	
2008-07-26T06:00:00	0.95609	0.95957	0.92892	0.92935	0.95578	0.95933	0.92857	0.92904	
2008-07-19T06:00:00	0.97047	0.97934	0.95409	0.95609	0.97012	0.97916	0.95382	0.95578	
2008-07-12T06:00:00	0.96582	0.98526	0.96582	0.97047	0.96551	0.98492	0.96551	0.97012	
2008-07-05T06:00:00	0.96348	0.97191	0.94782	0.96582	0.96310	0.97156	0.94752	0.96551	
2008-06-28T06:00:00	0.96055	0.96689	0.95137	0.96348	0.96024	0.96663	0.95113	0.96310	
2008-06-21T06:00:00	0.95428	0.96342	0.94947	0.96055	0.95397	0.96322	0.94922	0.96024	
2008-06-14T06:00:00	0.93888	0.95687	0.93715	0.95428	0.93859	0.95662	0.93689	0.95397	
2008-06-07T06:00:00	0.96277	0.96486	0.93287	0.93888	0.96243	0.96462	0.93267	0.93859	
2008-05-31T06:00:00	0.95597	0.96446	0.94885	0.96277	0.95567	0.96401	0.94856	0.96243	
2008-05-24T06:00:00	0.96025	0.96385	0.95137	0.95597	0.95992	0.96362	0.95112	0.95567	
2008-05-17T06:00:00	0.95476	0.96558	0.95125	0.96025	0.95441	0.96527	0.95094	0.95992	
2008-05-10T06:00:00	0.94337	0.95614	0.92927	0.95476	0.94307	0.95587	0.92902	0.95441	
2008-05-03T06:00:00	0.93625	0.95082	0.93447	0.94337	0.93590	0.95051	0.93402	0.94307	
2008-04-26T06:00:00	0.93212	0.94742	0.92767	0.93625	0.93182	0.94710	0.92742	0.93590	
2008-04-19T06:00:00	0.93447	0.95422	0.92927	0.93212	0.93417	0.95402	0.92902	0.93182	
2008-04-12T06:00:00	0.92927	0.94030	0.92074	0.93447	0.92892	0.93999	0.92045	0.93417	
2008-04-05T06:00:00	0.92197	0.93485	0.91797	0.92927	0.92152	0.93454	0.91767	0.92892	
2008-03-29T06:00:00	0.91782	0.92304	0.90327	0.92197	0.91747	0.92275	0.90302	0.92152	
2008-03-22T06:00:00	0.90202	0.92547	0.89807	0.91782	0.90137	0.92522	0.89767	0.91747	
2008-03-15T06:00:00	0.93732	0.94507	0.89551	0.90202	0.93689	0.94452	0.89516	0.90137	
2008-03-08T07:00:00	0.92790	0.94757	0.91507	0.93732	0.92755	0.94707	0.91472	0.93689	
2008-03-01T07:00:00	0.93169	0.94227	0.92195	0.92790	0.93134	0.94205	0.92167	0.92755	
2008-02-23T07:00:00	0.92351	0.94988	0.92185	0.93169	0.92322	0.94962	0.92152	0.93134	
2008-02-16T07:00:00	0.90859	0.92522	0.90682	0.92351	0.90822	0.92497	0.90637	0.92322	
2008-02-09T07:00:00	0.89542	0.90997	0.89247	0.90859	0.89507	0.90972	0.89222	0.90822	
2008-02-02T07:00:00	0.90452	0.91025	0.88757	0.89542	0.90422	0.90993	0.88732	0.89507	
2008-01-26T07:00:00	0.88055	0.90491	0.87687	0.90452	0.88024	0.90457	0.87662	0.90422	
2008-01-19T07:00:00	0.88018	0.88547	0.85147	0.88055	0.87997	0.88522	0.85112	0.88024	
2008-01-12T07:00:00	0.89117	0.90207	0.87027	0.88018	0.89082	0.90182	0.86992	0.87997	
2008-01-05T07:00:00	0.87057	0.89779	0.86853	0.89117	0.87026	0.89747	0.86822	0.89082	
2007-12-29T07:00:00	0.87542	0.88536	0.87017	0.87057	0.87503	0.88534	0.86990	0.87026	
2007-12-22T07:00:00	0.86717	0.87937	0.86717	0.87542	0.86682	0.87912	0.86682	0.87503	
2007-12-15T07:00:00	0.86167	0.86995	0.85553	0.86717	0.86132	0.86965	0.85522	0.86682	
2007-12-08T07:00:00	0.87740	0.89037	0.86077	0.86167	0.87732	0.89012	0.86048	0.86132	
2007-12-01T07:00:00	0.88315	0.88557	0.86617	0.87740	0.88302	0.88532	0.86592	0.87732	
2007-11-24T07:00:00	0.87717	0.89217	0.86692	0.88315	0.87692	0.89190	0.86657	0.88302	
2007-11-17T07:00:00	0.89202	0.89977	0.86534	0.87717	0.89182	0.89952	0.86517	0.87692	
2007-11-10T07:00:00	0.91297	0.91297	0.87547	0.89202	0.91272	0.91272	0.87522	0.89182	
2007-11-03T06:00:00	0.92337	0.94017	0.91037	0.91297	0.92312	0.93995	0.91012	0.91272	
2007-10-27T06:00:00	0.91827	0.93473	0.91094	0.92337	0.91802	0.93438	0.91062	0.92312	
2007-10-20T06:00:00	0.89127	0.91837	0.87517	0.91827	0.89103	0.91812	0.87502	0.91802	
2007-10-13T06:00:00	0.90345	0.90788	0.88177	0.89127	0.90322	0.90772	0.88152	0.89103	
2007-10-06T06:00:00	0.89764	0.90614	0.89147	0.90345	0.89730	0.90592	0.89122	0.90322	
2007-09-29T06:00:00	0.88747	0.90067	0.87962	0.89764	0.88722	0.90042	0.87942	0.89730	
2007-09-22T06:00:00	0.86482	0.88885	0.86127	0.88747	0.86447	0.88853	0.86102	0.88722	
2007-09-15T06:00:00	0.84247	0.87047	0.82767	0.86482	0.84202	0.87022	0.82742	0.86447	
2007-09-08T06:00:00	0.82697	0.84387	0.81737	0.84247	0.82662	0.84372	0.81712	0.84202	
2007-09-01T06:00:00	0.81857	0.83127	0.81577	0.82697	0.81822	0.83092	0.81522	0.82662	
2007-08-25T06:00:00	0.82687	0.83357	0.80537	0.81857	0.82662	0.83332	0.80502	0.81822	
2007-08-18T06:00:00	0.79827	0.82687	0.78927	0.82687	0.79762	0.82662	0.78902	0.82662	
2007-08-11T06:00:00	0.84517	0.85057	0.76777	0.79827	0.84492	0.85042	0.76732	0.79762	
2007-08-04T06:00:00	0.85587	0.86637	0.84017	0.84517	0.85562	0.86622	0.83992	0.84492	
2007-07-28T06:00:00	0.85247	0.86157	0.84477	0.85587	0.85232	0.86142	0.84452	0.85562	
2007-07-21T06:00:00	0.87957	0.88727	0.85247	0.85247	0.87922	0.88702	0.85232	0.85232	
2007-07-14T06:00:00	0.86967	0.88357	0.86957	0.87957	0.86932	0.88332	0.86922	0.87922	
2007-07-07T06:00:00	0.85797	0.86987	0.85667	0.86967	0.85762	0.86962	0.85642	0.86932	
2007-06-30T06:00:00	0.84837	0.86117	0.84827	0.85797	0.84802	0.86082	0.84792	0.85762	
2007-06-23T06:00:00	0.84627	0.85247	0.83577	0.84837	0.84592	0.85212	0.83542	0.84802	
2007-06-16T06:00:00	0.84207	0.84967	0.84007	0.84627	0.84172	0.84932	0.83972	0.84592	
2007-06-09T06:00:00	0.84417	0.84487	0.83347	0.84207	0.84382	0.84452	0.83312	0.84172	
2007-06-02T06:00:00	0.83237	0.84787	0.83127	0.84417	0.83202	0.84752	0.83092	0.84382	
2007-05-26T06:00:00	0.81867	0.83317	0.81647	0.83237	0.81832	0.83282	0.81612	0.83202	
2007-05-19T06:00:00	0.82397	0.82697	0.81777	0.81867	0.82362	0.82662	0.81742	0.81832	
2007-05-12T06:00:00	0.83187	0.83547	0.82057	0.82397	0.83152	0.83512	0.82022	0.82362	
2007-05-05T06:00:00	0.82167	0.83377	0.82067	0.83187	0.82132	0.83342	0.82032	0.83152	
2007-04-28T06:00:00	0.83037	0.83327	0.81727	0.82167	0.83002	0.83292	0.81692	0.82132	
2007-04-21T06:00:00	0.83777	0.83807	0.82367	0.83037	0.83742	0.83772	0.82332	0.83002	
2007-04-14T06:00:00	0.83327	0.83947	0.82847	0.83777	0.83292	0.83912	0.82812	0.83742	
2007-04-07T06:00:00	0.81607	0.83407	0.81537	0.83327	0.81572	0.83372	0.81502	0.83292	
2007-03-31T06:00:00	0.80927	0.82127	0.80657	0.81607	0.80892	0.82092	0.80622	0.81572	
2007-03-24T06:00:00	0.80557	0.81287	0.80307	0.80927	0.80522	0.81252	0.80272	0.80892	
2007-03-17T06:00:00	0.79597	0.80937	0.79367	0.80557	0.79562	0.80902	0.79332	0.80522	
2007-03-10T07:00:00	0.78037	0.79787	0.77997	0.79597	0.78002	0.79752	0.77962	0.79562	
2007-03-03T07:00:00	0.78217	0.78267	0.76837	0.78037	0.78182	0.78232	0.76802	0.78002	
2007-02-24T07:00:00	0.79197	0.79487	0.78187	0.78217	0.79162	0.79452	0.78152	0.78182	
2007-02-17T07:00:00	0.78727	0.79257	0.78487	0.79197	0.78692	0.79222	0.78452	0.79162	
2007-02-10T07:00:00	0.77707	0.78747	0.77107	0.78727	0.77672	0.78712	0.77072	0.78692	
2007-02-03T07:00:00	0.77507	0.78237	0.77277	0.77707	0.77472	0.78202	0.77242	0.77672	
2007-01-27T07:00:00	0.77307	0.77727	0.76997	0.77507	0.77312	0.77692	0.76962	0.77472	
2007-01-20T07:00:00	0.78947	0.79357	0.77187	0.77307	0.78952	0.79362	0.77192	0.77312	
2007-01-13T07:00:00	0.78297	0.79047	0.78117	0.78947	0.78302	0.79052	0.78122	0.78952	
2007-01-06T07:00:00	0.77897	0.78387	0.77587	0.78297	0.77902	0.78392	0.77592	0.78302	
2006-12-30T07:00:00	0.78947	0.79787	0.77827	0.77897	0.78912	0.79792	0.77832	0.77902	
2006-12-23T07:00:00	0.78467	0.79257	0.78107	0.78947	0.78432	0.79222	0.78072	0.78912	
2006-12-16T07:00:00	0.78167	0.78817	0.77837	0.78467	0.78132	0.78782	0.77802	0.78432	
2006-12-09T07:00:00	0.78577	0.78967	0.77747	0.78167	0.78542	0.78932	0.77712	0.78132	
2006-12-02T07:00:00	0.78837	0.79327	0.78397	0.78577	0.78802	0.79292	0.78362	0.78542	
2006-11-25T07:00:00	0.77917	0.79287	0.77657	0.78837	0.77882	0.79252	0.77622	0.78802	
2006-11-18T07:00:00	0.76907	0.77927	0.76787	0.77917	0.76872	0.77892	0.76752	0.77882	
2006-11-11T07:00:00	0.76787	0.76997	0.76177	0.76907	0.76752	0.76962	0.76142	0.76872	
2006-11-04T07:00:00	0.76997	0.77627	0.76477	0.76787	0.76962	0.77592	0.76442	0.76752	
2006-10-28T06:00:00	0.76867	0.77697	0.76747	0.76997	0.76832	0.77662	0.76712	0.76962	
2006-10-21T06:00:00	0.75927	0.76987	0.75627	0.76867	0.75892	0.76952	0.75592	0.76832	
2006-10-14T06:00:00	0.75127	0.76067	0.74957	0.75927	0.75092	0.76032	0.74922	0.75892	
2006-10-07T06:00:00	0.74247	0.75317	0.74177	0.75127	0.74252	0.75282	0.74142	0.75092	
2006-09-30T06:00:00	0.74547	0.74947	0.74127	0.74247	0.74512	0.74912	0.74132	0.74252	
2006-09-23T06:00:00	0.75067	0.75577	0.74377	0.74547	0.75032	0.75542	0.74342	0.74512	
2006-09-16T06:00:00	0.75257	0.75817	0.74967	0.75067	0.75222	0.75782	0.74932	0.75032	
2006-09-09T06:00:00	0.75437	0.75717	0.74857	0.75257	0.75402	0.75682	0.74822	0.75222	
2006-09-02T06:00:00	0.76677	0.77227	0.75327	0.75437	0.76642	0.77192	0.75292	0.75402	
2006-08-26T06:00:00	0.75637	0.76717	0.75627	0.76677	0.75602	0.76682	0.75592	0.76642	
2006-08-19T06:00:00	0.75907	0.76737	0.75537	0.75637	0.75872	0.76702	0.75502	0.75602	
2006-08-12T06:00:00	0.76567	0.77027	0.75547	0.75907	0.76572	0.76992	0.75512	0.75872	
2006-08-05T06:00:00	0.76527	0.77117	0.75637	0.76567	0.76532	0.77122	0.75642	0.76572	
2006-07-29T06:00:00	0.76697	0.76797	0.75827	0.76527	0.76702	0.76802	0.75832	0.76532	
2006-07-22T06:00:00	0.75207	0.76727	0.75047	0.76697	0.75212	0.76732	0.75012	0.76702	
2006-07-15T06:00:00	0.75257	0.75427	0.74037	0.75207	0.75262	0.75432	0.74042	0.75212	
2006-07-08T06:00:00	0.75207	0.75647	0.74587	0.75257	0.75212	0.75652	0.74592	0.75262	
2006-07-01T06:00:00	0.74287	0.75277	0.74027	0.75207	0.74292	0.75282	0.73992	0.75212	
2006-06-24T06:00:00	0.73147	0.74497	0.72687	0.74287	0.73152	0.74502	0.72692	0.74292	
2006-06-17T06:00:00	0.73857	0.74187	0.73037	0.73147	0.73862	0.74192	0.73042	0.73152	
2006-06-10T06:00:00	0.74847	0.74967	0.73437	0.73857	0.74812	0.74972	0.73442	0.73862	
2006-06-03T06:00:00	0.75207	0.75487	0.73937	0.74847	0.75172	0.75452	0.73902	0.74812	
2006-05-27T06:00:00	0.75757	0.76557	0.74437	0.75207	0.75722	0.76522	0.74402	0.75172	
2006-05-20T06:00:00	0.75757	0.76227	0.74687	0.75757	0.75722	0.76192	0.74652	0.75722	
2006-05-13T06:00:00	0.77377	0.77507	0.75277	0.75757	0.77342	0.77472	0.75242	0.75722	
2006-05-06T06:00:00	0.77207	0.77947	0.76357	0.77377	0.77172	0.77912	0.76322	0.77342	
2006-04-29T06:00:00	0.75977	0.77467	0.75547	0.77207	0.75942	0.77432	0.75512	0.77172	
2006-04-22T06:00:00	0.74507	0.76077	0.74227	0.75977	0.74472	0.76042	0.74192	0.75942	
2006-04-15T06:00:00	0.72847	0.74847	0.72727	0.74507	0.72812	0.74812	0.72692	0.74472	
2006-04-08T06:00:00	0.72637	0.73457	0.72407	0.72847	0.72602	0.73422	0.72372	0.72812	
2006-04-01T07:00:00	0.71597	0.73457	0.71177	0.72637	0.71562	0.73422	0.71142	0.72602	
2006-03-25T07:00:00	0.70977	0.71757	0.70177	0.71597	0.70942	0.71722	0.70142	0.71562	
2006-03-18T07:00:00	0.72707	0.72907	0.70627	0.70977	0.72712	0.72872	0.70592	0.70942	
2006-03-11T07:00:00	0.73157	0.74087	0.72627	0.72707	0.73162	0.74092	0.72632	0.72712	
2006-03-04T07:00:00	0.74487	0.74867	0.73017	0.73157	0.74452	0.74832	0.73022	0.73162	
2006-02-25T07:00:00	0.73917	0.74887	0.73637	0.74487	0.73922	0.74852	0.73602	0.74452	
2006-02-18T07:00:00	0.73927	0.74197	0.73407	0.73917	0.73892	0.74202	0.73412	0.73922	
2006-02-11T07:00:00	0.73747	0.74447	0.73487	0.73927	0.73712	0.74412	0.73452	0.73892	
2006-02-04T07:00:00	0.74917	0.75027	0.73697	0.73747	0.74882	0.74992	0.73662	0.73712	
2006-01-28T07:00:00	0.75127	0.75887	0.74777	0.74917	0.75092	0.75852	0.74742	0.74882	
2006-01-21T07:00:00	0.74827	0.75617	0.74807	0.75127	0.74792	0.75582	0.74772	0.75092	
2006-01-14T07:00:00	0.75517	0.75797	0.74447	0.74827	0.75482	0.75762	0.74412	0.74792	
2006-01-07T07:00:00	0.75447	0.75687	0.74827	0.75517	0.75412	0.75652	0.74792	0.75482	
2005-12-31T07:00:00	0.73327	0.75547	0.73327	0.75447	0.73292	0.75512	0.73292	0.75412	
2005-12-24T07:00:00	0.72877	0.73477	0.72357	0.73327	0.72842	0.73442	0.72322	0.73292	
2005-12-17T07:00:00	0.74407	0.74717	0.72697	0.72877	0.74372	0.74682	0.72662	0.72842	
2005-12-10T07:00:00	0.75077	0.75817	0.74217	0.74407	0.75042	0.75782	0.74182	0.74372	
2005-12-03T07:00:00	0.74897	0.75457	0.74447	0.75077	0.74862	0.75422	0.74412	0.75042	
2005-11-26T07:00:00	0.73597	0.74927	0.73257	0.74897	0.73562	0.74892	0.73222	0.74862	
2005-11-19T07:00:00	0.73357	0.74087	0.73217	0.73597	0.73362	0.74052	0.73182	0.73562	
2005-11-12T07:00:00	0.73297	0.73507	0.72597	0.73357	0.73262	0.73512	0.72602	0.73362	
2005-11-05T07:00:00	0.73297	0.73817	0.72857	0.73297	0.73262	0.73782	0.72822	0.73262	
2005-10-29T06:00:00	0.75017	0.75257	0.73127	0.73297	0.74982	0.75222	0.73092	0.73262	
2005-10-22T06:00:00	0.74817	0.76037	0.74697	0.75017	0.74782	0.76002	0.74662	0.74982	
2005-10-15T06:00:00	0.75237	0.75497	0.74397	0.74817	0.75202	0.75462	0.74362	0.74782	
2005-10-08T06:00:00	0.75647	0.76077	0.74637	0.75237	0.75612	0.76042	0.74602	0.75202	
2005-10-01T06:00:00	0.76287	0.76477	0.75537	0.75647	0.76252	0.76442	0.75502	0.75612	
2005-09-24T06:00:00	0.75747	0.76447	0.75307	0.76287	0.75712	0.76412	0.75272	0.76252	
2005-09-17T06:00:00	0.76777	0.77327	0.75707	0.75747	0.76742	0.77292	0.75672	0.75712	
2005-09-10T06:00:00	0.77457	0.77657	0.76427	0.76777	0.77422	0.77622	0.76392	0.76742	
2005-09-03T06:00:00	0.76587	0.77547	0.76377	0.77457	0.76552	0.77512	0.76342	0.77422	
2005-08-27T06:00:00	0.75627	0.76667	0.74577	0.76587	0.75592	0.76632	0.74542	0.76552	
2005-08-20T06:00:00	0.75137	0.76167	0.75087	0.75627	0.75102	0.76132	0.75052	0.75592	
2005-08-13T06:00:00	0.77307	0.77467	0.74987	0.75137	0.77272	0.77432	0.74952	0.75102	
2005-08-06T06:00:00	0.76827	0.77567	0.75867	0.77307	0.76792	0.77532	0.75832	0.77272	
2005-07-30T06:00:00	0.75737	0.77427	0.75527	0.76827	0.75702	0.77392	0.75492	0.76792	
2005-07-23T06:00:00	0.76407	0.76487	0.75307	0.75737	0.76372	0.76452	0.75272	0.75702	
2005-07-16T06:00:00	0.74997	0.76907	0.74767	0.76407	0.74962	0.76872	0.74732	0.76372	
2005-07-09T06:00:00	0.74197	0.75777	0.74187	0.74997	0.74162	0.75742	0.74152	0.74962	
2005-07-02T06:00:00	0.75047	0.75357	0.73687	0.74197	0.75012	0.75322	0.73652	0.74162	
2005-06-25T06:00:00	0.76947	0.77057	0.75027	0.75047	0.76912	0.77022	0.74992	0.75012	
2005-06-18T06:00:00	0.77747	0.78117	0.76687	0.76947	0.77712	0.78082	0.76652	0.76912	
2005-06-11T06:00:00	0.76187	0.77847	0.75907	0.77747	0.76152	0.77812	0.75872	0.77712	
2005-06-04T06:00:00	0.75627	0.77067	0.75527	0.76187	0.75592	0.77032	0.75492	0.76152	
2005-05-28T06:00:00	0.76337	0.76347	0.74767	0.75627	0.76302	0.76312	0.74732	0.75592	
2005-05-21T06:00:00	0.75587	0.76487	0.75447	0.76337	0.75552	0.76452	0.75412	0.76302	
2005-05-14T06:00:00	0.76077	0.76247	0.75317	0.75587	0.76042	0.76212	0.75282	0.75552	
2005-05-07T06:00:00	0.77587	0.77937	0.76037	0.76077	0.77552	0.77902	0.76002	0.76042	
2005-04-30T06:00:00	0.78107	0.78287	0.77237	0.77587	0.78072	0.78252	0.77202	0.77552	
2005-04-23T06:00:00	0.78237	0.78427	0.77447	0.78107	0.78202	0.78392	0.77412	0.78072	
2005-04-16T06:00:00	0.76887	0.78347	0.76387	0.78237	0.76852	0.78312	0.76352	0.78202	
2005-04-09T06:00:00	0.77237	0.78067	0.76547	0.76887	0.77202	0.78032	0.76512	0.76852	
2005-04-02T07:00:00	0.77127	0.77387	0.76297	0.77237	0.77092	0.77352	0.76262	0.77202	
2005-03-26T07:00:00	0.77197	0.77777	0.76697	0.77127	0.77162	0.77742	0.76662	0.77092	
2005-03-19T07:00:00	0.79497	0.79527	0.77007	0.77197	0.79462	0.79492	0.76972	0.77162	
2005-03-12T07:00:00	0.79247	0.79587	0.78607	0.79497	0.79212	0.79552	0.78572	0.79462	
2005-03-05T07:00:00	0.79087	0.79917	0.78717	0.79247	0.79052	0.79882	0.78682	0.79212	
2005-02-26T07:00:00	0.78677	0.79487	0.77717	0.79087	0.78642	0.79452	0.77682	0.79052	
2005-02-19T07:00:00	0.78827	0.79597	0.78097	0.78677	0.78792	0.79562	0.78062	0.78642	
2005-02-12T07:00:00	0.78597	0.78977	0.77867	0.78827	0.78562	0.78942	0.77832	0.78792	
2005-02-05T07:00:00	0.77037	0.78657	0.76147	0.78597	0.77002	0.78622	0.76112	0.78562	
2005-01-29T07:00:00	0.77467	0.77907	0.76737	0.77037	0.77432	0.77872	0.76702	0.77002	
2005-01-22T07:00:00	0.76987	0.78047	0.76297	0.77467	0.76952	0.78012	0.76262	0.77432	
2005-01-15T07:00:00	0.75887	0.77157	0.75067	0.76987	0.75852	0.77122	0.75032	0.76952	
2005-01-08T07:00:00	0.75677	0.76997	0.75537	0.75887	0.75642	0.76962	0.75502	0.75852	
2005-01-01T07:00:00	0.78037	0.78387	0.75427	0.75677	0.78002	0.78352	0.75392	0.75642	
2004-12-25T07:00:00	0.76897	0.78457	0.76847	0.78037	0.76862	0.78422	0.76812	0.78002	
2004-12-18T07:00:00	0.76407	0.77137	0.76147	0.76897	0.76372	0.77102	0.76112	0.76862	
2004-12-11T07:00:00	0.75127	0.76697	0.74807	0.76407	0.75092	0.76662	0.74772	0.76372	
2004-12-04T07:00:00	0.78187	0.78247	0.74447	0.75127	0.78152	0.78212	0.74412	0.75092	
2004-11-27T07:00:00	0.79087	0.79087	0.76967	0.78187	0.79052	0.79052	0.76932	0.78152	
2004-11-20T07:00:00	0.78387	0.79487	0.77727	0.79087	0.78342	0.79452	0.77692	0.79052	
2004-11-13T07:00:00	0.76977	0.78657	0.76827	0.78387	0.76932	0.78612	0.76782	0.78342	
2004-11-06T07:00:00	0.76317	0.77047	0.75557	0.76977	0.76272	0.77002	0.75512	0.76932	
2004-10-30T06:00:00	0.74917	0.76357	0.74367	0.76317	0.74872	0.76312	0.74322	0.76272	
2004-10-23T06:00:00	0.73987	0.75117	0.73707	0.74917	0.73942	0.75072	0.73662	0.74872	
2004-10-16T06:00:00	0.73087	0.74067	0.72237	0.73987	0.73042	0.74022	0.72192	0.73942	
2004-10-09T06:00:00	0.73517	0.73847	0.72167	0.73087	0.73472	0.73802	0.72122	0.73042	
2004-10-02T06:00:00	0.72637	0.73697	0.71887	0.73517	0.72592	0.73652	0.71842	0.73472	
2004-09-25T06:00:00	0.71407	0.72887	0.71047	0.72637	0.71362	0.72842	0.71002	0.72592	
2004-09-18T06:00:00	0.69787	0.71747	0.69777	0.71407	0.69742	0.71702	0.69732	0.71362	
2004-09-11T06:00:00	0.69607	0.70517	0.69367	0.69787	0.69562	0.70472	0.69322	0.69742	
2004-09-04T06:00:00	0.69157	0.69987	0.68547	0.69607	0.69112	0.69942	0.68502	0.69562	
2004-08-28T06:00:00	0.70337	0.70797	0.68917	0.69157	0.70292	0.70752	0.68872	0.69112	
2004-08-21T06:00:00	0.72327	0.72417	0.70057	0.70337	0.72282	0.72372	0.70012	0.70292	
2004-08-14T06:00:00	0.71737	0.72667	0.71317	0.72327	0.71692	0.72622	0.71272	0.72282	
2004-08-07T06:00:00	0.71367	0.71877	0.70607	0.71737	0.71372	0.71832	0.70562	0.71692	
2004-07-31T06:00:00	0.70207	0.71607	0.69787	0.71367	0.70162	0.71562	0.69742	0.71372	
2004-07-24T06:00:00	0.70977	0.71447	0.69317	0.70207	0.70932	0.71402	0.69272	0.70162	
2004-07-17T06:00:00	0.73207	0.73507	0.70767	0.70977	0.73162	0.73462	0.70722	0.70932	
2004-07-10T06:00:00	0.72307	0.73227	0.71967	0.73207	0.72262	0.73182	0.71922	0.73162	
2004-07-03T06:00:00	0.71337	0.72457	0.71177	0.72307	0.71292	0.72412	0.71132	0.72262	
2004-06-26T06:00:00	0.70037	0.71417	0.68797	0.71337	0.69992	0.71372	0.68752	0.71292	
2004-06-19T06:00:00	0.68977	0.70297	0.68477	0.70037	0.68932	0.70252	0.68432	0.69992	
2004-06-12T06:00:00	0.69197	0.69967	0.67767	0.68977	0.69152	0.69922	0.67722	0.68932	
2004-06-05T06:00:00	0.69547	0.70817	0.68657	0.69197	0.69502	0.70772	0.68612	0.69152	
2004-05-29T06:00:00	0.71497	0.71767	0.68477	0.69547	0.71452	0.71722	0.68432	0.69502	
2004-05-22T06:00:00	0.69787	0.72037	0.69497	0.71497	0.69792	0.71992	0.69452	0.71452	
2004-05-15T06:00:00	0.69247	0.70367	0.67977	0.69787	0.69202	0.70322	0.67932	0.69792	
2004-05-08T06:00:00	0.70407	0.70597	0.68317	0.69247	0.70362	0.70552	0.68272	0.69202	
2004-05-01T06:00:00	0.72207	0.73467	0.70197	0.70407	0.72162	0.73422	0.70152	0.70362	
2004-04-24T06:00:00	0.73157	0.73717	0.71277	0.72207	0.73162	0.73672	0.71232	0.72162	
2004-04-17T06:00:00	0.74357	0.75147	0.72387	0.73157	0.74362	0.75102	0.72342	0.73162	
2004-04-10T06:00:00	0.76277	0.76867	0.72977	0.74357	0.76282	0.76872	0.72982	0.74362	
2004-04-03T07:00:00	0.75677	0.76917	0.75077	0.76277	0.75682	0.76922	0.75082	0.76282	
2004-03-27T07:00:00	0.74647	0.76897	0.74307	0.75677	0.74652	0.76902	0.74312	0.75682	
2004-03-20T07:00:00	0.74817	0.75557	0.73697	0.74647	0.74822	0.75562	0.73702	0.74652	
2004-03-13T07:00:00	0.73177	0.75407	0.72877	0.74817	0.73182	0.75412	0.72882	0.74822	
2004-03-06T07:00:00	0.76037	0.76567	0.72497	0.73177	0.76042	0.76572	0.72502	0.73182	
2004-02-28T07:00:00	0.77347	0.77707	0.74007	0.76037	0.77352	0.77712	0.74012	0.76042	
2004-02-21T07:00:00	0.76997	0.78157	0.76487	0.77347	0.77002	0.78162	0.76492	0.77352	
2004-02-14T07:00:00	0.78967	0.80027	0.76407	0.76997	0.78972	0.80032	0.76412	0.77002	
2004-02-07T07:00:00	0.76987	0.79437	0.76327	0.78967	0.76992	0.79442	0.76332	0.78972	
2004-01-31T07:00:00	0.76377	0.77097	0.75567	0.76987	0.76382	0.77102	0.75572	0.76992	
2004-01-24T07:00:00	0.77247	0.78097	0.75417	0.76377	0.77252	0.78102	0.75422	0.76382	
2004-01-17T07:00:00	0.76337	0.77947	0.75287	0.77247	0.76342	0.77952	0.75292	0.77252	
2004-01-10T07:00:00	0.77637	0.78107	0.76087	0.76337	0.77642	0.78112	0.76092	0.76342	
2004-01-03T07:00:00	0.75827	0.77817	0.75717	0.77637	0.75832	0.77822	0.75722	0.77642	
2003-12-27T07:00:00	0.74057	0.75897	0.74027	0.75827	0.74062	0.75902	0.74032	0.75832	
2003-12-20T07:00:00	0.73657	0.74367	0.73207	0.74057	0.73662	0.74372	0.73212	0.74062	
2003-12-13T07:00:00	0.74227	0.74517	0.73447	0.73657	0.74232	0.74522	0.73452	0.73662	
2003-12-06T07:00:00	0.73617	0.74327	0.73307	0.74227	0.73622	0.74332	0.73312	0.74232	
2003-11-29T07:00:00	0.72407	0.73817	0.72277	0.73617	0.72412	0.73822	0.72282	0.73622	
2003-11-22T07:00:00	0.72357	0.72557	0.71537	0.72407	0.72362	0.72562	0.71542	0.72412	
2003-11-15T07:00:00	0.72017	0.72647	0.70907	0.72357	0.72022	0.72652	0.70912	0.72362	
2003-11-08T07:00:00	0.70877	0.72227	0.70787	0.72017	0.70882	0.72232	0.70792	0.72022	
2003-11-01T07:00:00	0.70747	0.71227	0.69417	0.70877	0.70752	0.71232	0.69422	0.70882	
2003-10-25T06:00:00	0.69947	0.71057	0.69827	0.70747	0.69952	0.71062	0.69832	0.70752	
2003-10-18T06:00:00	0.69237	0.70717	0.68927	0.69947	0.69242	0.70722	0.68932	0.69952	
2003-10-11T06:00:00	0.69087	0.69367	0.68237	0.69237	0.69092	0.69372	0.68242	0.69242	
2003-10-04T06:00:00	0.67777	0.69537	0.67557	0.69087	0.67782	0.69542	0.67562	0.69092	
2003-09-27T06:00:00	0.67437	0.68767	0.66797	0.67777	0.67442	0.68772	0.66802	0.67782	
2003-09-20T06:00:00	0.67157	0.68347	0.67157	0.67437	0.67162	0.68352	0.67162	0.67442	
2003-09-13T06:00:00	0.66227	0.67337	0.65837	0.67157	0.66232	0.67342	0.65842	0.67162	
2003-09-06T06:00:00	0.64757	0.66417	0.64457	0.66227	0.64762	0.66422	0.64462	0.66232	
2003-08-30T06:00:00	0.64697	0.64847	0.63397	0.64757	0.64702	0.64852	0.63402	0.64762	
2003-08-23T06:00:00	0.65217	0.65307	0.63517	0.64697	0.65222	0.65312	0.63522	0.64702	
2003-08-16T06:00:00	0.65887	0.66297	0.64707	0.65217	0.65892	0.66302	0.64712	0.65222	
2003-08-09T06:00:00	0.65217	0.66087	0.65027	0.65887	0.65222	0.66092	0.65032	0.65892	
2003-08-02T06:00:00	0.65117	0.65367	0.64097	0.65217	0.65122	0.65372	0.64102	0.65222	
2003-07-26T06:00:00	0.66307	0.66757	0.64437	0.65117	0.66312	0.66762	0.64442	0.65122	
2003-07-19T06:00:00	0.64747	0.66627	0.64527	0.66307	0.64752	0.66632	0.64532	0.66312	
2003-07-12T06:00:00	0.65947	0.66117	0.64397	0.64747	0.65952	0.66122	0.64402	0.64752	
2003-07-05T06:00:00	0.67897	0.68447	0.64837	0.65947	0.67902	0.68452	0.64842	0.65952	
2003-06-28T06:00:00	0.66587	0.68357	0.66507	0.67897	0.66592	0.68362	0.66512	0.67902	
2003-06-21T06:00:00	0.66797	0.67267	0.66137	0.66587	0.66802	0.67272	0.66142	0.66592	
2003-06-14T06:00:00	0.66827	0.67347	0.66467	0.66797	0.66832	0.67352	0.66472	0.66802	
2003-06-07T06:00:00	0.65847	0.66857	0.65407	0.66827	0.65852	0.66862	0.65412	0.66832	
2003-05-31T06:00:00	0.65387	0.67067	0.64797	0.65847	0.65392	0.67072	0.64802	0.65852	
2003-05-24T06:00:00	0.65897	0.66227	0.64277	0.65387	0.65902	0.66232	0.64282	0.65392	
2003-05-17T06:00:00	0.65227	0.66107	0.65207	0.65897	0.65232	0.66112	0.65212	0.65902	
2003-05-10T06:00:00	0.64507	0.65267	0.63897	0.65227	0.64512	0.65272	0.63902	0.65232	
2003-05-03T06:00:00	0.63027	0.64677	0.62937	0.64507	0.63032	0.64682	0.62942	0.64512	
2003-04-26T06:00:00	0.61607	0.63407	0.61437	0.63027	0.61612	0.63412	0.61442	0.63032	
2003-04-19T06:00:00	0.61407	0.62287	0.61227	0.61607	0.61412	0.62292	0.61232	0.61612	
2003-04-12T06:00:00	0.60487	0.61657	0.60137	0.61407	0.60492	0.61662	0.60142	0.61412	
2003-04-05T07:00:00	0.60057	0.60757	0.59237	0.60487	0.60062	0.60762	0.59242	0.60492	
2003-03-29T07:00:00	0.60067	0.60617	0.59567	0.60057	0.60072	0.60622	0.59572	0.60062	
2003-03-22T07:00:00	0.59037	0.60167	0.59037	0.60067	0.59042	0.60172	0.59042	0.60072	
2003-03-15T07:00:00	0.59817	0.60227	0.58747	0.59037	0.59822	0.60232	0.58752	0.59042	
2003-03-08T07:00:00	0.61347	0.61657	0.58917	0.59817	0.61352	0.61662	0.58922	0.59822	
2003-03-01T07:00:00	0.60787	0.61797	0.60597	0.61347	0.60792	0.61802	0.60602	0.61352	
2003-02-22T07:00:00	0.59717	0.60877	0.59497	0.60787	0.59722	0.60882	0.59502	0.60792	
2003-02-15T07:00:00	0.59167	0.59917	0.58797	0.59717	0.59172	0.59922	0.58802	0.59722	
2003-02-08T07:00:00	0.58997	0.59687	0.58637	0.59167	0.59002	0.59692	0.58642	0.59172	
2003-02-01T07:00:00	0.58667	0.59317	0.58207	0.58997	0.58672	0.59322	0.58212	0.59002	
2003-01-25T07:00:00	0.59237	0.59407	0.58527	0.58667	0.59242	0.59412	0.58532	0.58672	
2003-01-18T07:00:00	0.59157	0.59347	0.58437	0.59237	0.59162	0.59352	0.58442	0.59242	
2003-01-11T07:00:00	0.58347	0.59267	0.58037	0.59157	0.58352	0.59272	0.58042	0.59162	
2003-01-04T07:00:00	0.56717	0.58367	0.56647	0.58347	0.56722	0.58372	0.56652	0.58352	
2002-12-28T07:00:00	0.56067	0.56737	0.55857	0.56717	0.56072	0.56742	0.55862	0.56722	
2002-12-21T07:00:00	0.56247	0.56457	0.55987	0.56067	0.56252	0.56462	0.55992	0.56072	
2002-12-14T07:00:00	0.56447	0.56867	0.55997	0.56247	0.56452	0.56872	0.56002	0.56252	
2002-12-07T07:00:00	0.56067	0.56807	0.55827	0.56447	0.56072	0.56812	0.55832	0.56452	
2002-11-30T07:00:00	0.56057	0.56207	0.55597	0.56067	0.56062	0.56212	0.55602	0.56072	
2002-11-23T07:00:00	0.56327	0.56457	0.55417	0.56057	0.56332	0.56462	0.55422	0.56062	
2002-11-16T07:00:00	0.56327	0.56487	0.55647	0.56327	0.56332	0.56492	0.55652	0.56332	
2002-11-09T07:00:00	0.56457	0.56537	0.55767	0.56327	0.56462	0.56542	0.55772	0.56332	
2002-11-02T07:00:00	0.55887	0.56697	0.55887	0.56457	0.55892	0.56702	0.55892	0.56462	
2002-10-26T06:00:00	0.55527	0.55927	0.55117	0.55887	0.55532	0.55932	0.55122	0.55892	
2002-10-19T06:00:00	0.54977	0.55647	0.54907	0.55527	0.54982	0.55652	0.54912	0.55532	
2002-10-12T06:00:00	0.54947	0.55277	0.54487	0.54977	0.54952	0.55282	0.54492	0.54982	
2002-10-05T06:00:00	0.54627	0.55047	0.54567	0.54947	0.54632	0.55052	0.54572	0.54952	
2002-09-28T06:00:00	0.54347	0.54757	0.54007	0.54627	0.54352	0.54762	0.54012	0.54632	
2002-09-21T06:00:00	0.54557	0.54777	0.54137	0.54347	0.54562	0.54782	0.54142	0.54352	
2002-09-14T06:00:00	0.55037	0.55207	0.54357	0.54557	0.55042	0.55212	0.54362	0.54562	
2002-09-07T06:00:00	0.54727	0.56107	0.54517	0.55037	0.54732	0.56112	0.54522	0.55042	
2002-08-31T06:00:00	0.55037	0.55227	0.53927	0.54727	0.55042	0.55232	0.53932	0.54732	
2002-08-24T06:00:00	0.54267	0.55427	0.54217	0.55037	0.54272	0.55432	0.54222	0.55042	
2002-08-17T06:00:00	0.54517	0.54827	0.53837	0.54267	0.54522	0.54832	0.53842	0.54272	
2002-08-10T06:00:00	0.53507	0.54677	0.53347	0.54517	0.53512	0.54682	0.53352	0.54522	
2002-08-03T06:00:00	0.53827	0.53937	0.52277	0.53507	0.53832	0.53942	0.52282	0.53512	
2002-07-27T06:00:00	0.53447	0.54787	0.53447	0.53827	0.53452	0.54792	0.53452	0.53832	
2002-07-20T06:00:00	0.55657	0.55697	0.53437	0.53447	0.55662	0.55702	0.53442	0.53452	
2002-07-13T06:00:00	0.55937	0.56407	0.54927	0.55657	0.55942	0.56412	0.54932	0.55662	
2002-07-06T06:00:00	0.55637	0.57107	0.55477	0.55937	0.55642	0.57112	0.55482	0.55942	
2002-06-29T06:00:00	0.56507	0.56507	0.55327	0.55637	0.56462	0.56462	0.55332	0.55642	
2002-06-22T06:00:00	0.57457	0.57967	0.55867	0.56507	0.57412	0.57922	0.55822	0.56462	
2002-06-15T06:00:00	0.56097	0.57507	0.55627	0.57457	0.56052	0.57462	0.55582	0.57412	
2002-06-08T06:00:00	0.57207	0.57247	0.55687	0.56097	0.57162	0.57202	0.55642	0.56052	
2002-06-01T06:00:00	0.56697	0.57787	0.56557	0.57207	0.56652	0.57742	0.56512	0.57162	
2002-05-25T06:00:00	0.55647	0.56997	0.55567	0.56697	0.55602	0.56952	0.55522	0.56652	
2002-05-18T06:00:00	0.55287	0.56107	0.55107	0.55647	0.55242	0.56062	0.55062	0.55602	
2002-05-11T06:00:00	0.54487	0.55337	0.54347	0.55287	0.54442	0.55292	0.54302	0.55242	
2002-05-04T06:00:00	0.53977	0.54567	0.53757	0.54487	0.53932	0.54522	0.53712	0.54442	
2002-04-27T06:00:00	0.54397	0.54507	0.53427	0.53977	0.54352	0.54462	0.53382	0.53932	
2002-04-20T06:00:00	0.53987	0.54567	0.53777	0.54397	0.53942	0.54522	0.53732	0.54352	
2002-04-13T06:00:00	0.53467	0.54167	0.53067	0.53987	0.53422	0.54122	0.53022	0.53942	
2002-04-06T07:00:00	0.53047	0.53707	0.52607	0.53467	0.53002	0.53662	0.52562	0.53422	
2002-03-30T07:00:00	0.53347	0.53607	0.52897	0.53047	0.53302	0.53562	0.52852	0.53002	
2002-03-23T07:00:00	0.53057	0.53507	0.52677	0.53347	0.53012	0.53462	0.52632	0.53302	
2002-03-16T07:00:00	0.52617	0.53397	0.52187	0.53057	0.52572	0.53352	0.52142	0.53012	
2002-03-09T07:00:00	0.52297	0.52667	0.51867	0.52617	0.52252	0.52622	0.51822	0.52572	
2002-03-02T07:00:00	0.52027	0.52667	0.51887	0.52297	0.51982	0.52622	0.51842	0.52252	
2002-02-23T07:00:00	0.51307	0.52067	0.51187	0.52027	0.51262	0.52022	0.51142	0.51982	
2002-02-16T07:00:00	0.51777	0.51967	0.51187	0.51307	0.51732	0.51922	0.51142	0.51262	
2002-02-09T07:00:00	0.51117	0.51887	0.50727	0.51777	0.51072	0.51842	0.50682	0.51732	
2002-02-02T07:00:00	0.50907	0.51257	0.50577	0.51117	0.50862	0.51212	0.50532	0.51072	
2002-01-26T07:00:00	0.51647	0.51767	0.50547	0.50907	0.51602	0.51722	0.50502	0.50862	
2002-01-19T07:00:00	0.51477	0.52197	0.51417	0.51647	0.51432	0.52152	0.51372	0.51602	
2002-01-12T07:00:00	0.52097	0.52097	0.51177	0.51477	0.52052	0.52052	0.51132	0.51432	
2002-01-05T07:00:00	0.52047	0.52737	0.51757	0.52097	0.52002	0.52692	0.51712	0.52052	
2001-12-29T07:00:00	0.51107	0.52157	0.50927	0.52047	0.51062	0.52112	0.50882	0.52002	
2001-12-22T07:00:00	0.50877	0.51197	0.50597	0.51107	0.50832	0.51152	0.50552	0.51062	
2001-12-15T07:00:00	0.51977	0.51977	0.50437	0.50877	0.51932	0.51932	0.50392	0.50832	
2001-12-08T07:00:00	0.51437	0.52137	0.51397	0.51977	0.51392	0.52092	0.51352	0.51932	
2001-12-01T07:00:00	0.52187	0.52217	0.51297	0.51437	0.52142	0.52172	0.51252	0.51392	
2001-11-24T07:00:00	0.51787	0.52407	0.51677	0.52187	0.51742	0.52362	0.51632	0.52142	
2001-11-17T07:00:00	0.52357	0.52357	0.51477	0.51787	0.52312	0.52312	0.51432	0.51742	
2001-11-10T07:00:00	0.51807	0.52497	0.51577	0.52357	0.51762	0.52452	0.51532	0.52312	
2001-11-03T07:00:00	0.50787	0.51807	0.50627	0.51807	0.50742	0.51762	0.50582	0.51762	
2001-10-27T06:00:00	0.50087	0.51317	0.50027	0.50787	0.50042	0.51272	0.49982	0.50742	
2001-10-20T06:00:00	0.50987	0.51137	0.50147	0.50207	0.50942	0.51092	0.50102	0.50162	
2001-10-13T06:00:00	0.51207	0.51747	0.50557	0.50987	0.51162	0.51702	0.50512	0.50942	
2001-10-06T06:00:00	0.50857	0.51207	0.49747	0.51207	0.50812	0.51162	0.49702	0.51162	
2001-09-29T06:00:00	0.49307	0.50857	0.49067	0.50857	0.49262	0.50812	0.49022	0.50812	
2001-09-22T06:00:00	0.48617	0.49817	0.48267	0.49307	0.48572	0.49772	0.48222	0.49262	
2001-09-15T06:00:00	0.51717	0.51727	0.48277	0.48617	0.51672	0.51682	0.48232	0.48572	
2001-09-08T06:00:00	0.51867	0.52387	0.51197	0.51717	0.51822	0.52342	0.51152	0.51672	
2001-09-01T06:00:00	0.52897	0.52907	0.51687	0.51867	0.52852	0.52862	0.51642	0.51822	
2001-08-25T06:00:00	0.53497	0.53537	0.52577	0.52897	0.53452	0.53492	0.52532	0.52852	
2001-08-18T06:00:00	0.53697	0.53967	0.52937	0.53497	0.53652	0.53922	0.52892	0.53452	
2001-08-11T06:00:00	0.51417	0.53797	0.51357	0.53697	0.51372	0.53752	0.51312	0.53652	
2001-08-04T06:00:00	0.51687	0.52067	0.50957	0.51417	0.51642	0.52022	0.50912	0.51372	
2001-07-28T06:00:00	0.50867	0.52157	0.50247	0.51687	0.50822	0.52112	0.50202	0.51642	
2001-07-21T06:00:00	0.50667	0.51217	0.50497	0.50867	0.50622	0.51172	0.50452	0.50822	
2001-07-14T06:00:00	0.51137	0.51867	0.50497	0.50667	0.51092	0.51822	0.50452	0.50622	
2001-07-07T06:00:00	0.50917	0.51357	0.50157	0.51137	0.50872	0.51312	0.50112	0.51092	
2001-06-30T06:00:00	0.51217	0.52037	0.50457	0.50917	0.51172	0.51992	0.50412	0.50872	
2001-06-23T06:00:00	0.51727	0.52327	0.50527	0.51217	0.51682	0.52282	0.50482	0.51172	
2001-06-16T06:00:00	0.52497	0.52797	0.51527	0.51727	0.52452	0.52752	0.51482	0.51682	
2001-06-09T06:00:00	0.52537	0.53067	0.52057	0.52497	0.52492	0.53022	0.52012	0.52452	
2001-06-02T06:00:00	0.50887	0.52647	0.50537	0.52537	0.50842	0.52602	0.50492	0.52492	
2001-05-26T06:00:00	0.52037	0.52197	0.50417	0.50887	0.51992	0.52152	0.50372	0.50842	
2001-05-19T06:00:00	0.53067	0.53227	0.50897	0.52037	0.53022	0.53182	0.50852	0.51992	
2001-05-12T06:00:00	0.52187	0.53067	0.51607	0.53067	0.52142	0.53022	0.51562	0.53022	
2001-05-05T06:00:00	0.51977	0.52717	0.51537	0.52187	0.51932	0.52672	0.51492	0.52142	
2001-04-28T06:00:00	0.50927	0.52437	0.50737	0.51977	0.50882	0.52392	0.50692	0.51932	
2001-04-21T06:00:00	0.51427	0.52037	0.50187	0.50927	0.51382	0.51992	0.50142	0.50882	
2001-04-14T06:00:00	0.50867	0.51967	0.49347	0.51427	0.50822	0.51922	0.49302	0.51382	
2001-04-07T06:00:00	0.49917	0.51097	0.49097	0.50867	0.49872	0.51052	0.49052	0.50822	
2001-03-31T07:00:00	0.48587	0.49987	0.47797	0.49917	0.48542	0.49942	0.47752	0.49872	
2001-03-24T07:00:00	0.49887	0.50217	0.48547	0.48587	0.49842	0.50172	0.48502	0.48542	
2001-03-17T07:00:00	0.49497	0.50477	0.49027	0.49887	0.49452	0.50432	0.48982	0.49842	
2001-03-10T07:00:00	0.50917	0.51167	0.49087	0.49497	0.50872	0.51122	0.49042	0.49452	
2001-03-03T07:00:00	0.52997	0.52997	0.50707	0.50917	0.52952	0.52952	0.50662	0.50872	
2001-02-24T07:00:00	0.52747	0.53077	0.52177	0.52997	0.52702	0.53032	0.52132	0.52952	
2001-02-17T07:00:00	0.53007	0.53167	0.52137	0.52747	0.52962	0.53122	0.52092	0.52702	
2001-02-10T07:00:00	0.53727	0.54057	0.52367	0.53007	0.53682	0.54012	0.52322	0.52962	
2001-02-03T07:00:00	0.55087	0.55377	0.53287	0.53727	0.55042	0.55332	0.53242	0.53682	
2001-01-27T07:00:00	0.54387	0.55947	0.54147	0.55087	0.54342	0.55902	0.54102	0.55042	
2001-01-20T07:00:00	0.55607	0.55837	0.54197	0.54387	0.55562	0.55792	0.54152	0.54342	
2001-01-13T07:00:00	0.55697	0.56317	0.55027	0.55607	0.55652	0.56272	0.54982	0.55562	
2001-01-06T07:00:00	0.57157	0.57277	0.55307	0.55697	0.57112	0.57232	0.55262	0.55652	
2000-12-30T07:00:00	0.55927	0.57297	0.55497	0.57157	0.55882	0.57252	0.55452	0.57112	
2000-12-23T07:00:00	0.55717	0.55997	0.55257	0.55927	0.55672	0.55952	0.55212	0.55882	
2000-12-16T07:00:00	0.54437	0.55817	0.54057	0.55717	0.54392	0.55772	0.54012	0.55672	
2000-12-09T07:00:00	0.54457	0.54807	0.53797	0.54437	0.54412	0.54762	0.53752	0.54392	
2000-12-02T07:00:00	0.53767	0.55147	0.53647	0.54457	0.53722	0.55102	0.53602	0.54412	
2000-11-25T07:00:00	0.52197	0.54007	0.51957	0.53767	0.52152	0.53962	0.51912	0.53722	
2000-11-18T07:00:00	0.51867	0.52907	0.50757	0.52197	0.51822	0.52862	0.50712	0.52152	
2000-11-11T07:00:00	0.52017	0.52457	0.51817	0.51867	0.51972	0.52412	0.51772	0.51822	
2000-11-04T07:00:00	0.52767	0.53307	0.51917	0.52017	0.52722	0.53262	0.51872	0.51972	
2000-10-28T06:00:00	0.52357	0.53417	0.51167	0.52767	0.52312	0.53372	0.51122	0.52722	
2000-10-21T06:00:00	0.53077	0.53267	0.51567	0.52357	0.53032	0.53222	0.51522	0.52312	
2000-10-14T06:00:00	0.52767	0.53077	0.51617	0.53077	0.52722	0.53032	0.51572	0.53032	
2000-10-07T06:00:00	0.53327	0.53807	0.52727	0.52767	0.53282	0.53762	0.52682	0.52722	
2000-09-30T06:00:00	0.54347	0.54807	0.52927	0.53327	0.54302	0.54762	0.52882	0.53282	
2000-09-23T06:00:00	0.54937	0.55227	0.53947	0.54347	0.54892	0.55182	0.53902	0.54302	
2000-09-16T06:00:00	0.54637	0.56007	0.53707	0.54937	0.54592	0.55962	0.53662	0.54892	
2000-09-09T06:00:00	0.55667	0.56287	0.54477	0.54637	0.55622	0.56242	0.54432	0.54592	
2000-09-02T06:00:00	0.57747	0.57967	0.55357	0.55667	0.57702	0.57922	0.55312	0.55622	
2000-08-26T06:00:00	0.57337	0.57977	0.56877	0.57747	0.57292	0.57932	0.56832	0.57702	
2000-08-19T06:00:00	0.59057	0.59197	0.56757	0.57337	0.59012	0.59152	0.56712	0.57292	
2000-08-12T06:00:00	0.57967	0.59517	0.57777	0.59057	0.57922	0.59472	0.57732	0.59012	
2000-08-05T06:00:00	0.58747	0.58957	0.57727	0.57967	0.58702	0.58912	0.57682	0.57922	
2000-07-29T06:00:00	0.58797	0.58797	0.57667	0.58747	0.58752	0.58752	0.57622	0.58702	
2000-07-22T06:00:00	0.58667	0.59397	0.58337	0.58797	0.58622	0.59352	0.58292	0.58752	
2000-07-15T06:00:00	0.58507	0.58977	0.57547	0.58667	0.58462	0.58932	0.57502	0.58622	
2000-07-08T06:00:00	0.59187	0.59587	0.58347	0.58507	0.59142	0.59542	0.58302	0.58462	
2000-07-01T06:00:00	0.59767	0.60227	0.58687	0.59187	0.59722	0.60182	0.58642	0.59142	
2000-06-24T06:00:00	0.59487	0.60537	0.59237	0.59767	0.59442	0.60492	0.59192	0.59722	
2000-06-17T06:00:00	0.60667	0.60797	0.59447	0.59487	0.60622	0.60752	0.59402	0.59442	
2000-06-10T06:00:00	0.58747	0.61017	0.58697	0.60667	0.58702	0.60972	0.58652	0.60622	
2000-06-03T06:00:00	0.58177	0.59427	0.57807	0.58747	0.58132	0.59382	0.57762	0.58702	
2000-05-27T06:00:00	0.57347	0.58257	0.56927	0.58177	0.57302	0.58212	0.56882	0.58132	
2000-05-20T06:00:00	0.57357	0.57847	0.56747	0.57347	0.57312	0.57802	0.56702	0.57302	
2000-05-13T06:00:00	0.58327	0.58377	0.56577	0.57357	0.58282	0.58332	0.56532	0.57312	
2000-05-06T06:00:00	0.59687	0.59717	0.57587	0.58327	0.59642	0.59672	0.57542	0.58282	
2000-04-29T06:00:00	0.58577	0.59797	0.57937	0.59687	0.58532	0.59752	0.57892	0.59642	
2000-04-22T06:00:00	0.59297	0.59757	0.58367	0.58577	0.59252	0.59712	0.58322	0.58532	
2000-04-15T06:00:00	0.60327	0.60547	0.58877	0.59297	0.60282	0.60502	0.58832	0.59252	
2000-04-08T06:00:00	0.59777	0.60327	0.59437	0.60327	0.59732	0.60282	0.59392	0.60282	
2000-04-01T07:00:00	0.60727	0.61087	0.59677	0.59777	0.60682	0.61042	0.59632	0.59732	
2000-03-25T07:00:00	0.60957	0.61677	0.60297	0.60727	0.60912	0.61632	0.60252	0.60682	
2000-03-18T07:00:00	0.60737	0.61257	0.60207	0.60957	0.60692	0.61212	0.60162	0.60912	
2000-03-11T07:00:00	0.61347	0.61967	0.60587	0.60737	0.61302	0.61922	0.60542	0.60692	
2000-03-04T07:00:00	0.60877	0.61677	0.60137	0.61347	0.60832	0.61632	0.60092	0.61302	
2000-02-26T07:00:00	0.61657	0.61967	0.60317	0.60877	0.61612	0.61922	0.60272	0.60832	
2000-02-19T07:00:00	0.62957	0.62987	0.61447	0.61657	0.62912	0.62942	0.61402	0.61612	
2000-02-12T07:00:00	0.63177	0.63577	0.62477	0.62957	0.63132	0.63532	0.62432	0.62912	
2000-02-05T07:00:00	0.63817	0.64337	0.62597	0.63177	0.63772	0.64292	0.62552	0.63132	
2000-01-29T07:00:00	0.63937	0.64157	0.62967	0.63817	0.63892	0.64112	0.62922	0.63772	
2000-01-22T07:00:00	0.65877	0.66037	0.62377	0.63937	0.65832	0.65992	0.62332	0.63892	
2000-01-15T07:00:00	0.66587	0.66797	0.65877	0.65877	0.66542	0.66752	0.65832	0.65832	
2000-01-08T07:00:00	0.65527	0.66917	0.65367	0.66587	0.65482	0.66872	0.65322	0.66542	
2000-01-01T07:00:00	0.65687	0.66187	0.65277	0.65527	0.65642	0.66142	0.65232	0.65482	
1999-12-25T07:00:00	0.64437	0.65807	0.64327	0.65687	0.64392	0.65762	0.64282	0.65642	
1999-12-18T07:00:00	0.64327	0.64747	0.64157	0.64437	0.64282	0.64702	0.64112	0.64392	
1999-12-11T07:00:00	0.63557	0.64627	0.63307	0.64327	0.63512	0.64582	0.63262	0.64282	
1999-12-04T07:00:00	0.63287	0.64127	0.63147	0.63557	0.63242	0.64082	0.63102	0.63512	
1999-11-27T07:00:00	0.63477	0.63947	0.63067	0.63287	0.63432	0.63902	0.63022	0.63242	
1999-11-20T07:00:00	0.63977	0.64027	0.63187	0.63477	0.63932	0.63982	0.63142	0.63432	
1999-11-13T07:00:00	0.64777	0.64797	0.63777	0.63977	0.64732	0.64752	0.63732	0.63932	
1999-11-06T07:00:00	0.63847	0.64777	0.63677	0.64777	0.63802	0.64732	0.63632	0.64732	
1999-10-30T06:00:00	0.63927	0.64577	0.63547	0.63847	0.63882	0.64532	0.63502	0.63802	
1999-10-23T06:00:00	0.64987	0.65417	0.63677	0.63927	0.64942	0.65372	0.63632	0.63882	
1999-10-16T06:00:00	0.64497	0.65187	0.64277	0.64987	0.64452	0.65142	0.64232	0.64942	
1999-10-09T06:00:00	0.65377	0.65847	0.64497	0.64497	0.65332	0.65802	0.64452	0.64452	
1999-10-02T06:00:00	0.65727	0.66667	0.65377	0.65377	0.65682	0.66622	0.65332	0.65332	
1999-09-25T06:00:00	0.65097	0.65897	0.64947	0.65727	0.65052	0.65852	0.64902	0.65682	
1999-09-18T06:00:00	0.64707	0.65387	0.64117	0.65097	0.64662	0.65342	0.64072	0.65052	
1999-09-11T06:00:00	0.65217	0.65877	0.64597	0.64707	0.65172	0.65832	0.64552	0.64662	
1999-09-04T06:00:00	0.64567	0.65427	0.64317	0.65217	0.64522	0.65382	0.64272	0.65172	
1999-08-28T06:00:00	0.63027	0.64757	0.62917	0.64567	0.62982	0.64712	0.62872	0.64522	
1999-08-21T06:00:00	0.63817	0.64057	0.62927	0.63027	0.63772	0.64012	0.62882	0.62982	
1999-08-14T06:00:00	0.65357	0.65507	0.63397	0.63817	0.65312	0.65462	0.63352	0.63772	
1999-08-07T06:00:00	0.65147	0.65527	0.64677	0.65357	0.65102	0.65482	0.64632	0.65312	
1999-07-31T06:00:00	0.65147	0.66057	0.64807	0.65147	0.65102	0.66012	0.64762	0.65102	
1999-07-24T06:00:00	0.65087	0.65457	0.64297	0.65147	0.65042	0.65412	0.64252	0.65102	
1999-07-17T06:00:00	0.66187	0.66197	0.64267	0.65087	0.66142	0.66152	0.64222	0.65042	
1999-07-10T06:00:00	0.66687	0.66837	0.65677	0.66187	0.66642	0.66792	0.65632	0.66142	
1999-07-03T06:00:00	0.66777	0.67227	0.66127	0.66687	0.66732	0.67182	0.66082	0.66642	
1999-06-26T06:00:00	0.66237	0.67177	0.65477	0.66777	0.66192	0.67132	0.65432	0.66732	
1999-06-19T06:00:00	0.65277	0.66497	0.64897	0.66237	0.65232	0.66452	0.64852	0.66192	
1999-06-12T06:00:00	0.66527	0.66597	0.65127	0.65277	0.66482	0.66552	0.65082	0.65232	
1999-06-05T06:00:00	0.65897	0.66827	0.65557	0.66527	0.65852	0.66782	0.65512	0.66482	
1999-05-29T06:00:00	0.65387	0.66047	0.64107	0.65897	0.65342	0.66002	0.64062	0.65852	
1999-05-22T06:00:00	0.65797	0.66147	0.64677	0.65387	0.65752	0.66102	0.64632	0.65342	
1999-05-15T06:00:00	0.66207	0.67457	0.65777	0.65797	0.66162	0.67412	0.65732	0.65752	
1999-05-08T06:00:00	0.67117	0.67517	0.66207	0.66207	0.67072	0.67472	0.66162	0.66162	
1999-05-01T06:00:00	0.66097	0.67497	0.65817	0.67117	0.66052	0.67452	0.65772	0.67072	
1999-04-24T06:00:00	0.65247	0.66347	0.64607	0.66097	0.65202	0.66302	0.64562	0.66052	
1999-04-17T06:00:00	0.64727	0.65907	0.64517	0.65247	0.64682	0.65862	0.64472	0.65202	
1999-04-10T06:00:00	0.63327	0.64957	0.63197	0.64727	0.63282	0.64912	0.63152	0.64682	
1999-04-03T07:00:00	0.63447	0.63587	0.62297	0.63327	0.63402	0.63542	0.62252	0.63282	
1999-03-27T07:00:00	0.63487	0.64037	0.62607	0.63447	0.63442	0.63992	0.62562	0.63402	
1999-03-20T07:00:00	0.63107	0.64267	0.62997	0.63487	0.63062	0.64222	0.62952	0.63442	
1999-03-13T07:00:00	0.63597	0.63597	0.62387	0.63107	0.63552	0.63552	0.62342	0.63062	
1999-03-06T07:00:00	0.62857	0.63987	0.62677	0.63597	0.62812	0.63942	0.62632	0.63552	
1999-02-27T07:00:00	0.61927	0.62997	0.61657	0.62857	0.61882	0.62952	0.61612	0.62812	
1999-02-20T07:00:00	0.64187	0.64227	0.61807	0.61927	0.64142	0.64182	0.61762	0.61882	
1999-02-13T07:00:00	0.64807	0.65067	0.63197	0.64187	0.64762	0.65022	0.63152	0.64142	
1999-02-06T07:00:00	0.65127	0.65487	0.63977	0.64807	0.65082	0.65442	0.63932	0.64762	
1999-01-30T07:00:00	0.63217	0.65447	0.63087	0.65127	0.63172	0.65402	0.63042	0.65082	
1999-01-23T07:00:00	0.63427	0.63447	0.62307	0.63217	0.63382	0.63402	0.62262	0.63172	
1999-01-16T07:00:00	0.63547	0.64647	0.63177	0.63427	0.63502	0.64602	0.63132	0.63382	
1999-01-09T07:00:00	0.63457	0.64477	0.62737	0.63547	0.63412	0.64432	0.62692	0.63502	
1999-01-02T07:00:00	0.61267	0.63887	0.61197	0.63457	0.61222	0.63842	0.61152	0.63412	
1998-12-26T07:00:00	0.61197	0.61627	0.60627	0.61267	0.61152	0.61582	0.60582	0.61222	
1998-12-19T07:00:00	0.61967	0.62207	0.60797	0.61197	0.61922	0.62162	0.60752	0.61152	
1998-12-12T07:00:00	0.61957	0.62707	0.61667	0.61967	0.61912	0.62662	0.61622	0.61922	
1998-12-05T07:00:00	0.61737	0.62657	0.61027	0.61957	0.61692	0.62612	0.60982	0.61912	
1998-11-28T07:00:00	0.63427	0.63877	0.61647	0.61737	0.63382	0.63832	0.61602	0.61692	
1998-11-21T07:00:00	0.64117	0.64547	0.63307	0.63427	0.64072	0.64502	0.63262	0.63382	
1998-11-14T07:00:00	0.63917	0.64897	0.62897	0.64117	0.63872	0.64852	0.62852	0.64072	
1998-11-07T07:00:00	0.63427	0.64057	0.62267	0.63917	0.63382	0.64012	0.62222	0.63872	
1998-10-31T07:00:00	0.62477	0.63637	0.62177	0.63427	0.62432	0.63592	0.62132	0.63382	
1998-10-24T06:00:00	0.62007	0.62717	0.61247	0.62477	0.61962	0.62672	0.61202	0.62432	
1998-10-17T06:00:00	0.63367	0.63697	0.61747	0.62007	0.63322	0.63652	0.61702	0.61962	
1998-10-10T06:00:00	0.61427	0.64257	0.61337	0.63367	0.61382	0.64212	0.61292	0.63322	
1998-10-03T06:00:00	0.59767	0.62747	0.58197	0.61427	0.59722	0.62702	0.58152	0.61382	
1998-09-26T06:00:00	0.58757	0.60047	0.58397	0.59767	0.58712	0.60002	0.58352	0.59722	
1998-09-19T06:00:00	0.58677	0.59327	0.57567	0.58757	0.58632	0.59282	0.57522	0.58712	
1998-09-12T06:00:00	0.59647	0.60057	0.58597	0.58677	0.59602	0.60012	0.58552	0.58632	
1998-09-05T06:00:00	0.58797	0.60437	0.58167	0.59647	0.58752	0.60392	0.58122	0.59602	
1998-08-29T06:00:00	0.56737	0.59227	0.56577	0.58797	0.56692	0.59182	0.56532	0.58752	
1998-08-22T06:00:00	0.58207	0.59177	0.55347	0.56737	0.58162	0.59132	0.55302	0.56692	
1998-08-15T06:00:00	0.59447	0.60027	0.58077	0.58207	0.59402	0.59982	0.58032	0.58162	
1998-08-08T06:00:00	0.60027	0.60197	0.59067	0.59447	0.59982	0.60152	0.59022	0.59402	
1998-08-01T06:00:00	0.60627	0.61197	0.59907	0.60027	0.60582	0.61152	0.59862	0.59982	
1998-07-25T06:00:00	0.61677	0.61777	0.60577	0.60627	0.61632	0.61732	0.60532	0.60582	
1998-07-18T06:00:00	0.62737	0.63237	0.61557	0.61677	0.62692	0.63192	0.61512	0.61632	
1998-07-11T06:00:00	0.60987	0.63427	0.60287	0.62737	0.60942	0.63382	0.60242	0.62692	
1998-07-04T06:00:00	0.61427	0.62337	0.60987	0.60987	0.61382	0.62292	0.60942	0.60942	
1998-06-27T06:00:00	0.59977	0.62497	0.59877	0.61427	0.59932	0.62452	0.59832	0.61382	
1998-06-20T06:00:00	0.61037	0.61477	0.59977	0.59977	0.60992	0.61432	0.59932	0.59932	
1998-06-13T06:00:00	0.58767	0.62877	0.58037	0.61037	0.58722	0.62832	0.57992	0.60992	
1998-06-06T06:00:00	0.60297	0.60397	0.58117	0.58767	0.60252	0.60352	0.58072	0.58722	
1998-05-30T06:00:00	0.62407	0.62487	0.60047	0.60297	0.62362	0.62442	0.60002	0.60252	
1998-05-23T06:00:00	0.62557	0.62917	0.62057	0.62407	0.62512	0.62872	0.62012	0.62362	
