日時	AUD/CAD(始値, 買い)	AUD/CAD(高値, 買い)	AUD/CAD(安値, 買い)	AUD/CAD(終値, 買い)	AUD/CAD(始値, 売り)	AUD/CAD(高値, 売り)	AUD/CAD(安値, 売り)	AUD/CAD(終値, 売り)	
2014-02-01T07:00:00	0.97545	0.99031	0.96969	0.98772	0.97375	0.99008	0.96947	0.98750	
2014-01-25T07:00:00	0.96311	0.98490	0.96037	0.97545	0.96225	0.98466	0.96010	0.97375	
2014-01-18T07:00:00	0.96344	0.98400	0.95927	0.96311	0.96234	0.98373	0.95901	0.96225	
2014-01-11T07:00:00	0.98104	0.99018	0.95969	0.96344	0.97991	0.98992	0.95946	0.96234	
2014-01-04T07:00:00	0.95220	0.98249	0.94998	0.98104	0.95063	0.98228	0.94969	0.97991	
2013-12-28T07:00:00	0.95010	0.95758	0.94133	0.95220	0.94888	0.95735	0.94106	0.95063	
2013-12-21T07:00:00	0.94945	0.95219	0.94325	0.95010	0.94826	0.95193	0.94293	0.94888	
2013-12-14T07:00:00	0.94964	0.95460	0.94242	0.94945	0.94877	0.95436	0.94216	0.94826	
2013-12-07T07:00:00	0.96887	0.97282	0.94796	0.94964	0.96801	0.97259	0.94785	0.94877	
2013-11-30T07:00:00	0.96757	0.97486	0.95858	0.96887	0.96565	0.97469	0.95789	0.96801	
2013-11-23T07:00:00	0.96504	0.96896	0.95869	0.96757	0.96409	0.96871	0.95845	0.96565	
2013-11-16T07:00:00	0.97882	0.98797	0.96393	0.96504	0.97733	0.98772	0.96360	0.96409	
2013-11-09T07:00:00	0.98427	0.98449	0.97293	0.97882	0.98260	0.98408	0.97268	0.97733	
2013-11-02T06:00:00	0.98428	0.99682	0.98161	0.98427	0.98338	0.99661	0.98141	0.98260	
2013-10-26T06:00:00	1.00238	1.00493	0.98306	0.98428	1.00105	1.00467	0.98266	0.98338	
2013-10-19T06:00:00	0.99598	1.00372	0.99169	1.00238	0.99516	1.00349	0.99157	1.00105	
2013-10-12T06:00:00	0.98022	0.99646	0.97716	0.99598	0.97963	0.99613	0.97579	0.99516	
2013-10-05T06:00:00	0.97159	0.98633	0.96953	0.98022	0.97080	0.98578	0.96925	0.97963	
2013-09-28T06:00:00	0.96047	0.97646	0.95746	0.97159	0.95981	0.97623	0.95704	0.97080	
2013-09-21T06:00:00	0.96913	0.97271	0.95875	0.96047	0.96796	0.97246	0.95848	0.95981	
2013-09-14T06:00:00	0.95755	0.97425	0.95907	0.96913	0.95722	0.97393	0.95817	0.96796	
2013-09-07T06:00:00	0.95652	0.96479	0.95290	0.95755	0.95551	0.96457	0.95258	0.95722	
2013-08-31T06:00:00	0.93920	0.96458	0.94038	0.95652	0.93755	0.96406	0.93979	0.95551	
2013-08-24T06:00:00	0.94850	0.95289	0.93317	0.93920	0.94700	0.95259	0.93291	0.93755	
2013-08-17T06:00:00	0.95035	0.95287	0.93554	0.94850	0.94889	0.95265	0.93527	0.94700	
2013-08-10T06:00:00	0.94688	0.95370	0.93788	0.95035	0.94508	0.95343	0.93766	0.94889	
2013-08-03T06:00:00	0.92559	0.94892	0.92059	0.94688	0.92480	0.94871	0.92031	0.94508	
2013-07-27T06:00:00	0.95295	0.95378	0.91757	0.92559	0.95191	0.95320	0.91677	0.92480	
2013-07-20T06:00:00	0.95209	0.95979	0.94206	0.95295	0.95090	0.95958	0.94168	0.95191	
2013-07-13T06:00:00	0.94123	0.96556	0.94142	0.95209	0.94080	0.96464	0.94081	0.95090	
2013-07-06T06:00:00	0.95939	0.96971	0.93545	0.94123	0.95796	0.96946	0.93521	0.94080	
2013-06-29T06:00:00	0.96136	0.97164	0.95113	0.95939	0.96027	0.97137	0.95071	0.95796	
2013-06-22T06:00:00	0.96514	0.97858	0.95925	0.96136	0.96349	0.97840	0.95896	0.96027	
2013-06-15T06:00:00	0.97458	0.97872	0.94840	0.96514	0.97338	0.97856	0.94817	0.96349	
2013-06-08T06:00:00	0.96854	0.98230	0.95486	0.97458	0.96769	0.98171	0.95448	0.97338	
2013-06-01T06:00:00	0.99276	1.00660	0.96413	0.96854	0.99197	1.00641	0.96378	0.96769	
2013-05-25T06:00:00	0.99597	1.00293	0.98873	0.99276	0.99502	1.00266	0.98848	0.99197	
2013-05-18T06:00:00	1.00098	1.00901	0.99523	0.99597	1.00033	1.00878	0.99492	0.99502	
2013-05-11T06:00:00	1.01323	1.01350	0.99540	1.00098	1.01234	1.01301	0.99513	1.00033	
2013-05-04T06:00:00	1.04036	1.04036	1.00786	1.01323	1.03969	1.03969	1.00756	1.01234	
2013-04-27T06:00:00	1.04637	1.05014	1.03076	1.04036	1.04565	1.04997	1.03048	1.03969	
2013-04-20T06:00:00	1.05549	1.05664	1.04453	1.04637	1.05478	1.05641	1.04428	1.04565	
2013-04-13T06:00:00	1.06538	1.06730	1.05472	1.05549	1.06419	1.06706	1.05443	1.05478	
2013-04-06T06:00:00	1.05733	1.07168	1.05258	1.06538	1.05664	1.07146	1.05237	1.06419	
2013-03-30T06:00:00	1.06081	1.06500	1.05358	1.05733	1.06002	1.06481	1.05338	1.05664	
2013-03-23T06:00:00	1.06913	1.07078	1.05678	1.06081	1.06827	1.07055	1.05645	1.06002	
2013-03-16T06:00:00	1.06149	1.07189	1.05811	1.06913	1.06103	1.07166	1.05706	1.06827	
2013-03-09T07:00:00	1.05277	1.06691	1.04978	1.06149	1.05177	1.06672	1.04943	1.06103	
2013-03-02T07:00:00	1.04813	1.06120	1.04269	1.05277	1.04757	1.06097	1.04246	1.05177	
2013-02-23T07:00:00	1.05318	1.05805	1.04430	1.04813	1.05257	1.05780	1.04372	1.04757	
2013-02-16T07:00:00	1.03768	1.05778	1.03532	1.05318	1.03676	1.05754	1.03506	1.05257	
2013-02-09T07:00:00	1.03542	1.04006	1.02999	1.03768	1.03428	1.03985	1.02894	1.03676	
2013-02-02T07:00:00	1.03760	1.04409	1.02423	1.03542	1.03683	1.04347	1.02397	1.03428	
2013-01-26T07:00:00	1.04910	1.05213	1.03460	1.03760	1.04809	1.05191	1.03440	1.03683	
2013-01-19T07:00:00	1.04265	1.05530	1.04153	1.04910	1.04180	1.05460	1.04117	1.04809	
2013-01-12T07:00:00	1.03862	1.04360	1.03623	1.04265	1.03797	1.04340	1.03597	1.04180	
2013-01-05T07:00:00	1.03504	1.04433	1.03289	1.03862	1.03447	1.04408	1.03264	1.03797	
2012-12-29T07:00:00	1.03458	1.03748	1.02874	1.03504	1.03393	1.03727	1.02854	1.03447	
2012-12-22T07:00:00	1.03416	1.03498	1.02719	1.03458	1.03331	1.03473	1.02689	1.03393	
2012-12-15T07:00:00	1.04215	1.04259	1.03254	1.03416	1.04150	1.04211	1.03231	1.03331	
2012-12-08T07:00:00	1.03767	1.04301	1.03281	1.04215	1.03668	1.04277	1.03258	1.04150	
2012-12-01T07:00:00	1.03737	1.04299	1.03242	1.03767	1.03639	1.04279	1.03228	1.03668	
2012-11-24T07:00:00	1.03948	1.04125	1.03392	1.03737	1.03748	1.04100	1.03368	1.03639	
2012-11-17T07:00:00	1.03549	1.03948	1.03144	1.03948	1.03504	1.03895	1.03119	1.03748	
2012-11-10T07:00:00	1.04040	1.04720	1.03279	1.03549	1.03981	1.04691	1.03263	1.03504	
2012-11-03T06:00:00	1.02976	1.04300	1.02925	1.04040	1.02916	1.04274	1.02820	1.03981	
2012-10-27T06:00:00	1.03494	1.03916	1.02867	1.02976	1.03416	1.03894	1.02841	1.02916	
2012-10-20T06:00:00	1.02665	1.03559	1.01634	1.03494	1.02614	1.03531	1.01609	1.03416	
2012-10-13T06:00:00	1.00264	1.02672	1.00034	1.02665	1.00237	1.02647	1.00009	1.02614	
2012-10-06T06:00:00	0.99687	1.00924	0.99319	1.00264	0.99636	1.00896	0.99220	1.00237	
2012-09-29T06:00:00	1.02113	1.02113	0.99480	0.99687	1.02059	1.02059	0.99452	0.99636	
2012-09-22T06:00:00	1.02131	1.02702	1.01540	1.02113	1.02089	1.02679	1.01513	1.02059	
2012-09-15T06:00:00	1.02568	1.02568	1.01581	1.02131	1.02513	1.02513	1.01557	1.02089	
2012-09-08T06:00:00	1.01701	1.02746	1.00803	1.02568	1.01621	1.02724	1.00778	1.02513	
2012-09-01T06:00:00	1.01861	1.01861	1.00558	1.01701	1.01741	1.01815	1.00477	1.01621	
2012-08-25T06:00:00	1.03303	1.03579	1.01733	1.01861	1.03219	1.03415	1.01706	1.01741	
2012-08-18T06:00:00	1.03119	1.04352	1.03023	1.03303	1.02985	1.04331	1.02980	1.03219	
2012-08-11T06:00:00	1.04843	1.04843	1.02951	1.03119	1.04786	1.04786	1.02921	1.02985	
2012-08-04T06:00:00	1.05867	1.06010	1.04386	1.04843	1.05720	1.05978	1.04359	1.04786	
2012-07-28T06:00:00	1.05237	1.05888	1.04983	1.05867	1.05071	1.05861	1.04953	1.05720	
2012-07-21T06:00:00	1.05170	1.05324	1.04158	1.05237	1.05012	1.05290	1.04011	1.05071	
2012-07-14T06:00:00	1.03826	1.05236	1.03623	1.05170	1.03631	1.05169	1.03599	1.05012	
2012-07-07T06:00:00	1.04113	1.04726	1.03229	1.03826	1.04041	1.04631	1.03200	1.03631	
2012-06-30T06:00:00	1.04270	1.04547	1.03836	1.04113	1.04100	1.04469	1.03808	1.04041	
2012-06-23T06:00:00	1.03167	1.04577	1.02803	1.04270	1.03057	1.04550	1.02774	1.04100	
2012-06-16T06:00:00	1.03089	1.04044	1.03001	1.03167	1.02937	1.04014	1.02937	1.03057	
2012-06-09T06:00:00	1.01900	1.03235	1.01671	1.03089	1.01747	1.03210	1.01638	1.02937	
2012-06-02T06:00:00	1.01057	1.02530	1.00563	1.01900	1.00910	1.02500	1.00515	1.01747	
2012-05-26T06:00:00	1.00518	1.01175	0.99750	1.01057	1.00367	1.01153	0.99724	1.00910	
2012-05-19T06:00:00	1.00700	1.00969	0.99577	1.00518	1.00544	1.00917	0.99550	1.00367	
2012-05-12T06:00:00	1.00326	1.01143	0.99851	1.00700	1.00122	1.01113	0.99812	1.00544	
2012-05-05T06:00:00	1.01478	1.01615	1.00039	1.00326	1.01299	1.01597	1.00023	1.00122	
2012-04-28T06:00:00	1.02746	1.03042	1.01053	1.01478	1.02600	1.03009	1.01027	1.01299	
2012-04-21T06:00:00	1.03085	1.03159	1.01580	1.02746	1.02872	1.03126	1.01549	1.02600	
2012-04-14T06:00:00	1.03758	1.03801	1.02484	1.03085	1.03609	1.03777	1.02457	1.02872	
2012-04-07T06:00:00	1.02800	1.04104	1.02343	1.03758	1.02663	1.04084	1.02288	1.03609	
2012-03-31T06:00:00	1.03372	1.04167	1.01862	1.02800	1.03162	1.04063	1.01834	1.02663	
2012-03-24T06:00:00	1.04532	1.04887	1.03140	1.03372	1.04377	1.04858	1.03114	1.03162	
2012-03-17T06:00:00	1.05092	1.05258	1.03132	1.04532	1.04949	1.05196	1.03102	1.04377	
2012-03-10T07:00:00	1.04828	1.05114	1.03390	1.05092	1.04687	1.05084	1.03364	1.04949	
2012-03-03T07:00:00	1.06244	1.06389	1.04670	1.04828	1.06091	1.06345	1.04640	1.04687	
2012-02-25T07:00:00	1.06947	1.07675	1.06065	1.06244	1.06870	1.07649	1.06038	1.06091	
2012-02-18T07:00:00	1.06771	1.07267	1.06000	1.06947	1.06675	1.07235	1.05972	1.06870	
2012-02-11T07:00:00	1.06937	1.07536	1.06484	1.06771	1.06860	1.07512	1.06454	1.06675	
2012-02-04T07:00:00	1.07071	1.07856	1.06603	1.06937	1.06922	1.07831	1.06572	1.06860	
2012-01-28T07:00:00	1.06818	1.07374	1.05928	1.07071	1.06757	1.07346	1.05894	1.06922	
2012-01-21T07:00:00	1.06293	1.06907	1.05573	1.06818	1.06207	1.06876	1.05487	1.06757	
2012-01-14T07:00:00	1.05655	1.06334	1.04895	1.06293	1.05574	1.06265	1.04819	1.06207	
2012-01-07T07:00:00	1.05263	1.05727	1.04474	1.05655	1.05134	1.05660	1.04438	1.05574	
2011-12-31T07:00:00	1.04448	1.05263	1.03953	1.05263	1.04020	1.05199	1.03878	1.05134	
2011-12-24T07:00:00	1.03566	1.04509	1.02942	1.04448	1.03382	1.04461	1.02888	1.04020	
2011-12-17T07:00:00	1.03687	1.04515	1.02643	1.03566	1.03531	1.04482	1.02608	1.03382	
2011-12-10T07:00:00	1.03964	1.04182	1.02583	1.03687	1.03917	1.04075	1.02544	1.03531	
2011-12-03T07:00:00	1.04029	1.04616	1.03103	1.03964	1.04003	1.04581	1.03069	1.03917	
2011-11-26T07:00:00	1.01824	1.05315	1.01824	1.04029	1.01783	1.05233	1.01783	1.04003	
2011-11-19T07:00:00	1.02762	1.02951	1.01113	1.01824	1.02725	1.02890	1.01087	1.01783	
2011-11-12T07:00:00	1.04130	1.04611	1.02604	1.02762	1.04085	1.04575	1.02576	1.02725	
2011-11-05T06:00:00	1.05625	1.05905	1.03140	1.04130	1.05587	1.05860	1.03095	1.04085	
2011-10-29T06:00:00	1.06292	1.06468	1.04185	1.05625	1.06257	1.06356	1.04150	1.05587	
2011-10-22T06:00:00	1.04473	1.06673	1.04057	1.06292	1.04436	1.06639	1.04021	1.06257	
2011-10-15T06:00:00	1.04538	1.04538	1.03712	1.04473	1.04502	1.04502	1.03542	1.04436	
2011-10-08T06:00:00	1.01599	1.04672	1.01257	1.04538	1.01545	1.04641	1.01081	1.04502	
2011-10-01T06:00:00	1.01488	1.01938	0.99410	1.01599	1.01437	1.01906	0.99378	1.01545	
2011-09-24T06:00:00	1.00624	1.01806	0.99840	1.01488	1.00560	1.01790	0.99804	1.01437	
2011-09-17T06:00:00	1.01588	1.02448	0.99889	1.00624	1.01394	1.02386	0.99851	1.00560	
2011-09-10T06:00:00	1.04136	1.04208	1.01044	1.01588	1.04091	1.04141	1.01011	1.01394	
2011-09-03T06:00:00	1.04892	1.05228	1.03801	1.04136	1.04846	1.05162	1.03761	1.04091	
2011-08-27T06:00:00	1.04010	1.05071	1.03579	1.04892	1.03961	1.05021	1.03536	1.04846	
2011-08-20T06:00:00	1.02866	1.04334	1.02752	1.04010	1.02821	1.04295	1.02694	1.03961	
2011-08-13T06:00:00	1.02590	1.03830	1.02313	1.02866	1.02467	1.03786	1.02200	1.02821	
2011-08-06T06:00:00	1.02358	1.02730	0.99193	1.02590	1.02298	1.02643	0.99141	1.02467	
2011-07-30T06:00:00	1.05000	1.05378	1.02131	1.02358	1.04933	1.05343	1.02092	1.02298	
2011-07-23T06:00:00	1.02991	1.05235	1.02511	1.05000	1.02952	1.05201	1.02473	1.04933	
2011-07-16T06:00:00	1.01718	1.03372	1.01288	1.02991	1.01666	1.03338	1.01249	1.02952	
2011-07-09T06:00:00	1.03423	1.03588	1.01516	1.01718	1.03386	1.03516	1.01479	1.01666	
2011-07-02T06:00:00	1.03373	1.03873	1.02594	1.03423	1.03325	1.03840	1.02551	1.03386	
2011-06-25T06:00:00	1.03717	1.04028	1.02864	1.03373	1.03620	1.03991	1.02832	1.03325	
2011-06-18T06:00:00	1.04091	1.04188	1.02368	1.03717	1.04051	1.04101	1.02333	1.03620	
2011-06-11T06:00:00	1.03176	1.04259	1.02917	1.04091	1.03146	1.04227	1.02871	1.04051	
2011-06-04T06:00:00	1.04918	1.05585	1.02990	1.03176	1.04816	1.05552	1.02957	1.03146	
2011-05-28T06:00:00	1.04541	1.05116	1.03080	1.04918	1.04452	1.05081	1.03031	1.04816	
2011-05-21T06:00:00	1.03853	1.04698	1.02498	1.04541	1.03756	1.04671	1.02465	1.04452	
2011-05-14T06:00:00	1.02368	1.04051	1.02221	1.03853	1.02345	1.04006	1.02179	1.03756	
2011-05-07T06:00:00	1.03347	1.04171	1.01961	1.02368	1.03295	1.04120	1.01921	1.02345	
2011-04-30T06:00:00	1.03768	1.04455	1.02142	1.03347	1.03721	1.04425	1.02101	1.03295	
2011-04-23T06:00:00	1.02612	1.04468	1.01940	1.03768	1.02481	1.04442	1.01895	1.03721	
2011-04-16T06:00:00	1.01455	1.02622	1.00385	1.02612	1.01408	1.02564	1.00351	1.02481	
2011-04-09T06:00:00	1.01131	1.01759	1.00061	1.01455	1.01016	1.01726	1.00022	1.01408	
2011-04-02T06:00:00	1.00201	1.01222	0.99438	1.01131	1.00154	1.01170	0.99385	1.01016	
2011-03-26T06:00:00	1.00710	1.01231	0.99739	1.00201	1.00666	1.01188	0.99703	1.00154	
2011-03-19T06:00:00	0.98312	1.00763	0.97977	1.00710	0.98256	1.00730	0.97858	1.00666	
2011-03-12T07:00:00	0.98607	0.98883	0.96421	0.98312	0.98571	0.98772	0.96061	0.98256	
2011-03-05T07:00:00	0.98548	0.98858	0.97244	0.98607	0.98498	0.98820	0.97205	0.98571	
2011-02-26T07:00:00	0.99606	0.99642	0.97963	0.98548	0.99565	0.99598	0.97926	0.98498	
2011-02-19T07:00:00	1.00046	1.00158	0.98487	0.99606	0.99999	0.99999	0.98453	0.99565	
2011-02-12T07:00:00	0.98887	1.00197	0.98361	1.00046	0.98844	1.00164	0.98329	0.99999	
2011-02-05T07:00:00	1.00221	1.01295	0.98848	0.98887	1.00184	1.01260	0.98810	0.98844	
2011-01-29T07:00:00	0.99375	1.01255	0.98936	1.00221	0.99321	1.01016	0.98874	1.00184	
2011-01-22T07:00:00	0.98525	0.99606	0.98070	0.99375	0.98481	0.99561	0.98025	0.99321	
2011-01-15T07:00:00	0.97933	0.99986	0.97522	0.98525	0.97876	0.99951	0.97487	0.98481	
2011-01-08T07:00:00	0.98869	0.99156	0.97079	0.97933	0.98821	0.99120	0.97021	0.97876	
2011-01-01T07:00:00	1.01812	1.01957	0.98359	0.98869	1.01777	1.01777	0.98200	0.98821	
2010-12-25T07:00:00	1.01139	1.02073	1.00901	1.01813	1.01092	1.02021	1.00824	1.01766	
2010-12-18T07:00:00	1.00117	1.02004	0.99943	1.01139	1.00086	1.01963	0.99811	1.01092	
2010-12-11T07:00:00	0.99477	1.00832	0.98822	1.00117	0.99422	1.00786	0.98776	1.00086	
2010-12-04T07:00:00	0.99583	0.99968	0.98632	0.99477	0.99532	0.99930	0.98598	0.99422	
2010-11-27T07:00:00	0.98408	0.99790	0.97403	0.99583	0.98331	0.99746	0.97359	0.99532	
2010-11-20T07:00:00	1.00363	1.00916	0.98038	0.98408	1.00309	1.00865	0.97999	0.98331	
2010-11-13T07:00:00	1.00065	1.01088	0.99074	1.00363	0.99918	1.01060	0.99017	1.00309	
2010-11-06T06:00:00	1.01572	1.01847	0.99192	0.99587	1.01519	1.01795	0.99157	0.99541	
2010-10-30T06:00:00	1.00006	1.02281	0.99946	1.01572	0.99933	1.02046	0.99896	1.01519	
2010-10-23T06:00:00	1.00818	1.01591	0.99126	1.00006	1.00763	1.01546	0.99078	0.99933	
2010-10-16T06:00:00	1.00133	1.01253	0.99807	1.00818	1.00076	1.01180	0.99764	1.00763	
2010-10-09T06:00:00	0.99672	1.00422	0.98944	1.00133	0.99617	1.00374	0.98905	1.00076	
2010-10-02T06:00:00	0.99287	1.00204	0.97916	0.99672	0.99244	1.00153	0.97871	0.99617	
2010-09-25T06:00:00	0.98446	1.00267	0.98146	0.99287	0.98403	1.00221	0.98098	0.99244	
2010-09-18T06:00:00	0.96588	0.98733	0.96588	0.98446	0.96541	0.98695	0.96541	0.98403	
2010-09-11T06:00:00	0.95986	0.97046	0.95801	0.96588	0.95942	0.97007	0.95760	0.96541	
2010-09-04T06:00:00	0.95300	0.96192	0.94613	0.95986	0.95254	0.96130	0.94575	0.95942	
2010-08-28T06:00:00	0.94613	0.96376	0.94111	0.95300	0.94568	0.96201	0.94073	0.95254	
2010-08-21T06:00:00	0.93604	0.94992	0.93017	0.94613	0.93557	0.94951	0.92877	0.94568	
2010-08-14T06:00:00	0.92959	0.94018	0.92155	0.93604	0.92913	0.93981	0.92111	0.93557	
2010-08-07T06:00:00	0.94461	0.94655	0.92938	0.92959	0.94414	0.94619	0.92897	0.92913	
2010-07-31T06:00:00	0.92989	0.94665	0.92480	0.94461	0.92942	0.94626	0.92435	0.94414	
2010-07-24T06:00:00	0.92956	0.93604	0.92114	0.92989	0.92908	0.93555	0.92066	0.92942	
2010-07-17T06:00:00	0.91790	0.93233	0.91324	0.92956	0.91739	0.93122	0.91137	0.92908	
2010-07-10T06:00:00	0.90751	0.92052	0.89895	0.91790	0.90698	0.92008	0.89851	0.91739	
2010-07-03T06:00:00	0.89535	0.91679	0.88740	0.90751	0.89491	0.91639	0.88685	0.90698	
2010-06-26T06:00:00	0.90732	0.90790	0.88798	0.89535	0.90679	0.90732	0.88744	0.89491	
2010-06-19T06:00:00	0.88882	0.91157	0.88882	0.90732	0.88887	0.91106	0.88887	0.90679	
2010-06-12T06:00:00	0.87883	0.89469	0.87757	0.88882	0.87888	0.89474	0.87762	0.88887	
2010-06-05T06:00:00	0.87172	0.88031	0.85760	0.87883	0.87177	0.88036	0.85765	0.87888	
2010-05-29T06:00:00	0.89118	0.89280	0.86675	0.87172	0.89043	0.89231	0.86680	0.87177	
2010-05-22T06:00:00	0.88149	0.89715	0.87232	0.89118	0.88091	0.89676	0.87175	0.89043	
2010-05-15T06:00:00	0.91383	0.91849	0.86569	0.88149	0.91343	0.91712	0.86327	0.88091	
2010-05-08T06:00:00	0.92557	0.93548	0.90806	0.91383	0.92510	0.93274	0.90765	0.91343	
2010-05-01T06:00:00	0.94016	0.94688	0.92118	0.92557	0.93974	0.94521	0.92073	0.92510	
2010-04-24T06:00:00	0.92630	0.94373	0.92488	0.94016	0.92587	0.94330	0.92324	0.93974	
2010-04-17T06:00:00	0.93787	0.94497	0.91816	0.92630	0.93732	0.94441	0.91761	0.92587	
2010-04-10T06:00:00	0.93724	0.94198	0.92660	0.93787	0.93678	0.94125	0.92608	0.93732	
2010-04-03T06:00:00	0.92939	0.93958	0.92079	0.93724	0.92868	0.93914	0.91950	0.93678	
2010-03-27T06:00:00	0.92800	0.93917	0.92584	0.92939	0.92750	0.93864	0.92547	0.92868	
2010-03-20T06:00:00	0.93181	0.93685	0.92638	0.92800	0.93133	0.93638	0.92585	0.92750	
2010-03-13T07:00:00	0.93243	0.93845	0.92586	0.93181	0.93192	0.93781	0.92488	0.93133	
2010-03-06T07:00:00	0.93626	0.94224	0.93079	0.93243	0.93551	0.94184	0.93036	0.93192	
2010-02-27T07:00:00	0.94319	0.94750	0.92575	0.93626	0.94268	0.94693	0.92531	0.93551	
2010-02-20T07:00:00	0.93498	0.94795	0.93299	0.94319	0.93448	0.94748	0.93247	0.94268	
2010-02-13T07:00:00	0.93335	0.94388	0.93056	0.93498	0.93285	0.94310	0.93002	0.93448	
2010-02-06T07:00:00	0.92815	0.94198	0.92575	0.93335	0.92751	0.94141	0.92513	0.93285	
2010-01-30T07:00:00	0.94571	0.94816	0.92324	0.92815	0.94512	0.94755	0.92290	0.92751	
2010-01-23T07:00:00	0.95600	0.96138	0.94495	0.94571	0.95545	0.96071	0.94453	0.94512	
2010-01-16T07:00:00	0.95098	0.95811	0.94528	0.95487	0.95042	0.95772	0.94456	0.95422	
2010-01-09T07:00:00	0.95265	0.96368	0.94732	0.95098	0.95201	0.96313	0.94695	0.95042	
2010-01-02T07:00:00	0.93952	0.95499	0.93688	0.95265	0.93897	0.95433	0.93630	0.95201	
2009-12-26T07:00:00	0.92601	0.94708	0.92408	0.93952	0.92531	0.94634	0.92346	0.93897	
2009-12-19T07:00:00	0.94971	0.95163	0.92031	0.92601	0.94913	0.95071	0.91958	0.92531	
2009-12-12T07:00:00	0.96665	0.97248	0.94470	0.94971	0.96593	0.97191	0.94408	0.94913	
2009-12-05T07:00:00	0.96788	0.96928	0.95479	0.96665	0.96740	0.96813	0.95434	0.96593	
2009-11-28T07:00:00	0.96393	0.97979	0.96070	0.96788	0.96290	0.97934	0.96024	0.96740	
2009-11-21T07:00:00	0.97988	0.98192	0.95535	0.96393	0.97922	0.98107	0.95420	0.96290	
2009-11-14T07:00:00	0.98156	0.98527	0.97147	0.97988	0.98092	0.98460	0.97092	0.97922	
2009-11-07T07:00:00	0.98703	0.99208	0.97083	0.98156	0.98631	0.99148	0.97031	0.98092	
2009-10-31T06:00:00	0.97429	0.98774	0.95719	0.98703	0.97366	0.98711	0.95495	0.98631	
2009-10-24T06:00:00	0.97074	0.98443	0.96698	0.97429	0.97017	0.98391	0.96631	0.97366	
2009-10-17T06:00:00	0.95182	0.97582	0.94935	0.97074	0.95115	0.97528	0.94796	0.97017	
2009-10-10T06:00:00	0.94419	0.95513	0.93393	0.95182	0.94351	0.95466	0.93342	0.95115	
2009-10-03T06:00:00	0.93529	0.95816	0.93528	0.94419	0.93461	0.95771	0.93206	0.94351	
2009-09-26T06:00:00	0.94475	0.95298	0.93469	0.93529	0.94408	0.95221	0.93416	0.93461	
2009-09-19T06:00:00	0.92771	0.94942	0.92549	0.94475	0.92704	0.94883	0.92472	0.94408	
2009-09-12T06:00:00	0.93092	0.93721	0.92500	0.92771	0.93021	0.93672	0.92445	0.92704	
2009-09-05T06:00:00	0.92507	0.93488	0.92023	0.93092	0.92440	0.93443	0.91850	0.93021	
2009-08-29T06:00:00	0.91914	0.92821	0.91028	0.92507	0.91837	0.92776	0.90953	0.92440	
2009-08-22T06:00:00	0.90193	0.92046	0.89898	0.91914	0.90121	0.91981	0.89827	0.91837	
2009-08-15T06:00:00	0.91342	0.91458	0.89892	0.90193	0.91288	0.91406	0.89848	0.90121	
2009-08-08T06:00:00	0.90498	0.92039	0.90267	0.91342	0.90411	0.91976	0.90135	0.91288	
2009-08-01T06:00:00	0.90147	0.91145	0.89544	0.90498	0.90071	0.91091	0.89506	0.90411	
2009-07-25T06:00:00	0.88459	0.90172	0.88459	0.90147	0.88385	0.90103	0.88385	0.90071	
2009-07-18T06:00:00	0.89506	0.90553	0.87999	0.88459	0.89452	0.90481	0.87946	0.88385	
2009-07-11T06:00:00	0.90689	0.90818	0.89169	0.89506	0.90635	0.90751	0.89114	0.89452	
2009-07-04T06:00:00	0.92752	0.92928	0.90174	0.90689	0.92620	0.92881	0.90114	0.90635	
2009-06-27T06:00:00	0.93161	0.94033	0.91815	0.92752	0.93085	0.93928	0.91761	0.92620	
2009-06-20T06:00:00	0.91479	0.93208	0.90178	0.93161	0.91404	0.93132	0.89966	0.93085	
2009-06-13T06:00:00	0.90938	0.91691	0.89318	0.91479	0.90901	0.91638	0.89261	0.91404	
2009-06-06T06:00:00	0.88816	0.91178	0.87598	0.90938	0.88741	0.91141	0.87551	0.90901	
2009-05-30T06:00:00	0.87471	0.89385	0.87328	0.88816	0.87397	0.89329	0.87146	0.88741	
2009-05-23T06:00:00	0.87862	0.88218	0.86960	0.87471	0.87791	0.88111	0.86877	0.87397	
2009-05-16T06:00:00	0.88458	0.89942	0.87788	0.87862	0.88386	0.89875	0.87725	0.87791	
2009-05-09T06:00:00	0.88310	0.89261	0.87819	0.88458	0.88236	0.89202	0.87770	0.88386	
2009-05-02T06:00:00	0.86634	0.88857	0.86634	0.88310	0.86544	0.88798	0.86466	0.88236	
2009-04-25T06:00:00	0.87439	0.87841	0.85542	0.86634	0.87356	0.87770	0.85468	0.86544	
2009-04-18T06:00:00	0.87648	0.88239	0.86118	0.87439	0.87526	0.88177	0.86056	0.87356	
2009-04-11T06:00:00	0.88452	0.89448	0.86585	0.87648	0.88217	0.89346	0.86506	0.87526	
2009-04-04T06:00:00	0.88123	0.88823	0.87414	0.88452	0.87981	0.88767	0.87341	0.88217	
2009-03-28T06:00:00	0.85757	0.89413	0.84682	0.88123	0.85665	0.89346	0.84558	0.87981	
2009-03-21T06:00:00	0.85056	0.86639	0.85056	0.85757	0.84974	0.86575	0.84974	0.85665	
2009-03-14T06:00:00	0.83709	0.85772	0.83345	0.85056	0.83612	0.85720	0.83232	0.84974	
2009-03-07T07:00:00	0.82454	0.84547	0.81912	0.83709	0.82345	0.84482	0.81688	0.83612	
2009-02-28T07:00:00	0.81399	0.83595	0.80580	0.82454	0.81330	0.83556	0.80349	0.82345	
2009-02-21T07:00:00	0.80777	0.81878	0.79842	0.81399	0.80691	0.81827	0.79655	0.81330	
2009-02-14T07:00:00	0.81304	0.82018	0.79945	0.80777	0.81182	0.81525	0.79704	0.80691	
2009-02-07T07:00:00	0.82957	0.83549	0.80357	0.81304	0.82870	0.83496	0.80290	0.81182	
2009-01-31T07:00:00	0.77974	0.83657	0.77298	0.82957	0.77879	0.83602	0.77205	0.82870	
2009-01-24T07:00:00	0.80884	0.82323	0.77835	0.77974	0.80764	0.82199	0.77723	0.77879	
2009-01-17T07:00:00	0.84010	0.84889	0.80774	0.80884	0.83937	0.84796	0.80665	0.80764	
2009-01-10T07:00:00	0.83699	0.84251	0.80886	0.84010	0.83607	0.84182	0.80789	0.83937	
2009-01-03T07:00:00	0.86267	0.86934	0.83119	0.83699	0.86124	0.86826	0.83040	0.83607	
2008-12-27T07:00:00	0.84022	0.86423	0.83097	0.86267	0.83682	0.86296	0.82952	0.86124	
2008-12-20T07:00:00	0.83560	0.84330	0.82187	0.84022	0.83381	0.83912	0.81913	0.83682	
2008-12-13T07:00:00	0.82723	0.85071	0.81449	0.83560	0.82604	0.84907	0.81267	0.83381	
2008-12-06T07:00:00	0.82463	0.84075	0.81026	0.82723	0.82298	0.83864	0.80902	0.82604	
2008-11-29T07:00:00	0.81190	0.82968	0.78941	0.82463	0.80613	0.82821	0.78641	0.82298	
2008-11-22T07:00:00	0.80526	0.81677	0.78604	0.81190	0.80392	0.81467	0.78527	0.80613	
2008-11-15T07:00:00	0.80257	0.81249	0.78487	0.80526	0.80052	0.81158	0.78237	0.80392	
2008-11-08T07:00:00	0.80465	0.82307	0.78307	0.80257	0.79927	0.82192	0.78031	0.80052	
2008-11-01T06:00:00	0.79987	0.82007	0.78437	0.80465	0.79877	0.81847	0.78252	0.79927	
2008-10-25T06:00:00	0.79007	0.83667	0.77672	0.79987	0.78822	0.83152	0.77558	0.79877	
2008-10-18T06:00:00	0.81857	0.84989	0.76877	0.79007	0.81742	0.84877	0.76592	0.78822	
2008-10-11T06:00:00	0.76572	0.83017	0.76572	0.81857	0.76077	0.82892	0.76077	0.81742	
2008-10-04T06:00:00	0.83737	0.83852	0.71762	0.76572	0.83602	0.83687	0.71585	0.76077	
2008-09-27T06:00:00	0.85827	0.86362	0.82947	0.83737	0.85712	0.86252	0.82847	0.83602	
2008-09-20T06:00:00	0.87747	0.88177	0.85457	0.85827	0.87622	0.88062	0.85357	0.85712	
2008-09-13T06:00:00	0.87342	0.87827	0.83957	0.87747	0.87267	0.87712	0.83882	0.87622	
2008-09-06T06:00:00	0.86446	0.88322	0.85023	0.87342	0.86401	0.88244	0.84962	0.87267	
2008-08-30T06:00:00	0.91232	0.91309	0.85758	0.86446	0.91147	0.91254	0.85683	0.86401	
2008-08-23T06:00:00	0.90869	0.91362	0.89225	0.91232	0.90824	0.91302	0.89182	0.91147	
2008-08-16T06:00:00	0.91692	0.92947	0.90475	0.90869	0.91602	0.92893	0.90437	0.90824	
2008-08-09T06:00:00	0.94952	0.95442	0.91529	0.91692	0.94887	0.95317	0.91474	0.91602	
2008-08-02T06:00:00	0.95472	0.96659	0.94093	0.94952	0.95417	0.96554	0.94042	0.94887	
2008-07-26T06:00:00	0.97526	0.98178	0.95343	0.95472	0.97461	0.98124	0.95292	0.95417	
2008-07-19T06:00:00	0.97622	0.98297	0.96657	0.97526	0.97557	0.98237	0.96607	0.97461	
2008-07-12T06:00:00	0.97517	0.98517	0.97303	0.97622	0.97452	0.98422	0.97252	0.97557	
2008-07-05T06:00:00	0.98327	0.98327	0.96381	0.97517	0.98182	0.98182	0.96337	0.97452	
2008-06-28T06:00:00	0.97097	0.98387	0.96897	0.98327	0.97022	0.98299	0.96846	0.98182	
2008-06-21T06:00:00	0.97067	0.97499	0.96501	0.97097	0.97002	0.97442	0.96452	0.97022	
2008-06-14T06:00:00	0.96640	0.97380	0.95767	0.97067	0.96582	0.97323	0.95708	0.97002	
2008-06-07T06:00:00	0.98157	0.98428	0.95326	0.96640	0.98092	0.98363	0.95262	0.96582	
2008-05-31T06:00:00	0.95007	0.98297	0.94607	0.98157	0.94912	0.98232	0.94552	0.98092	
2008-05-24T06:00:00	0.94927	0.95677	0.94071	0.95007	0.94862	0.95622	0.94022	0.94912	
2008-05-17T06:00:00	0.95477	0.95757	0.94087	0.94927	0.95412	0.95662	0.94022	0.94862	
2008-05-10T06:00:00	0.94883	0.95597	0.92987	0.95477	0.94818	0.95502	0.92932	0.95412	
2008-05-03T06:00:00	0.95457	0.96187	0.94413	0.94883	0.95382	0.96102	0.94362	0.94818	
2008-04-26T06:00:00	0.94757	0.95662	0.94137	0.95457	0.94682	0.95615	0.94082	0.95382	
2008-04-19T06:00:00	0.93927	0.97065	0.93727	0.94757	0.93862	0.96957	0.93592	0.94682	
2008-04-12T06:00:00	0.95127	0.95237	0.93417	0.93927	0.95062	0.95132	0.93362	0.93862	
2008-04-05T06:00:00	0.93067	0.95331	0.92487	0.95127	0.92992	0.95272	0.92431	0.95062	
2008-03-29T06:00:00	0.93777	0.94075	0.91597	0.93067	0.93682	0.94012	0.91522	0.92992	
2008-03-22T06:00:00	0.92387	0.94435	0.92087	0.93777	0.92262	0.94372	0.92003	0.93682	
2008-03-15T06:00:00	0.92447	0.93607	0.91087	0.92387	0.92362	0.93502	0.91002	0.92262	
2008-03-08T07:00:00	0.91837	0.93847	0.91037	0.92447	0.91752	0.93793	0.90982	0.92362	
2008-03-01T07:00:00	0.91727	0.93227	0.90994	0.91837	0.91652	0.93165	0.90864	0.91752	
2008-02-23T07:00:00	0.93507	0.93742	0.91318	0.91727	0.93442	0.93682	0.91262	0.91652	
2008-02-16T07:00:00	0.91567	0.93755	0.91477	0.93507	0.91492	0.93700	0.91332	0.93442	
2008-02-09T07:00:00	0.89567	0.91693	0.89227	0.91567	0.89472	0.91632	0.89165	0.91492	
2008-02-02T07:00:00	0.89927	0.90882	0.88947	0.89567	0.89862	0.90832	0.88892	0.89472	
2008-01-26T07:00:00	0.88707	0.90431	0.87967	0.89927	0.88632	0.90336	0.87832	0.89862	
2008-01-19T07:00:00	0.90467	0.90617	0.88142	0.88707	0.90382	0.90522	0.88066	0.88632	
2008-01-12T07:00:00	0.90897	0.91857	0.89517	0.90467	0.90822	0.91802	0.89422	0.90382	
2008-01-05T07:00:00	0.87217	0.91417	0.87136	0.90897	0.87132	0.91362	0.87072	0.90822	
2007-12-29T07:00:00	0.85867	0.88107	0.85867	0.87217	0.85772	0.88002	0.85772	0.87132	
2007-12-22T07:00:00	0.86110	0.86487	0.85443	0.85867	0.86032	0.86392	0.85362	0.85772	
2007-12-15T07:00:00	0.87669	0.88151	0.85574	0.86110	0.87534	0.88082	0.85512	0.86032	
2007-12-08T07:00:00	0.88237	0.89927	0.87394	0.87669	0.88162	0.89862	0.87307	0.87534	
2007-12-01T07:00:00	0.88357	0.88860	0.87537	0.88237	0.88292	0.88802	0.87472	0.88162	
2007-11-24T07:00:00	0.86817	0.88866	0.85869	0.88357	0.86742	0.88812	0.85804	0.88292	
2007-11-17T07:00:00	0.86887	0.87837	0.85450	0.86817	0.86812	0.87792	0.85375	0.86742	
2007-11-10T07:00:00	0.86111	0.87607	0.84320	0.86887	0.86042	0.87532	0.84262	0.86812	
2007-11-03T06:00:00	0.86287	0.86987	0.84940	0.86111	0.86212	0.86902	0.84882	0.86042	
2007-10-27T06:00:00	0.88387	0.88988	0.85619	0.86287	0.88312	0.88942	0.85562	0.86212	
2007-10-20T06:00:00	0.86117	0.88407	0.85642	0.88387	0.86052	0.88332	0.85562	0.88312	
2007-10-13T06:00:00	0.87957	0.88397	0.85897	0.86117	0.87902	0.88332	0.85842	0.86052	
2007-10-06T06:00:00	0.88157	0.88757	0.87703	0.87957	0.88092	0.88712	0.87652	0.87902	
2007-09-29T06:00:00	0.88307	0.88977	0.87758	0.88157	0.88232	0.88923	0.87692	0.88092	
2007-09-22T06:00:00	0.86587	0.88486	0.86368	0.88307	0.86492	0.88432	0.86313	0.88232	
2007-09-15T06:00:00	0.86843	0.87433	0.85147	0.86587	0.86772	0.87382	0.85102	0.86492	
2007-09-08T06:00:00	0.87237	0.87477	0.86287	0.86843	0.87152	0.87402	0.86239	0.86772	
2007-09-01T06:00:00	0.86497	0.87397	0.86157	0.87237	0.86402	0.87352	0.86092	0.87152	
2007-08-25T06:00:00	0.87027	0.87587	0.85787	0.86497	0.86962	0.87512	0.85722	0.86402	
2007-08-18T06:00:00	0.84757	0.87067	0.83817	0.87027	0.84642	0.87002	0.83752	0.86962	
2007-08-11T06:00:00	0.89077	0.89667	0.82797	0.84757	0.88982	0.89612	0.82712	0.84642	
2007-08-04T06:00:00	0.90277	0.90837	0.88727	0.89077	0.90182	0.90792	0.88672	0.88982	
2007-07-28T06:00:00	0.90537	0.91807	0.89867	0.90277	0.90462	0.91732	0.89782	0.90182	
2007-07-21T06:00:00	0.92247	0.92747	0.90477	0.90537	0.92172	0.92702	0.90402	0.90462	
2007-07-14T06:00:00	0.91207	0.92257	0.90867	0.92247	0.91132	0.92192	0.90792	0.92172	
2007-07-07T06:00:00	0.90037	0.91457	0.89797	0.91207	0.89962	0.91402	0.89732	0.91132	
2007-06-30T06:00:00	0.90347	0.91147	0.89807	0.90037	0.90252	0.91052	0.89712	0.89962	
2007-06-23T06:00:00	0.90617	0.91157	0.89157	0.90347	0.90522	0.91062	0.89062	0.90252	
2007-06-16T06:00:00	0.89967	0.91267	0.89697	0.90617	0.89872	0.91172	0.89602	0.90522	
2007-06-09T06:00:00	0.89557	0.90197	0.88917	0.89967	0.89462	0.90102	0.88822	0.89872	
2007-06-02T06:00:00	0.88407	0.89997	0.87947	0.89557	0.88312	0.89902	0.87852	0.89462	
2007-05-26T06:00:00	0.88417	0.88977	0.87547	0.88407	0.88322	0.88882	0.87452	0.88312	
2007-05-19T06:00:00	0.89817	0.89967	0.88317	0.88417	0.89722	0.89872	0.88222	0.88322	
2007-05-12T06:00:00	0.92577	0.92897	0.89647	0.89817	0.92482	0.92802	0.89552	0.89722	
2007-05-05T06:00:00	0.91007	0.92947	0.90867	0.92577	0.90912	0.92852	0.90772	0.92482	
2007-04-28T06:00:00	0.92697	0.92717	0.90267	0.91007	0.92602	0.92622	0.90172	0.90912	
2007-04-21T06:00:00	0.94107	0.94167	0.92427	0.92697	0.94012	0.94072	0.92332	0.92602	
2007-04-14T06:00:00	0.94767	0.95047	0.93557	0.94107	0.94672	0.94952	0.93462	0.94012	
2007-04-07T06:00:00	0.93957	0.94997	0.93867	0.94767	0.93862	0.94902	0.93772	0.94672	
2007-03-31T06:00:00	0.93457	0.95237	0.93247	0.93957	0.93362	0.95142	0.93152	0.93862	
2007-03-24T06:00:00	0.93527	0.94317	0.93037	0.93457	0.93432	0.94222	0.92942	0.93362	
2007-03-17T06:00:00	0.93577	0.94597	0.92707	0.93527	0.93482	0.94502	0.92612	0.93432	
2007-03-10T07:00:00	0.91507	0.93717	0.91307	0.93577	0.91412	0.93622	0.91212	0.93482	
2007-03-03T07:00:00	0.92097	0.92127	0.90717	0.91507	0.92002	0.92032	0.90622	0.91412	
2007-02-24T07:00:00	0.91827	0.92577	0.91697	0.92097	0.91732	0.92482	0.91602	0.92002	
2007-02-17T07:00:00	0.91597	0.92527	0.91407	0.91827	0.91502	0.92432	0.91312	0.91732	
2007-02-10T07:00:00	0.91137	0.91717	0.90567	0.91597	0.91042	0.91622	0.90472	0.91502	
2007-02-03T07:00:00	0.91857	0.92827	0.90987	0.91137	0.91762	0.92732	0.90892	0.91042	
2007-01-27T07:00:00	0.91187	0.91947	0.90817	0.91857	0.91192	0.91852	0.90722	0.91762	
2007-01-20T07:00:00	0.92497	0.93907	0.91017	0.91187	0.92502	0.93912	0.91022	0.91192	
2007-01-13T07:00:00	0.91477	0.92817	0.91187	0.92497	0.91482	0.92822	0.91192	0.92502	
2007-01-06T07:00:00	0.91307	0.92347	0.91157	0.91477	0.91312	0.92352	0.91162	0.91482	
2006-12-30T07:00:00	0.92137	0.93047	0.91237	0.91307	0.92042	0.93052	0.91242	0.91312	
2006-12-23T07:00:00	0.90777	0.92187	0.90707	0.92137	0.90682	0.92092	0.90612	0.92042	
2006-12-16T07:00:00	0.90537	0.90987	0.89987	0.90777	0.90442	0.90892	0.89892	0.90682	
2006-12-09T07:00:00	0.90347	0.91087	0.89867	0.90537	0.90252	0.90992	0.89772	0.90442	
2006-12-02T07:00:00	0.90287	0.91117	0.89507	0.90347	0.90192	0.91022	0.89412	0.90252	
2006-11-25T07:00:00	0.88487	0.90807	0.88057	0.90287	0.88392	0.90712	0.87962	0.90192	
2006-11-18T07:00:00	0.88207	0.88707	0.87867	0.88487	0.88112	0.88612	0.87772	0.88392	
2006-11-11T07:00:00	0.86907	0.88227	0.86547	0.88207	0.86812	0.88132	0.86452	0.88112	
2006-11-04T07:00:00	0.86977	0.87657	0.86397	0.86907	0.86882	0.87562	0.86302	0.86812	
2006-10-28T06:00:00	0.86037	0.88127	0.86017	0.86977	0.85942	0.88032	0.85922	0.86882	
2006-10-21T06:00:00	0.85437	0.86287	0.85307	0.86037	0.85342	0.86192	0.85212	0.85942	
2006-10-14T06:00:00	0.85477	0.86207	0.85117	0.85437	0.85382	0.86112	0.85022	0.85342	
2006-10-07T06:00:00	0.83577	0.85567	0.83527	0.85477	0.83582	0.85472	0.83432	0.85382	
2006-09-30T06:00:00	0.83327	0.84317	0.83247	0.83577	0.83232	0.84222	0.83152	0.83582	
2006-09-23T06:00:00	0.83917	0.84387	0.83007	0.83327	0.83822	0.84292	0.82912	0.83232	
2006-09-16T06:00:00	0.84247	0.85417	0.83727	0.83917	0.84152	0.85322	0.83632	0.83822	
2006-09-09T06:00:00	0.84527	0.84647	0.83957	0.84247	0.84432	0.84552	0.83862	0.84152	
2006-09-02T06:00:00	0.84737	0.85887	0.83957	0.84527	0.84642	0.85792	0.83862	0.84432	
2006-08-26T06:00:00	0.83947	0.85037	0.83907	0.84737	0.83852	0.84942	0.83812	0.84642	
2006-08-19T06:00:00	0.85447	0.85677	0.83787	0.83947	0.85352	0.85582	0.83692	0.83852	
2006-08-12T06:00:00	0.86007	0.86407	0.85017	0.85447	0.86012	0.86312	0.84922	0.85352	
2006-08-05T06:00:00	0.86317	0.86747	0.84947	0.86007	0.86322	0.86752	0.84952	0.86012	
2006-07-29T06:00:00	0.86797	0.86837	0.85317	0.86317	0.86802	0.86842	0.85322	0.86322	
2006-07-22T06:00:00	0.85597	0.86857	0.85447	0.86797	0.85602	0.86822	0.85352	0.86802	
2006-07-15T06:00:00	0.84907	0.85757	0.84267	0.85597	0.84912	0.85762	0.84272	0.85602	
2006-07-08T06:00:00	0.83777	0.85717	0.83577	0.84907	0.83782	0.85722	0.83582	0.84912	
2006-07-01T06:00:00	0.82877	0.83807	0.82297	0.83777	0.82882	0.83812	0.82202	0.83782	
2006-06-24T06:00:00	0.82157	0.83027	0.81187	0.82877	0.82162	0.83032	0.81192	0.82882	
2006-06-17T06:00:00	0.82867	0.83047	0.81207	0.82157	0.82872	0.83052	0.81212	0.82162	
2006-06-10T06:00:00	0.82767	0.83037	0.81447	0.82867	0.82672	0.83042	0.81452	0.82872	
2006-06-03T06:00:00	0.82837	0.83887	0.82347	0.82767	0.82742	0.83792	0.82252	0.82672	
2006-05-27T06:00:00	0.83907	0.84257	0.82257	0.82837	0.83812	0.84162	0.82162	0.82742	
2006-05-20T06:00:00	0.84937	0.85147	0.83727	0.83907	0.84842	0.85052	0.83632	0.83812	
2006-05-13T06:00:00	0.85867	0.86147	0.84347	0.84937	0.85772	0.86052	0.84252	0.84842	
2006-05-06T06:00:00	0.85497	0.85977	0.84867	0.85867	0.85402	0.85882	0.84772	0.85772	
2006-04-29T06:00:00	0.84977	0.85847	0.84167	0.85497	0.84882	0.85752	0.84072	0.85402	
2006-04-22T06:00:00	0.84787	0.85217	0.84097	0.84977	0.84692	0.85122	0.84002	0.84882	
2006-04-15T06:00:00	0.83867	0.85047	0.83767	0.84787	0.83772	0.84952	0.83672	0.84692	
2006-04-08T06:00:00	0.83457	0.84347	0.83337	0.83867	0.83362	0.84252	0.83242	0.83772	
2006-04-01T07:00:00	0.83637	0.85027	0.83317	0.83457	0.83542	0.84932	0.83222	0.83362	
2006-03-25T07:00:00	0.82977	0.83757	0.82177	0.83637	0.82882	0.83662	0.82082	0.83542	
2006-03-18T07:00:00	0.84227	0.84537	0.82527	0.82977	0.84232	0.84442	0.82432	0.82882	
2006-03-11T07:00:00	0.84937	0.85467	0.84097	0.84227	0.84942	0.85472	0.84102	0.84232	
2006-03-04T07:00:00	0.84577	0.85517	0.84117	0.84937	0.84482	0.85522	0.84022	0.84942	
2006-02-25T07:00:00	0.84887	0.85107	0.84037	0.84577	0.84892	0.85012	0.83942	0.84482	
2006-02-18T07:00:00	0.85137	0.85507	0.84287	0.84887	0.85042	0.85512	0.84292	0.84892	
2006-02-11T07:00:00	0.85097	0.85987	0.84857	0.85137	0.85002	0.85892	0.84762	0.85042	
2006-02-04T07:00:00	0.85817	0.85857	0.84627	0.85097	0.85722	0.85762	0.84532	0.85002	
2006-01-28T07:00:00	0.86387	0.86737	0.85637	0.85817	0.86292	0.86642	0.85542	0.85722	
2006-01-21T07:00:00	0.86287	0.87377	0.86157	0.86387	0.86192	0.87282	0.86062	0.86292	
2006-01-14T07:00:00	0.87677	0.88097	0.86067	0.86287	0.87582	0.88002	0.85972	0.86192	
2006-01-07T07:00:00	0.87947	0.88347	0.87077	0.87677	0.87852	0.88252	0.86982	0.87582	
2005-12-31T07:00:00	0.85257	0.88127	0.85057	0.87947	0.85162	0.88032	0.84962	0.87852	
2005-12-24T07:00:00	0.85037	0.85867	0.84747	0.85257	0.84942	0.85772	0.84652	0.85162	
2005-12-17T07:00:00	0.86267	0.86757	0.84807	0.85037	0.86172	0.86662	0.84712	0.84942	
2005-12-10T07:00:00	0.86907	0.87337	0.85877	0.86267	0.86812	0.87242	0.85782	0.86172	
2005-12-03T07:00:00	0.87007	0.87317	0.86337	0.86907	0.86912	0.87222	0.86242	0.86812	
2005-11-26T07:00:00	0.86077	0.87107	0.85677	0.87007	0.85982	0.87012	0.85582	0.86912	
2005-11-19T07:00:00	0.87277	0.87847	0.85887	0.86077	0.87282	0.87752	0.85792	0.85982	
2005-11-12T07:00:00	0.87227	0.87497	0.86617	0.87277	0.87132	0.87502	0.86622	0.87282	
2005-11-05T07:00:00	0.86797	0.87577	0.86597	0.87227	0.86702	0.87482	0.86502	0.87132	
2005-10-29T06:00:00	0.88387	0.88537	0.86047	0.86797	0.88292	0.88442	0.85952	0.86702	
2005-10-22T06:00:00	0.88917	0.89367	0.88107	0.88387	0.88822	0.89272	0.88012	0.88292	
2005-10-15T06:00:00	0.89207	0.89557	0.87867	0.88917	0.89112	0.89462	0.87772	0.88822	
2005-10-08T06:00:00	0.88937	0.89507	0.87797	0.89207	0.88842	0.89412	0.87702	0.89112	
2005-10-01T06:00:00	0.88687	0.90067	0.88327	0.88937	0.88592	0.89972	0.88232	0.88842	
2005-09-24T06:00:00	0.88747	0.89517	0.88277	0.88687	0.88652	0.89422	0.88182	0.88592	
2005-09-17T06:00:00	0.90517	0.90667	0.88567	0.88747	0.90422	0.90572	0.88472	0.88652	
2005-09-10T06:00:00	0.91217	0.91627	0.90397	0.90517	0.91122	0.91532	0.90302	0.90422	
2005-09-03T06:00:00	0.90967	0.91677	0.90787	0.91217	0.90872	0.91582	0.90692	0.91122	
2005-08-27T06:00:00	0.90687	0.91087	0.88877	0.90967	0.90592	0.90992	0.88782	0.90872	
2005-08-20T06:00:00	0.91057	0.91657	0.89857	0.90687	0.90962	0.91562	0.89762	0.90592	
2005-08-13T06:00:00	0.92557	0.92637	0.90967	0.91057	0.92462	0.92542	0.90872	0.90962	
2005-08-06T06:00:00	0.93487	0.93627	0.92167	0.92557	0.93392	0.93532	0.92072	0.92462	
2005-07-30T06:00:00	0.92737	0.94257	0.92157	0.93487	0.92642	0.94162	0.92062	0.93392	
2005-07-23T06:00:00	0.93147	0.93907	0.92447	0.92737	0.93052	0.93812	0.92352	0.92642	
2005-07-16T06:00:00	0.91577	0.93837	0.91057	0.93147	0.91482	0.93742	0.90962	0.93052	
2005-07-09T06:00:00	0.90487	0.91617	0.90187	0.91577	0.90392	0.91522	0.90092	0.91482	
2005-07-02T06:00:00	0.93197	0.93757	0.90317	0.90487	0.93102	0.93662	0.90222	0.90392	
2005-06-25T06:00:00	0.94857	0.95217	0.92867	0.93197	0.94762	0.95122	0.92772	0.93102	
2005-06-18T06:00:00	0.95587	0.96437	0.94577	0.94857	0.95492	0.96342	0.94482	0.94762	
2005-06-11T06:00:00	0.95237	0.96367	0.94957	0.95587	0.95142	0.96272	0.94862	0.95492	
2005-06-04T06:00:00	0.94367	0.96587	0.94227	0.95237	0.94272	0.96492	0.94132	0.95142	
2005-05-28T06:00:00	0.95757	0.96037	0.93387	0.94367	0.95662	0.95942	0.93292	0.94272	
2005-05-21T06:00:00	0.95737	0.96697	0.95367	0.95757	0.95642	0.96602	0.95272	0.95662	
2005-05-14T06:00:00	0.96287	0.96497	0.95167	0.95737	0.96192	0.96402	0.95072	0.95642	
2005-05-07T06:00:00	0.96377	0.96987	0.95517	0.96287	0.96282	0.96892	0.95422	0.96192	
2005-04-30T06:00:00	0.98307	0.98647	0.96077	0.96377	0.98212	0.98552	0.95982	0.96282	
2005-04-23T06:00:00	0.96647	0.98597	0.96297	0.98307	0.96552	0.98502	0.96202	0.98212	
2005-04-16T06:00:00	0.95877	0.96747	0.95277	0.96647	0.95782	0.96652	0.95182	0.96552	
2005-04-09T06:00:00	0.94867	0.96587	0.94707	0.95877	0.94772	0.96492	0.94612	0.95782	
2005-04-02T07:00:00	0.93737	0.94957	0.93137	0.94867	0.93642	0.94862	0.93042	0.94772	
2005-03-26T07:00:00	0.94087	0.94317	0.93147	0.93737	0.93992	0.94222	0.93052	0.93642	
2005-03-19T07:00:00	0.95607	0.95797	0.93597	0.94087	0.95512	0.95702	0.93502	0.93992	
2005-03-12T07:00:00	0.95557	0.95867	0.94807	0.95607	0.95462	0.95772	0.94712	0.95512	
2005-03-05T07:00:00	0.97337	0.97827	0.94817	0.95557	0.97242	0.97732	0.94722	0.95462	
2005-02-26T07:00:00	0.97547	0.97997	0.96687	0.97337	0.97452	0.97902	0.96592	0.97242	
2005-02-19T07:00:00	0.97077	0.98447	0.96797	0.97547	0.96982	0.98352	0.96702	0.97452	
2005-02-12T07:00:00	0.97217	0.97537	0.96267	0.97077	0.97122	0.97442	0.96172	0.96982	
2005-02-05T07:00:00	0.96207	0.97547	0.95327	0.97217	0.96112	0.97452	0.95232	0.97122	
2005-01-29T07:00:00	0.96147	0.96597	0.95327	0.96207	0.96052	0.96502	0.95232	0.96112	
2005-01-22T07:00:00	0.94047	0.96597	0.93527	0.96147	0.93952	0.96502	0.93432	0.96052	
2005-01-15T07:00:00	0.92277	0.94317	0.91767	0.94047	0.92182	0.94222	0.91672	0.93952	
2005-01-08T07:00:00	0.93247	0.93557	0.91487	0.92277	0.93152	0.93462	0.91392	0.92182	
2005-01-01T07:00:00	0.93957	0.94857	0.93137	0.93247	0.93862	0.94762	0.93042	0.93152	
2004-12-25T07:00:00	0.94657	0.95167	0.93507	0.93957	0.94562	0.95072	0.93412	0.93862	
2004-12-18T07:00:00	0.93777	0.95277	0.93477	0.94657	0.93682	0.95182	0.93382	0.94562	
2004-12-11T07:00:00	0.92087	0.94247	0.91717	0.93777	0.91992	0.94152	0.91622	0.93682	
2004-12-04T07:00:00	0.93227	0.93867	0.91737	0.92087	0.93132	0.93772	0.91642	0.91992	
2004-11-27T07:00:00	0.93017	0.93587	0.91407	0.93227	0.92922	0.93492	0.91312	0.93132	
2004-11-20T07:00:00	0.93547	0.93787	0.92467	0.93017	0.93452	0.93692	0.92372	0.92922	
2004-11-13T07:00:00	0.91837	0.94387	0.91707	0.93547	0.91742	0.94292	0.91612	0.93452	
2004-11-06T07:00:00	0.91407	0.91917	0.90127	0.91837	0.91312	0.91822	0.90032	0.91742	
2004-10-30T06:00:00	0.91267	0.92117	0.91027	0.91407	0.91172	0.92022	0.90932	0.91312	
2004-10-23T06:00:00	0.91297	0.91807	0.90787	0.91267	0.91202	0.91712	0.90692	0.91172	
2004-10-16T06:00:00	0.91547	0.92207	0.90907	0.91297	0.91452	0.92112	0.90812	0.91202	
2004-10-09T06:00:00	0.92057	0.92437	0.91037	0.91547	0.91962	0.92342	0.90942	0.91452	
2004-10-02T06:00:00	0.91697	0.92277	0.90987	0.92057	0.91602	0.92182	0.90892	0.91962	
2004-09-25T06:00:00	0.91057	0.92007	0.90577	0.91697	0.90962	0.91912	0.90482	0.91602	
2004-09-18T06:00:00	0.90567	0.91777	0.90247	0.91057	0.90472	0.91682	0.90152	0.90962	
2004-09-11T06:00:00	0.89887	0.91307	0.89667	0.90567	0.89792	0.91212	0.89572	0.90472	
2004-09-04T06:00:00	0.89917	0.90497	0.88247	0.89887	0.89822	0.90402	0.88152	0.89792	
2004-08-28T06:00:00	0.92427	0.93247	0.89577	0.89917	0.92332	0.93152	0.89482	0.89822	
2004-08-21T06:00:00	0.93947	0.94197	0.91797	0.92427	0.93852	0.94102	0.91702	0.92332	
2004-08-14T06:00:00	0.93907	0.94317	0.93167	0.93947	0.93812	0.94222	0.93072	0.93852	
2004-08-07T06:00:00	0.93647	0.95317	0.93417	0.93907	0.93652	0.95222	0.93322	0.93812	
2004-07-31T06:00:00	0.93367	0.93997	0.92267	0.93647	0.93272	0.93902	0.92172	0.93652	
2004-07-24T06:00:00	0.93787	0.95067	0.92347	0.93367	0.93692	0.94972	0.92252	0.93272	
2004-07-17T06:00:00	0.95897	0.96207	0.93327	0.93787	0.95802	0.96112	0.93232	0.93692	
2004-07-10T06:00:00	0.95327	0.96387	0.95167	0.95897	0.95232	0.96292	0.95072	0.95802	
2004-07-03T06:00:00	0.94497	0.95797	0.94067	0.95327	0.94402	0.95702	0.93972	0.95232	
2004-06-26T06:00:00	0.94587	0.94647	0.92687	0.94497	0.94492	0.94552	0.92592	0.94402	
2004-06-19T06:00:00	0.94047	0.94677	0.92947	0.94587	0.93952	0.94582	0.92852	0.94492	
2004-06-12T06:00:00	0.94437	0.95817	0.93087	0.94047	0.94342	0.95722	0.92992	0.93952	
2004-06-05T06:00:00	0.93977	0.95387	0.93397	0.94437	0.93882	0.95292	0.93302	0.94342	
2004-05-29T06:00:00	0.97407	0.97887	0.93187	0.93977	0.97312	0.97792	0.93092	0.93882	
2004-05-22T06:00:00	0.95807	0.97767	0.95347	0.97407	0.95812	0.97672	0.95252	0.97312	
2004-05-15T06:00:00	0.96287	0.97267	0.94657	0.95807	0.96192	0.97172	0.94562	0.95812	
2004-05-08T06:00:00	0.97397	0.97617	0.95177	0.96287	0.97302	0.97522	0.95082	0.96192	
2004-05-01T06:00:00	0.99077	1.00937	0.97207	0.97397	0.98982	1.00842	0.97112	0.97302	
2004-04-24T06:00:00	0.99537	1.00057	0.97897	0.99077	0.99542	0.99962	0.97802	0.98982	
2004-04-17T06:00:00	1.00067	1.00977	0.98707	0.99537	1.00072	1.00882	0.98612	0.99542	
2004-04-10T06:00:00	1.01417	1.02867	0.98197	1.00067	1.01422	1.02872	0.98202	1.00072	
2004-04-03T07:00:00	0.99457	1.01487	0.98587	1.01417	0.99462	1.01492	0.98592	1.01422	
2004-03-27T07:00:00	0.98387	1.00927	0.97467	0.99457	0.98392	1.00932	0.97472	0.99462	
2004-03-20T07:00:00	0.99797	1.00547	0.97697	0.98387	0.99802	1.00552	0.97702	0.98392	
2004-03-13T07:00:00	0.97707	1.00177	0.97047	0.99797	0.97712	1.00182	0.97052	0.99802	
2004-03-06T07:00:00	1.00487	1.01167	0.95667	0.97707	1.00492	1.01172	0.95672	0.97712	
2004-02-28T07:00:00	1.03267	1.03747	0.99557	1.00487	1.03272	1.03752	0.99562	1.00492	
2004-02-21T07:00:00	1.02937	1.04127	1.02667	1.03267	1.02942	1.04132	1.02672	1.03272	
2004-02-14T07:00:00	1.03927	1.05457	1.02557	1.02937	1.03932	1.05462	1.02562	1.02942	
2004-02-07T07:00:00	1.02147	1.04657	1.01417	1.03927	1.02152	1.04662	1.01422	1.03932	
2004-01-31T07:00:00	1.01157	1.02567	1.00837	1.02147	1.01162	1.02572	1.00842	1.02152	
2004-01-24T07:00:00	1.01397	1.03037	1.00527	1.01157	1.01402	1.03042	1.00532	1.01162	
2004-01-17T07:00:00	0.99237	1.01967	0.97947	1.01397	0.99242	1.01972	0.97952	1.01402	
2004-01-10T07:00:00	0.98667	1.00287	0.98607	0.99237	0.98672	1.00292	0.98612	0.99242	
2004-01-03T07:00:00	0.97677	0.99497	0.97457	0.98667	0.97682	0.99502	0.97462	0.98672	
2003-12-27T07:00:00	0.96747	0.97907	0.96447	0.97677	0.96752	0.97912	0.96452	0.97682	
2003-12-20T07:00:00	0.98487	0.98607	0.96657	0.96747	0.98492	0.98612	0.96662	0.96752	
2003-12-13T07:00:00	0.97727	0.98907	0.96817	0.98487	0.97732	0.98912	0.96822	0.98492	
2003-12-06T07:00:00	0.96067	0.97907	0.95867	0.97727	0.96072	0.97912	0.95872	0.97732	
2003-11-29T07:00:00	0.94017	0.96577	0.93857	0.96067	0.94022	0.96582	0.93862	0.96072	
2003-11-22T07:00:00	0.94207	0.95027	0.93557	0.94017	0.94212	0.95032	0.93562	0.94022	
2003-11-15T07:00:00	0.93757	0.94567	0.92857	0.94207	0.93762	0.94572	0.92862	0.94212	
2003-11-08T07:00:00	0.93757	0.94367	0.93067	0.93757	0.93762	0.94372	0.93072	0.93762	
2003-11-01T07:00:00	0.93267	0.95117	0.92747	0.93757	0.93272	0.95122	0.92752	0.93762	
2003-10-25T06:00:00	0.91407	0.93637	0.91227	0.93267	0.91412	0.93642	0.91232	0.93272	
2003-10-18T06:00:00	0.90997	0.92517	0.90867	0.91407	0.91002	0.92522	0.90872	0.91412	
2003-10-11T06:00:00	0.91217	0.91717	0.90507	0.90997	0.91222	0.91722	0.90512	0.91002	
2003-10-04T06:00:00	0.91117	0.92457	0.90657	0.91217	0.91122	0.92462	0.90662	0.91222	
2003-09-27T06:00:00	0.91227	0.92537	0.90847	0.91117	0.91232	0.92542	0.90852	0.91122	
2003-09-20T06:00:00	0.90707	0.92127	0.90667	0.91227	0.90712	0.92132	0.90672	0.91232	
2003-09-13T06:00:00	0.90307	0.91247	0.90137	0.90707	0.90312	0.91252	0.90142	0.90712	
2003-09-06T06:00:00	0.88677	0.90687	0.88267	0.90307	0.88682	0.90692	0.88272	0.90312	
2003-08-30T06:00:00	0.89617	0.89737	0.87667	0.88677	0.89622	0.89742	0.87672	0.88682	
2003-08-23T06:00:00	0.91397	0.91507	0.89037	0.89617	0.91402	0.91512	0.89042	0.89622	
2003-08-16T06:00:00	0.91237	0.92987	0.90997	0.91397	0.91242	0.92992	0.91002	0.91402	
2003-08-09T06:00:00	0.90787	0.91767	0.90367	0.91237	0.90792	0.91772	0.90372	0.91242	
2003-08-02T06:00:00	0.91097	0.91347	0.90287	0.90787	0.91102	0.91352	0.90292	0.90792	
2003-07-26T06:00:00	0.91467	0.92427	0.90497	0.91097	0.91472	0.92432	0.90502	0.91102	
2003-07-19T06:00:00	0.91097	0.93027	0.90977	0.91467	0.91102	0.93032	0.90982	0.91472	
2003-07-12T06:00:00	0.90807	0.91367	0.90067	0.91097	0.90812	0.91372	0.90072	0.91102	
2003-07-05T06:00:00	0.91037	0.92007	0.89297	0.90807	0.91042	0.92012	0.89302	0.90812	
2003-06-28T06:00:00	0.89627	0.91887	0.89557	0.91037	0.89632	0.91892	0.89562	0.91042	
2003-06-21T06:00:00	0.90797	0.90977	0.89527	0.89627	0.90802	0.90982	0.89532	0.89632	
2003-06-14T06:00:00	0.89207	0.90847	0.88877	0.90797	0.89212	0.90852	0.88882	0.90802	
2003-06-07T06:00:00	0.89337	0.90047	0.89007	0.89207	0.89342	0.90052	0.89012	0.89212	
2003-05-31T06:00:00	0.89427	0.90867	0.88727	0.89337	0.89432	0.90872	0.88732	0.89342	
2003-05-24T06:00:00	0.90557	0.91057	0.88557	0.89427	0.90562	0.91062	0.88562	0.89432	
2003-05-17T06:00:00	0.88997	0.91307	0.88047	0.90557	0.89002	0.91312	0.88052	0.90562	
2003-05-10T06:00:00	0.89807	0.90297	0.88197	0.88997	0.89812	0.90302	0.88202	0.89002	
2003-05-03T06:00:00	0.89417	0.90347	0.88727	0.89807	0.89422	0.90352	0.88732	0.89812	
2003-04-26T06:00:00	0.89197	0.90037	0.88877	0.89417	0.89202	0.90042	0.88882	0.89422	
2003-04-19T06:00:00	0.89067	0.90737	0.88897	0.89197	0.89072	0.90742	0.88902	0.89202	
2003-04-12T06:00:00	0.87907	0.89517	0.87467	0.89067	0.87912	0.89522	0.87472	0.89072	
2003-04-05T07:00:00	0.88377	0.88957	0.87607	0.87907	0.88382	0.88962	0.87612	0.87912	
2003-03-29T07:00:00	0.88387	0.89337	0.87607	0.88377	0.88392	0.89342	0.87612	0.88382	
2003-03-22T07:00:00	0.88207	0.88537	0.87577	0.88387	0.88212	0.88542	0.87582	0.88392	
2003-03-15T07:00:00	0.88107	0.88557	0.87197	0.88207	0.88112	0.88562	0.87202	0.88212	
2003-03-08T07:00:00	0.89897	0.90327	0.87167	0.88107	0.89902	0.90332	0.87172	0.88112	
2003-03-01T07:00:00	0.90187	0.91537	0.89757	0.89897	0.90192	0.91542	0.89762	0.89902	
2003-02-22T07:00:00	0.89877	0.90847	0.89497	0.90187	0.89882	0.90852	0.89502	0.90192	
2003-02-15T07:00:00	0.90107	0.90337	0.89277	0.89877	0.90112	0.90342	0.89282	0.89882	
2003-02-08T07:00:00	0.89707	0.90627	0.89637	0.90107	0.89712	0.90632	0.89642	0.90112	
2003-02-01T07:00:00	0.89257	0.90087	0.88417	0.89707	0.89262	0.90092	0.88422	0.89712	
2003-01-25T07:00:00	0.89927	0.90307	0.89067	0.89257	0.89932	0.90312	0.89072	0.89262	
2003-01-18T07:00:00	0.90807	0.90837	0.89477	0.89927	0.90812	0.90842	0.89482	0.89932	
2003-01-11T07:00:00	0.90157	0.90917	0.89467	0.90807	0.90162	0.90922	0.89472	0.90812	
2003-01-04T07:00:00	0.88727	0.90227	0.88587	0.90157	0.88732	0.90232	0.88592	0.90162	
2002-12-28T07:00:00	0.87987	0.89257	0.87867	0.88727	0.87992	0.89262	0.87872	0.88732	
2002-12-21T07:00:00	0.87157	0.88237	0.86827	0.87987	0.87162	0.88242	0.86832	0.87992	
2002-12-14T07:00:00	0.88097	0.88597	0.86907	0.87157	0.88102	0.88602	0.86912	0.87162	
2002-12-07T07:00:00	0.87777	0.88297	0.86977	0.88097	0.87782	0.88302	0.86982	0.88102	
2002-11-30T07:00:00	0.87717	0.88097	0.86537	0.87777	0.87722	0.88102	0.86542	0.87782	
2002-11-23T07:00:00	0.88897	0.89067	0.87347	0.87717	0.88902	0.89072	0.87352	0.87722	
2002-11-16T07:00:00	0.89207	0.89757	0.88147	0.88897	0.89212	0.89762	0.88152	0.88902	
2002-11-09T07:00:00	0.88337	0.89347	0.87677	0.89207	0.88342	0.89352	0.87682	0.89212	
2002-11-02T07:00:00	0.87067	0.88767	0.86987	0.88337	0.87072	0.88772	0.86992	0.88342	
2002-10-26T06:00:00	0.87037	0.87237	0.86177	0.87067	0.87042	0.87242	0.86182	0.87072	
2002-10-19T06:00:00	0.86497	0.87137	0.86337	0.87037	0.86502	0.87142	0.86342	0.87042	
2002-10-12T06:00:00	0.87187	0.87217	0.86037	0.86497	0.87192	0.87222	0.86042	0.86502	
2002-10-05T06:00:00	0.87047	0.87817	0.86697	0.87187	0.87052	0.87822	0.86702	0.87192	
2002-09-28T06:00:00	0.85707	0.87147	0.85597	0.87047	0.85712	0.87152	0.85602	0.87052	
2002-09-21T06:00:00	0.85857	0.86857	0.85347	0.85707	0.85862	0.86862	0.85352	0.85712	
2002-09-14T06:00:00	0.87057	0.87177	0.85807	0.85857	0.87062	0.87182	0.85812	0.85862	
2002-09-07T06:00:00	0.85357	0.88407	0.85117	0.87057	0.85362	0.88412	0.85122	0.87062	
2002-08-31T06:00:00	0.85787	0.85957	0.84267	0.85357	0.85792	0.85962	0.84272	0.85362	
2002-08-24T06:00:00	0.84497	0.86287	0.84387	0.85787	0.84502	0.86292	0.84392	0.85792	
2002-08-17T06:00:00	0.85067	0.86017	0.83737	0.84497	0.85072	0.86022	0.83742	0.84502	
2002-08-10T06:00:00	0.84217	0.85287	0.83617	0.85067	0.84222	0.85292	0.83622	0.85072	
2002-08-03T06:00:00	0.85317	0.85477	0.83617	0.84217	0.85322	0.85482	0.83622	0.84222	
2002-07-27T06:00:00	0.84877	0.86337	0.84647	0.85317	0.84882	0.86342	0.84652	0.85322	
2002-07-20T06:00:00	0.85667	0.86357	0.84527	0.84877	0.85672	0.86362	0.84532	0.84882	
2002-07-13T06:00:00	0.85737	0.86627	0.84597	0.85667	0.85742	0.86632	0.84602	0.85672	
2002-07-06T06:00:00	0.84787	0.86487	0.84607	0.85737	0.84792	0.86492	0.84612	0.85742	
2002-06-29T06:00:00	0.85677	0.86227	0.84567	0.84787	0.85582	0.86132	0.84572	0.84792	
2002-06-22T06:00:00	0.87317	0.87987	0.84747	0.85677	0.87222	0.87892	0.84652	0.85582	
2002-06-15T06:00:00	0.86717	0.87877	0.86157	0.87317	0.86622	0.87782	0.86062	0.87222	
2002-06-08T06:00:00	0.87687	0.87957	0.86367	0.86717	0.87592	0.87862	0.86272	0.86622	
2002-06-01T06:00:00	0.86847	0.88507	0.86777	0.87687	0.86752	0.88412	0.86682	0.87592	
2002-05-25T06:00:00	0.85327	0.87397	0.85197	0.86847	0.85232	0.87302	0.85102	0.86752	
2002-05-18T06:00:00	0.85507	0.86097	0.84977	0.85327	0.85412	0.86002	0.84882	0.85232	
2002-05-11T06:00:00	0.84907	0.85697	0.84627	0.85507	0.84812	0.85602	0.84532	0.85412	
2002-05-04T06:00:00	0.84387	0.85447	0.84197	0.84907	0.84292	0.85352	0.84102	0.84812	
2002-04-27T06:00:00	0.84957	0.85167	0.83467	0.84387	0.84862	0.85072	0.83372	0.84292	
2002-04-20T06:00:00	0.84837	0.85357	0.84597	0.84957	0.84742	0.85262	0.84502	0.84862	
2002-04-13T06:00:00	0.84847	0.85287	0.83997	0.84837	0.84752	0.85192	0.83902	0.84742	
2002-04-06T07:00:00	0.84347	0.85287	0.83817	0.84847	0.84252	0.85192	0.83722	0.84752	
2002-03-30T07:00:00	0.85097	0.85757	0.84147	0.84347	0.85002	0.85662	0.84052	0.84252	
2002-03-23T07:00:00	0.83717	0.85307	0.83607	0.85097	0.83622	0.85212	0.83512	0.85002	
2002-03-16T07:00:00	0.83357	0.84357	0.82727	0.83717	0.83262	0.84262	0.82632	0.83622	
2002-03-09T07:00:00	0.82997	0.83647	0.82267	0.83357	0.82902	0.83552	0.82172	0.83262	
2002-03-02T07:00:00	0.82887	0.83357	0.82357	0.82997	0.82792	0.83262	0.82262	0.82902	
2002-02-23T07:00:00	0.81847	0.83207	0.81787	0.82887	0.81752	0.83112	0.81692	0.82792	
2002-02-16T07:00:00	0.82337	0.82727	0.81737	0.81847	0.82242	0.82632	0.81642	0.81752	
2002-02-09T07:00:00	0.81707	0.82647	0.80737	0.82337	0.81612	0.82552	0.80642	0.82242	
2002-02-02T07:00:00	0.81037	0.82057	0.80797	0.81707	0.80942	0.81962	0.80702	0.81612	
2002-01-26T07:00:00	0.83267	0.83407	0.80297	0.81037	0.83172	0.83312	0.80202	0.80942	
2002-01-19T07:00:00	0.82977	0.84047	0.82637	0.83267	0.82882	0.83952	0.82542	0.83172	
2002-01-12T07:00:00	0.83197	0.83337	0.81677	0.82977	0.83102	0.83242	0.81582	0.82882	
2002-01-05T07:00:00	0.83147	0.84307	0.82647	0.83197	0.83052	0.84212	0.82552	0.83102	
2001-12-29T07:00:00	0.81387	0.83317	0.80987	0.83147	0.81292	0.83222	0.80892	0.83052	
2001-12-22T07:00:00	0.80637	0.81797	0.80497	0.81387	0.80542	0.81702	0.80402	0.81292	
2001-12-15T07:00:00	0.81157	0.81397	0.79537	0.80637	0.81062	0.81302	0.79442	0.80542	
2001-12-08T07:00:00	0.81047	0.81657	0.80997	0.81157	0.80952	0.81562	0.80902	0.81062	
2001-12-01T07:00:00	0.82047	0.82317	0.80637	0.81047	0.81952	0.82222	0.80542	0.80952	
2001-11-24T07:00:00	0.82837	0.83567	0.81727	0.82047	0.82742	0.83472	0.81632	0.81952	
2001-11-17T07:00:00	0.83267	0.83267	0.82347	0.82837	0.83172	0.83172	0.82252	0.82742	
2001-11-10T07:00:00	0.83147	0.83687	0.82107	0.83267	0.83052	0.83592	0.82012	0.83172	
2001-11-03T07:00:00	0.80847	0.83147	0.80657	0.83147	0.80752	0.83052	0.80562	0.83052	
2001-10-27T06:00:00	0.78987	0.81767	0.78887	0.80847	0.78892	0.81672	0.78792	0.80752	
2001-10-20T06:00:00	0.80327	0.80767	0.78957	0.79327	0.80232	0.80672	0.78862	0.79232	
2001-10-13T06:00:00	0.79077	0.80917	0.79077	0.80327	0.78982	0.80822	0.78982	0.80232	
2001-10-06T06:00:00	0.79347	0.79567	0.77897	0.79077	0.79252	0.79472	0.77802	0.78982	
2001-09-29T06:00:00	0.77697	0.79787	0.77367	0.79347	0.77602	0.79692	0.77272	0.79252	
2001-09-22T06:00:00	0.76247	0.78427	0.75857	0.77697	0.76152	0.78332	0.75762	0.77602	
2001-09-15T06:00:00	0.80647	0.80877	0.75647	0.76247	0.80552	0.80782	0.75552	0.76152	
2001-09-08T06:00:00	0.81377	0.82067	0.80067	0.80647	0.81282	0.81972	0.79972	0.80552	
2001-09-01T06:00:00	0.82257	0.82257	0.80587	0.81377	0.82162	0.82162	0.80492	0.81282	
2001-08-25T06:00:00	0.82357	0.82787	0.81017	0.82257	0.82262	0.82692	0.80922	0.82162	
2001-08-18T06:00:00	0.82737	0.83617	0.81557	0.82357	0.82642	0.83522	0.81462	0.82262	
2001-08-11T06:00:00	0.79687	0.83117	0.79637	0.82737	0.79592	0.83022	0.79542	0.82642	
2001-08-04T06:00:00	0.79277	0.79767	0.78697	0.79687	0.79182	0.79672	0.78602	0.79592	
2001-07-28T06:00:00	0.77987	0.80047	0.77367	0.79277	0.77892	0.79952	0.77272	0.79182	
2001-07-21T06:00:00	0.78227	0.78797	0.77537	0.77987	0.78132	0.78702	0.77442	0.77892	
2001-07-14T06:00:00	0.78127	0.79987	0.77727	0.78227	0.78032	0.79892	0.77632	0.78132	
2001-07-07T06:00:00	0.77407	0.78367	0.76607	0.78127	0.77312	0.78272	0.76512	0.78032	
2001-06-30T06:00:00	0.77567	0.78647	0.76297	0.77407	0.77472	0.78552	0.76202	0.77312	
2001-06-23T06:00:00	0.78777	0.79327	0.76967	0.77567	0.78682	0.79232	0.76872	0.77472	
2001-06-16T06:00:00	0.80327	0.80767	0.78557	0.78777	0.80232	0.80672	0.78462	0.78682	
2001-06-09T06:00:00	0.79837	0.80767	0.79117	0.80327	0.79742	0.80672	0.79022	0.80232	
2001-06-02T06:00:00	0.78207	0.80057	0.77677	0.79837	0.78112	0.79962	0.77582	0.79742	
2001-05-26T06:00:00	0.80337	0.80787	0.77347	0.78207	0.80242	0.80692	0.77252	0.78112	
2001-05-19T06:00:00	0.81147	0.81867	0.78657	0.80337	0.81052	0.81772	0.78562	0.80242	
2001-05-12T06:00:00	0.81037	0.81647	0.79697	0.81147	0.80942	0.81552	0.79602	0.81052	
2001-05-05T06:00:00	0.79827	0.81567	0.79187	0.81037	0.79732	0.81472	0.79092	0.80942	
2001-04-28T06:00:00	0.78437	0.80607	0.77727	0.79827	0.78342	0.80512	0.77632	0.79732	
2001-04-21T06:00:00	0.79317	0.80637	0.77397	0.78437	0.79222	0.80542	0.77302	0.78342	
2001-04-14T06:00:00	0.79297	0.81027	0.76967	0.79317	0.79202	0.80932	0.76872	0.79222	
2001-04-07T06:00:00	0.77967	0.79897	0.76297	0.79297	0.77872	0.79802	0.76202	0.79202	
2001-03-31T07:00:00	0.76667	0.78717	0.75117	0.77967	0.76572	0.78622	0.75022	0.77872	
2001-03-24T07:00:00	0.78287	0.78827	0.75967	0.76667	0.78192	0.78732	0.75872	0.76572	
2001-03-17T07:00:00	0.77647	0.79567	0.76727	0.78287	0.77552	0.79472	0.76632	0.78192	
2001-03-10T07:00:00	0.78837	0.79417	0.76157	0.77647	0.78742	0.79322	0.76062	0.77552	
2001-03-03T07:00:00	0.81797	0.82087	0.78107	0.78837	0.81702	0.81992	0.78012	0.78742	
2001-02-24T07:00:00	0.80837	0.82167	0.79517	0.81797	0.80742	0.82072	0.79422	0.81702	
2001-02-17T07:00:00	0.81447	0.81977	0.79947	0.80837	0.81352	0.81882	0.79852	0.80742	
2001-02-10T07:00:00	0.81087	0.82597	0.79387	0.81447	0.80992	0.82502	0.79292	0.81352	
2001-02-03T07:00:00	0.82527	0.83487	0.80217	0.81087	0.82432	0.83392	0.80122	0.80992	
2001-01-27T07:00:00	0.81877	0.83427	0.80987	0.82527	0.81782	0.83332	0.80892	0.82432	
2001-01-20T07:00:00	0.84077	0.84367	0.81287	0.81877	0.83982	0.84272	0.81192	0.81782	
2001-01-13T07:00:00	0.83587	0.85257	0.82577	0.84077	0.83492	0.85162	0.82482	0.83982	
2001-01-06T07:00:00	0.85677	0.85857	0.82497	0.83587	0.85582	0.85762	0.82402	0.83492	
2000-12-30T07:00:00	0.83817	0.86217	0.82677	0.85677	0.83722	0.86122	0.82582	0.85582	
2000-12-23T07:00:00	0.84537	0.85047	0.82577	0.83817	0.84442	0.84952	0.82482	0.83722	
2000-12-16T07:00:00	0.82797	0.84917	0.82137	0.84537	0.82702	0.84822	0.82042	0.84442	
2000-12-09T07:00:00	0.82617	0.83377	0.81627	0.82797	0.82522	0.83282	0.81532	0.82702	
2000-12-02T07:00:00	0.83187	0.85167	0.82277	0.82617	0.83092	0.85072	0.82182	0.82522	
2000-11-25T07:00:00	0.80417	0.83587	0.79627	0.83187	0.80322	0.83492	0.79532	0.83092	
2000-11-18T07:00:00	0.80817	0.82017	0.78447	0.80417	0.80722	0.81922	0.78352	0.80322	
2000-11-11T07:00:00	0.80187	0.81627	0.79907	0.80817	0.80092	0.81532	0.79812	0.80722	
2000-11-04T07:00:00	0.80947	0.82327	0.79987	0.80187	0.80852	0.82232	0.79892	0.80092	
2000-10-28T06:00:00	0.80017	0.82267	0.77747	0.80947	0.79922	0.82172	0.77652	0.80852	
2000-10-21T06:00:00	0.80397	0.80647	0.77747	0.80017	0.80302	0.80552	0.77652	0.79922	
2000-10-14T06:00:00	0.79707	0.80537	0.77997	0.80397	0.79612	0.80442	0.77902	0.80302	
2000-10-07T06:00:00	0.80187	0.81137	0.79317	0.79707	0.80092	0.81042	0.79222	0.79612	
2000-09-30T06:00:00	0.81677	0.82807	0.79167	0.80187	0.81582	0.82712	0.79072	0.80092	
2000-09-23T06:00:00	0.81697	0.82987	0.80667	0.81677	0.81602	0.82892	0.80572	0.81582	
2000-09-16T06:00:00	0.81017	0.83477	0.79357	0.81697	0.80922	0.83382	0.79262	0.81602	
2000-09-09T06:00:00	0.82247	0.83317	0.80637	0.81017	0.82152	0.83222	0.80542	0.80922	
2000-09-02T06:00:00	0.84987	0.85357	0.81627	0.82247	0.84892	0.85262	0.81532	0.82152	
2000-08-26T06:00:00	0.85127	0.85727	0.83847	0.84987	0.85032	0.85632	0.83752	0.84892	
2000-08-19T06:00:00	0.87257	0.87507	0.83717	0.85127	0.87162	0.87412	0.83622	0.85032	
2000-08-12T06:00:00	0.85977	0.87897	0.85567	0.87257	0.85882	0.87802	0.85472	0.87162	
2000-08-05T06:00:00	0.87427	0.87927	0.85437	0.85977	0.87332	0.87832	0.85342	0.85882	
2000-07-29T06:00:00	0.86787	0.87517	0.85157	0.87427	0.86692	0.87422	0.85062	0.87332	
2000-07-22T06:00:00	0.86287	0.87647	0.85357	0.86787	0.86192	0.87552	0.85262	0.86692	
2000-07-15T06:00:00	0.86727	0.87647	0.84667	0.86287	0.86632	0.87552	0.84572	0.86192	
2000-07-08T06:00:00	0.87667	0.88347	0.86197	0.86727	0.87572	0.88252	0.86102	0.86632	
2000-07-01T06:00:00	0.88427	0.89377	0.86757	0.87667	0.88332	0.89282	0.86662	0.87572	
2000-06-24T06:00:00	0.88147	0.89837	0.87667	0.88427	0.88052	0.89742	0.87572	0.88332	
2000-06-17T06:00:00	0.88917	0.89317	0.87477	0.88147	0.88822	0.89222	0.87382	0.88052	
2000-06-10T06:00:00	0.86547	0.90207	0.86317	0.88917	0.86452	0.90112	0.86222	0.88822	
2000-06-03T06:00:00	0.85957	0.88017	0.85097	0.86547	0.85862	0.87922	0.85002	0.86452	
2000-05-27T06:00:00	0.86327	0.87487	0.84067	0.85957	0.86232	0.87392	0.83972	0.85862	
2000-05-20T06:00:00	0.85777	0.87277	0.84867	0.86327	0.85682	0.87182	0.84772	0.86232	
2000-05-13T06:00:00	0.86477	0.86977	0.84017	0.85777	0.86382	0.86882	0.83922	0.85682	
2000-05-06T06:00:00	0.88947	0.89147	0.85467	0.86477	0.88852	0.89052	0.85372	0.86382	
2000-04-29T06:00:00	0.86607	0.89627	0.85477	0.88947	0.86512	0.89532	0.85382	0.88852	
2000-04-22T06:00:00	0.87357	0.88257	0.85687	0.86607	0.87262	0.88162	0.85592	0.86512	
2000-04-15T06:00:00	0.88967	0.90227	0.86897	0.87357	0.88872	0.90132	0.86802	0.87262	
2000-04-08T06:00:00	0.87107	0.88967	0.86527	0.88967	0.87012	0.88872	0.86432	0.88872	
2000-04-01T07:00:00	0.88027	0.88837	0.86587	0.87107	0.87932	0.88742	0.86492	0.87012	
2000-03-25T07:00:00	0.89057	0.90097	0.87237	0.88027	0.88962	0.90002	0.87142	0.87932	
2000-03-18T07:00:00	0.89277	0.90097	0.88297	0.89057	0.89182	0.90002	0.88202	0.88962	
2000-03-11T07:00:00	0.89387	0.90827	0.88987	0.89277	0.89292	0.90732	0.88892	0.89182	
2000-03-04T07:00:00	0.88327	0.90017	0.87077	0.89387	0.88232	0.89922	0.86982	0.89292	
2000-02-26T07:00:00	0.89327	0.90077	0.87107	0.88327	0.89232	0.89982	0.87012	0.88232	
2000-02-19T07:00:00	0.91267	0.91937	0.88977	0.89327	0.91172	0.91842	0.88882	0.89232	
2000-02-12T07:00:00	0.91727	0.92487	0.90507	0.91267	0.91632	0.92392	0.90412	0.91172	
2000-02-05T07:00:00	0.91857	0.93097	0.90417	0.91727	0.91762	0.93002	0.90322	0.91632	
2000-01-29T07:00:00	0.92357	0.93307	0.90547	0.91857	0.92262	0.93212	0.90452	0.91762	
2000-01-22T07:00:00	0.94947	0.95277	0.89237	0.92357	0.94852	0.95182	0.89142	0.92262	
2000-01-15T07:00:00	0.96567	0.97037	0.94947	0.94947	0.96472	0.96942	0.94852	0.94852	
2000-01-08T07:00:00	0.95397	0.97307	0.94987	0.96567	0.95302	0.97212	0.94892	0.96472	
2000-01-01T07:00:00	0.94977	0.96247	0.94307	0.95397	0.94882	0.96152	0.94212	0.95302	
1999-12-25T07:00:00	0.94457	0.95707	0.93157	0.94977	0.94362	0.95612	0.93062	0.94882	
1999-12-18T07:00:00	0.94987	0.95687	0.94177	0.94457	0.94892	0.95592	0.94082	0.94362	
1999-12-11T07:00:00	0.93907	0.95547	0.93367	0.94987	0.93812	0.95452	0.93272	0.94892	
1999-12-04T07:00:00	0.93627	0.94867	0.92847	0.93907	0.93532	0.94772	0.92752	0.93812	
1999-11-27T07:00:00	0.93097	0.94557	0.92977	0.93627	0.93002	0.94462	0.92882	0.93532	
1999-11-20T07:00:00	0.93577	0.93967	0.92237	0.93097	0.93482	0.93872	0.92142	0.93002	
1999-11-13T07:00:00	0.94747	0.95037	0.93057	0.93577	0.94652	0.94942	0.92962	0.93482	
1999-11-06T07:00:00	0.93847	0.94897	0.93267	0.94747	0.93752	0.94802	0.93172	0.94652	
1999-10-30T06:00:00	0.94157	0.94967	0.92327	0.93847	0.94062	0.94872	0.92232	0.93752	
1999-10-23T06:00:00	0.95957	0.96677	0.93477	0.94157	0.95862	0.96582	0.93382	0.94062	
1999-10-16T06:00:00	0.95857	0.97277	0.95427	0.95957	0.95762	0.97182	0.95332	0.95862	
1999-10-09T06:00:00	0.96217	0.97747	0.95247	0.95857	0.96122	0.97652	0.95152	0.95762	
1999-10-02T06:00:00	0.96897	0.98167	0.95877	0.96217	0.96802	0.98072	0.95782	0.96122	
1999-09-25T06:00:00	0.96237	0.97417	0.94787	0.96897	0.96142	0.97322	0.94692	0.96802	
1999-09-18T06:00:00	0.95227	0.96557	0.94127	0.96237	0.95132	0.96462	0.94032	0.96142	
1999-09-11T06:00:00	0.96187	0.97317	0.94917	0.95227	0.96092	0.97222	0.94822	0.95132	
1999-09-04T06:00:00	0.96107	0.97427	0.95477	0.96187	0.96012	0.97332	0.95382	0.96092	
1999-08-28T06:00:00	0.93797	0.97067	0.93447	0.96107	0.93702	0.96972	0.93352	0.96012	
1999-08-21T06:00:00	0.95557	0.96087	0.93737	0.93797	0.95462	0.95992	0.93642	0.93702	
1999-08-14T06:00:00	0.96637	0.97177	0.93957	0.95557	0.96542	0.97082	0.93862	0.95462	
1999-08-07T06:00:00	0.97857	0.98537	0.95687	0.96637	0.97762	0.98442	0.95592	0.96542	
1999-07-31T06:00:00	0.97977	0.98947	0.96947	0.97857	0.97882	0.98852	0.96852	0.97762	
1999-07-24T06:00:00	0.98037	0.99027	0.96727	0.97977	0.97942	0.98932	0.96632	0.97882	
1999-07-17T06:00:00	0.97787	0.98917	0.95677	0.98037	0.97692	0.98822	0.95582	0.97942	
1999-07-10T06:00:00	0.97967	0.98877	0.97117	0.97787	0.97872	0.98782	0.97022	0.97692	
1999-07-03T06:00:00	0.97817	0.98957	0.96607	0.97967	0.97722	0.98862	0.96512	0.97872	
1999-06-26T06:00:00	0.97117	0.99137	0.95897	0.97817	0.97022	0.99042	0.95802	0.97722	
1999-06-19T06:00:00	0.95627	0.97947	0.94817	0.97117	0.95532	0.97852	0.94722	0.97022	
1999-06-12T06:00:00	0.97137	0.97417	0.95117	0.95627	0.97042	0.97322	0.95022	0.95532	
1999-06-05T06:00:00	0.96737	0.98147	0.95667	0.97137	0.96642	0.98052	0.95572	0.97042	
1999-05-29T06:00:00	0.96227	0.97517	0.94487	0.96737	0.96132	0.97422	0.94392	0.96642	
1999-05-22T06:00:00	0.96017	0.96877	0.94197	0.96227	0.95922	0.96782	0.94102	0.96132	
1999-05-15T06:00:00	0.97067	0.98957	0.95807	0.96017	0.96972	0.98862	0.95712	0.95922	
1999-05-08T06:00:00	0.98027	0.98667	0.96227	0.97067	0.97932	0.98572	0.96132	0.96972	
1999-05-01T06:00:00	0.96247	0.98637	0.95287	0.98027	0.96152	0.98542	0.95192	0.97932	
1999-04-24T06:00:00	0.96057	0.97367	0.95347	0.96247	0.95962	0.97272	0.95252	0.96152	
1999-04-17T06:00:00	0.95437	0.97327	0.95367	0.96057	0.95342	0.97232	0.95272	0.95962	
1999-04-10T06:00:00	0.94797	0.96747	0.94137	0.95437	0.94702	0.96652	0.94042	0.95342	
1999-04-03T07:00:00	0.94897	0.95567	0.93237	0.94797	0.94802	0.95472	0.93142	0.94702	
1999-03-27T07:00:00	0.95797	0.96537	0.94137	0.94897	0.95702	0.96442	0.94042	0.94802	
1999-03-20T07:00:00	0.95607	0.96967	0.94337	0.95797	0.95512	0.96872	0.94242	0.95702	
1999-03-13T07:00:00	0.96877	0.97237	0.94767	0.95607	0.96782	0.97142	0.94672	0.95512	
1999-03-06T07:00:00	0.95447	0.97637	0.94837	0.96877	0.95352	0.97542	0.94742	0.96782	
1999-02-27T07:00:00	0.93487	0.96107	0.92907	0.95447	0.93392	0.96012	0.92812	0.95352	
1999-02-20T07:00:00	0.95477	0.96417	0.92927	0.93487	0.95382	0.96322	0.92832	0.93392	
1999-02-13T07:00:00	0.96707	0.97397	0.94107	0.95477	0.96612	0.97302	0.94012	0.95382	
1999-02-06T07:00:00	0.96857	0.97747	0.95157	0.96707	0.96762	0.97652	0.95062	0.96612	
1999-01-30T07:00:00	0.95497	0.98267	0.94947	0.96857	0.95402	0.98172	0.94852	0.96762	
1999-01-23T07:00:00	0.96317	0.96657	0.94197	0.95497	0.96222	0.96562	0.94102	0.95402	
1999-01-16T07:00:00	0.96927	0.98507	0.95487	0.96317	0.96832	0.98412	0.95392	0.96222	
1999-01-09T07:00:00	0.95937	0.98717	0.95177	0.96927	0.95842	0.98622	0.95082	0.96832	
1999-01-02T07:00:00	0.93837	0.96727	0.93037	0.95937	0.93742	0.96632	0.92942	0.95842	
1998-12-26T07:00:00	0.94567	0.95547	0.93277	0.93837	0.94472	0.95452	0.93182	0.93742	
1998-12-19T07:00:00	0.95667	0.96617	0.94117	0.94567	0.95572	0.96522	0.94022	0.94472	
1998-12-12T07:00:00	0.95397	0.96737	0.94747	0.95667	0.95302	0.96642	0.94652	0.95572	
1998-12-05T07:00:00	0.94817	0.96757	0.93897	0.95397	0.94722	0.96662	0.93802	0.95302	
1998-11-28T07:00:00	0.97197	0.98287	0.94037	0.94817	0.97102	0.98192	0.93942	0.94722	
1998-11-21T07:00:00	0.99037	1.00127	0.96387	0.97197	0.98942	1.00032	0.96292	0.97102	
1998-11-14T07:00:00	0.98967	1.00867	0.97057	0.99037	0.98872	1.00772	0.96962	0.98942	
1998-11-07T07:00:00	0.97177	0.99427	0.95427	0.98967	0.97082	0.99332	0.95332	0.98872	
1998-10-31T07:00:00	0.96347	0.97647	0.94617	0.97177	0.96252	0.97552	0.94522	0.97082	
1998-10-24T06:00:00	0.95587	0.97427	0.94107	0.96347	0.95492	0.97332	0.94012	0.96252	
1998-10-17T06:00:00	0.97827	0.99037	0.95127	0.95587	0.97732	0.98942	0.95032	0.95492	
1998-10-10T06:00:00	0.94687	0.99417	0.93747	0.97827	0.94592	0.99322	0.93652	0.97732	
1998-10-03T06:00:00	0.92277	0.96947	0.88437	0.94687	0.92182	0.96852	0.88342	0.94592	
1998-09-26T06:00:00	0.88867	0.93377	0.88057	0.92277	0.88772	0.93282	0.87962	0.92182	
1998-09-19T06:00:00	0.89407	0.90017	0.87077	0.88867	0.89312	0.89922	0.86982	0.88772	
1998-09-12T06:00:00	0.90197	0.91497	0.88447	0.89407	0.90102	0.91402	0.88352	0.89312	
1998-09-05T06:00:00	0.89407	0.91847	0.88087	0.90197	0.89312	0.91752	0.87992	0.90102	
1998-08-29T06:00:00	0.88577	0.91887	0.86447	0.89407	0.88482	0.91792	0.86352	0.89312	
1998-08-22T06:00:00	0.89787	0.91157	0.85577	0.88577	0.89692	0.91062	0.85482	0.88482	
1998-08-15T06:00:00	0.90197	0.92087	0.88647	0.89787	0.90102	0.91992	0.88552	0.89692	
1998-08-08T06:00:00	0.91307	0.91797	0.89407	0.90197	0.91212	0.91702	0.89312	0.90102	
1998-08-01T06:00:00	0.91687	0.93337	0.90467	0.91307	0.91592	0.93242	0.90372	0.91212	
1998-07-25T06:00:00	0.92447	0.93197	0.90907	0.91687	0.92352	0.93102	0.90812	0.91592	
1998-07-18T06:00:00	0.93307	0.94277	0.91957	0.92447	0.93212	0.94182	0.91862	0.92352	
1998-07-11T06:00:00	0.90257	0.94557	0.89127	0.93307	0.90162	0.94462	0.89032	0.93212	
1998-07-04T06:00:00	0.90187	0.91917	0.90007	0.90257	0.90092	0.91822	0.89912	0.90162	
1998-06-27T06:00:00	0.88147	0.91837	0.87887	0.90187	0.88052	0.91742	0.87792	0.90092	
1998-06-20T06:00:00	0.89777	0.90537	0.87907	0.88147	0.89682	0.90442	0.87812	0.88052	
1998-06-13T06:00:00	0.86257	0.92617	0.85207	0.89777	0.86162	0.92522	0.85112	0.89682	
1998-06-06T06:00:00	0.88007	0.88177	0.84697	0.86257	0.87912	0.88082	0.84602	0.86162	
1998-05-30T06:00:00	0.90887	0.91147	0.87297	0.88007	0.90792	0.91052	0.87202	0.87912	
1998-05-23T06:00:00	0.90797	0.91557	0.89597	0.90887	0.90702	0.91462	0.89502	0.90792	
