日時	CAD/JPY(始値, 買い)	CAD/JPY(高値, 買い)	CAD/JPY(安値, 買い)	CAD/JPY(終値, 買い)	CAD/JPY(始値, 売り)	CAD/JPY(高値, 売り)	CAD/JPY(安値, 売り)	CAD/JPY(終値, 売り)	
2014-02-01T07:00:00	91.715	92.230	90.826	91.603	91.607	92.210	90.787	91.578	
2014-01-25T07:00:00	92.329	93.245	91.085	91.715	92.211	93.222	91.061	91.607	
2014-01-18T07:00:00	95.175	95.598	92.043	92.329	95.066	95.572	92.020	92.211	
2014-01-11T07:00:00	95.613	95.915	94.591	95.175	95.546	95.893	94.567	95.066	
2014-01-04T07:00:00	98.622	98.709	95.114	95.613	98.530	98.688	95.091	95.546	
2013-12-28T07:00:00	98.295	99.162	97.729	98.622	98.173	99.136	97.700	98.530	
2013-12-21T07:00:00	97.897	98.701	97.604	98.295	97.808	98.677	97.577	98.173	
2013-12-14T07:00:00	97.591	98.016	96.558	97.897	97.419	97.991	96.415	97.808	
2013-12-07T07:00:00	96.782	97.624	96.323	97.591	96.707	97.602	96.290	97.419	
2013-11-30T07:00:00	96.561	97.108	95.190	96.782	96.390	97.086	95.165	96.707	
2013-11-23T07:00:00	96.321	96.865	95.916	96.561	96.246	96.843	95.891	96.390	
2013-11-16T07:00:00	96.025	96.467	95.432	96.321	95.909	96.447	95.410	96.246	
2013-11-09T07:00:00	94.617	96.041	94.423	96.025	94.478	96.012	94.399	95.909	
2013-11-02T06:00:00	94.712	95.230	93.472	94.617	94.656	95.208	93.451	94.478	
2013-10-26T06:00:00	93.230	94.769	93.264	94.712	93.134	94.743	93.238	94.656	
2013-10-19T06:00:00	95.072	95.751	92.909	93.230	95.004	95.727	92.885	93.134	
2013-10-12T06:00:00	95.228	95.872	94.454	95.072	95.181	95.844	94.399	95.004	
2013-10-05T06:00:00	94.708	95.253	93.332	95.228	94.643	95.224	93.311	95.181	
2013-09-28T06:00:00	95.398	95.658	93.872	94.708	95.337	95.632	93.850	94.643	
2013-09-21T06:00:00	96.450	96.476	95.181	95.398	96.389	96.451	95.159	95.337	
2013-09-14T06:00:00	95.972	97.508	95.517	96.450	95.949	97.449	95.384	96.389	
2013-09-07T06:00:00	95.241	97.208	95.522	95.972	95.170	97.183	95.498	95.949	
2013-08-31T06:00:00	93.204	95.871	93.249	95.241	93.066	95.772	93.190	95.170	
2013-08-24T06:00:00	94.050	94.110	92.292	93.204	93.965	94.083	92.258	93.066	
2013-08-17T06:00:00	94.398	95.022	93.142	94.050	94.311	94.997	93.102	93.965	
2013-08-10T06:00:00	93.599	95.280	93.302	94.398	93.482	95.255	93.264	94.311	
2013-08-03T06:00:00	95.249	95.374	92.329	93.599	95.158	95.347	92.302	93.482	
2013-07-27T06:00:00	95.662	96.341	94.725	95.249	95.572	96.313	94.699	95.158	
2013-07-20T06:00:00	97.116	97.674	95.291	95.662	97.043	97.651	95.265	95.572	
2013-07-13T06:00:00	95.401	97.120	95.227	97.116	95.367	97.083	95.117	97.043	
2013-07-06T06:00:00	95.817	96.219	94.455	95.401	95.626	96.176	94.368	95.367	
2013-06-29T06:00:00	94.344	95.819	94.220	95.817	94.167	95.766	94.127	95.626	
2013-06-22T06:00:00	93.649	94.603	92.190	94.344	93.504	94.582	92.164	94.167	
2013-06-15T06:00:00	92.540	95.136	92.542	93.649	92.413	95.107	92.448	93.504	
2013-06-08T06:00:00	95.719	97.420	91.809	92.540	95.604	97.398	91.786	92.413	
2013-06-01T06:00:00	96.928	97.376	92.966	95.719	96.867	97.353	92.943	95.604	
2013-05-25T06:00:00	98.223	99.051	96.801	96.928	98.159	99.004	96.758	96.867	
2013-05-18T06:00:00	100.440	100.440	97.319	98.223	100.386	100.386	97.292	98.159	
2013-05-11T06:00:00	100.582	101.064	99.387	100.440	100.518	101.042	99.362	100.386	
2013-05-04T06:00:00	98.256	100.982	98.080	100.582	98.192	100.958	98.057	100.518	
2013-04-27T06:00:00	96.457	98.401	95.845	98.256	96.386	98.375	95.821	98.192	
2013-04-20T06:00:00	96.967	97.600	95.810	96.457	96.888	97.577	95.784	96.386	
2013-04-13T06:00:00	97.135	97.372	93.495	96.967	97.068	97.346	93.436	96.888	
2013-04-06T06:00:00	95.914	98.896	95.914	97.135	95.833	98.872	95.833	97.068	
2013-03-30T06:00:00	92.602	96.278	91.207	95.914	92.514	96.255	91.177	95.833	
2013-03-23T06:00:00	92.430	93.292	91.476	92.602	92.339	93.265	91.449	92.514	
2013-03-16T06:00:00	93.477	93.782	91.822	92.430	93.424	93.759	91.799	92.339	
2013-03-09T07:00:00	93.442	94.383	93.062	93.477	93.363	94.360	93.037	93.424	
2013-03-02T07:00:00	91.140	94.303	90.457	93.442	91.128	94.271	90.434	93.363	
2013-02-23T07:00:00	91.563	92.729	88.520	91.140	91.491	92.623	88.494	91.128	
2013-02-16T07:00:00	92.966	93.557	90.875	91.563	92.868	93.532	90.850	91.491	
2013-02-09T07:00:00	92.500	94.059	92.009	92.966	92.428	94.031	91.983	92.868	
2013-02-02T07:00:00	93.198	94.521	92.076	92.500	93.105	94.498	92.020	92.428	
2013-01-26T07:00:00	90.310	93.213	89.701	93.198	90.282	93.183	89.680	93.105	
2013-01-19T07:00:00	90.835	90.989	88.399	90.310	90.811	90.945	88.372	90.282	
2013-01-12T07:00:00	90.600	91.495	88.974	90.835	90.504	91.475	88.948	90.811	
2013-01-05T07:00:00	89.287	91.060	88.002	90.600	89.246	91.030	87.961	90.504	
2012-12-29T07:00:00	86.255	89.652	86.024	89.287	86.208	89.631	85.912	89.246	
2012-12-22T07:00:00	84.838	87.098	84.820	86.255	84.737	87.068	84.737	86.208	
2012-12-15T07:00:00	84.725	85.829	84.524	84.838	84.678	85.808	84.496	84.737	
2012-12-08T07:00:00	83.434	85.364	83.122	84.725	83.394	85.340	83.098	84.678	
2012-12-01T07:00:00	82.951	83.835	82.240	83.434	82.923	83.812	82.215	83.394	
2012-11-24T07:00:00	83.026	83.361	82.038	82.951	82.985	83.340	82.016	82.923	
2012-11-17T07:00:00	81.255	83.168	81.136	83.026	81.214	83.145	81.107	82.985	
2012-11-10T07:00:00	79.348	81.372	79.084	81.255	79.313	81.349	79.056	81.214	
2012-11-03T06:00:00	80.850	81.359	78.894	79.348	80.809	81.338	78.872	79.313	
2012-10-27T06:00:00	79.893	81.150	79.142	80.850	79.854	81.127	79.114	80.809	
2012-10-20T06:00:00	79.891	81.030	79.636	79.893	79.846	81.003	79.605	79.854	
2012-10-13T06:00:00	80.077	81.142	79.681	79.891	80.039	81.119	79.655	79.846	
2012-10-06T06:00:00	80.391	80.560	79.391	80.077	80.345	80.522	79.363	80.039	
2012-09-29T06:00:00	79.251	80.977	79.064	80.391	79.206	80.958	79.034	80.345	
2012-09-22T06:00:00	80.065	80.149	78.809	79.251	80.027	80.027	78.787	79.206	
2012-09-15T06:00:00	80.672	81.452	79.602	80.065	80.627	81.428	79.577	80.027	
2012-09-08T06:00:00	79.985	81.074	79.202	80.672	79.939	81.047	79.175	80.627	
2012-09-01T06:00:00	79.499	80.555	78.965	79.985	79.438	80.531	78.942	79.939	
2012-08-25T06:00:00	79.302	79.835	79.015	79.499	79.239	79.812	78.990	79.438	
2012-08-18T06:00:00	80.497	80.697	78.890	79.302	80.373	80.675	78.866	79.239	
2012-08-11T06:00:00	79.003	80.580	78.787	80.497	78.947	80.555	78.762	80.373	
2012-08-04T06:00:00	78.420	79.487	78.104	79.003	78.306	79.465	78.076	78.947	
2012-07-28T06:00:00	78.251	78.865	77.512	78.420	78.138	78.841	77.485	78.306	
2012-07-21T06:00:00	77.558	78.329	76.345	78.251	77.427	78.310	76.316	78.138	
2012-07-14T06:00:00	78.224	78.329	77.412	77.558	78.038	78.214	77.417	77.427	
2012-07-07T06:00:00	78.164	78.467	77.321	78.224	78.129	78.408	77.297	78.038	
2012-06-30T06:00:00	78.570	79.135	77.810	78.164	78.450	79.109	77.780	78.129	
2012-06-23T06:00:00	78.584	78.604	76.623	78.570	78.427	78.578	76.595	78.450	
2012-06-16T06:00:00	77.072	78.681	76.776	78.584	76.961	78.655	76.748	78.427	
2012-06-09T06:00:00	77.447	78.115	76.719	77.072	77.347	78.086	76.693	76.961	
2012-06-02T06:00:00	74.939	78.077	74.756	77.447	74.846	78.051	74.719	77.347	
2012-05-26T06:00:00	77.463	77.888	74.424	74.939	77.352	77.863	74.395	74.846	
2012-05-19T06:00:00	77.347	78.678	77.033	77.463	77.241	78.656	77.003	77.352	
2012-05-12T06:00:00	79.957	80.187	77.294	77.347	79.795	80.158	77.192	77.241	
2012-05-05T06:00:00	80.234	80.607	79.051	79.957	80.119	80.578	79.018	79.795	
2012-04-28T06:00:00	81.916	81.967	80.128	80.234	81.797	81.934	80.100	80.119	
2012-04-21T06:00:00	82.208	83.000	81.233	81.916	82.096	82.969	81.203	81.797	
2012-04-14T06:00:00	81.002	82.642	80.197	82.208	80.887	82.614	80.165	82.096	
2012-04-07T06:00:00	81.954	82.194	80.233	81.002	81.754	82.162	80.200	80.887	
2012-03-31T06:00:00	83.065	83.706	81.559	81.954	82.959	83.676	81.525	81.754	
2012-03-24T06:00:00	82.591	84.133	81.835	83.065	82.481	84.104	81.807	82.959	
2012-03-17T06:00:00	84.184	84.983	81.882	82.591	84.062	84.956	81.848	82.481	
2012-03-10T07:00:00	83.317	84.741	82.686	84.184	83.202	84.714	82.660	84.062	
2012-03-03T07:00:00	82.746	83.539	80.400	83.317	82.637	83.515	80.375	83.202	
2012-02-25T07:00:00	81.268	82.837	79.895	82.746	81.199	82.812	79.866	82.637	
2012-02-18T07:00:00	79.852	81.304	79.852	81.268	79.737	81.239	79.737	81.199	
2012-02-11T07:00:00	77.545	79.956	77.330	79.852	77.493	79.927	77.293	79.737	
2012-02-04T07:00:00	77.180	78.196	76.708	77.545	77.053	78.121	76.677	77.493	
2012-01-28T07:00:00	76.576	77.201	75.784	77.180	76.524	77.128	75.755	77.053	
2012-01-21T07:00:00	76.111	77.627	75.733	76.576	75.936	77.596	75.680	76.524	
2012-01-14T07:00:00	75.293	76.574	74.987	76.111	75.120	76.549	74.953	75.936	
2012-01-07T07:00:00	74.876	75.890	74.549	75.293	74.681	75.862	74.518	75.120	
2011-12-31T07:00:00	75.452	76.208	74.846	74.876	75.239	76.180	74.681	74.681	
2011-12-24T07:00:00	76.557	76.674	75.316	75.452	76.453	76.622	75.239	75.239	
2011-12-17T07:00:00	74.953	76.750	74.810	76.557	74.914	76.717	74.778	76.453	
2011-12-10T07:00:00	76.339	76.339	74.753	74.953	76.295	76.295	74.726	74.914	
2011-12-03T07:00:00	76.582	77.187	75.671	76.339	76.549	77.160	75.638	76.295	
2011-11-26T07:00:00	74.090	77.388	74.090	76.582	74.052	77.356	74.052	76.549	
2011-11-19T07:00:00	74.893	74.923	73.503	74.090	74.862	74.862	73.481	74.052	
2011-11-12T07:00:00	76.210	76.727	74.572	74.893	76.173	76.611	74.539	74.862	
2011-11-05T06:00:00	76.927	77.198	75.621	76.210	76.914	77.136	75.591	76.173	
2011-10-29T06:00:00	76.368	79.671	76.131	76.927	76.336	79.633	76.096	76.914	
2011-10-22T06:00:00	75.472	76.777	74.398	76.368	75.438	76.751	74.365	76.336	
2011-10-15T06:00:00	76.427	77.108	74.738	75.472	76.398	77.081	74.708	75.438	
2011-10-08T06:00:00	74.050	76.484	73.932	76.427	74.013	76.455	73.796	76.398	
2011-10-01T06:00:00	73.535	75.104	72.171	74.050	73.501	75.072	72.141	74.013	
2011-09-24T06:00:00	74.430	75.706	73.328	73.535	74.385	75.682	73.299	73.501	
2011-09-17T06:00:00	78.554	78.554	73.610	74.430	78.408	78.447	73.581	74.385	
2011-09-10T06:00:00	77.829	78.575	76.695	78.554	77.794	78.547	76.663	78.408	
2011-09-03T06:00:00	78.081	78.676	77.369	77.829	78.046	78.651	77.333	77.794	
2011-08-27T06:00:00	78.010	79.130	77.944	78.081	77.981	79.106	77.915	78.046	
2011-08-20T06:00:00	77.407	78.814	77.198	78.010	77.375	78.783	77.166	77.981	
2011-08-13T06:00:00	77.605	78.528	76.956	77.407	77.536	78.471	76.926	77.375	
2011-08-06T06:00:00	80.232	80.232	76.824	77.605	80.201	80.201	76.786	77.536	
2011-07-30T06:00:00	80.515	82.708	79.623	80.232	80.467	82.677	79.590	80.201	
2011-07-23T06:00:00	82.735	83.286	80.433	80.515	82.697	83.211	80.402	80.467	
2011-07-16T06:00:00	82.883	83.621	82.132	82.735	82.841	83.581	82.102	82.697	
2011-07-09T06:00:00	83.924	83.924	81.022	82.883	83.886	83.891	80.999	82.841	
2011-07-02T06:00:00	84.375	85.152	83.362	83.924	84.230	85.071	83.331	83.886	
2011-06-25T06:00:00	81.533	84.375	81.334	84.375	81.484	84.337	81.276	84.230	
2011-06-18T06:00:00	81.629	82.889	81.288	81.533	81.591	82.858	81.257	81.484	
2011-06-11T06:00:00	82.153	83.471	81.495	81.629	82.120	83.440	81.461	81.591	
2011-06-04T06:00:00	82.068	82.658	81.246	82.153	81.991	82.618	81.214	82.120	
2011-05-28T06:00:00	82.747	84.553	81.375	82.068	82.696	84.522	81.340	81.991	
2011-05-21T06:00:00	83.993	84.220	82.634	82.747	83.916	84.192	82.598	82.696	
2011-05-14T06:00:00	83.480	85.015	82.689	83.993	83.442	84.985	82.657	83.916	
2011-05-07T06:00:00	83.390	85.314	82.820	83.480	83.346	85.287	82.791	83.442	
2011-04-30T06:00:00	85.798	86.108	82.323	83.390	85.754	86.076	82.284	83.346	
2011-04-23T06:00:00	85.878	86.654	85.282	85.798	85.805	86.622	85.248	85.754	
2011-04-16T06:00:00	86.493	87.173	84.606	85.878	86.456	87.156	84.575	85.805	
2011-04-09T06:00:00	88.816	89.144	85.894	86.493	88.760	89.110	85.862	86.456	
2011-04-02T06:00:00	87.165	89.550	86.653	88.816	87.138	89.516	86.625	88.760	
2011-03-26T06:00:00	82.994	87.760	82.827	87.165	82.963	87.732	82.704	87.138	
2011-03-19T06:00:00	81.831	83.499	81.831	82.994	81.785	83.490	81.785	82.963	
2011-03-12T07:00:00	84.346	84.639	77.193	81.831	84.315	84.612	76.728	81.785	
2011-03-05T07:00:00	84.729	85.630	83.623	84.346	84.686	85.610	83.594	84.315	
2011-02-26T07:00:00	83.446	85.468	83.446	84.729	83.410	85.370	83.391	84.686	
2011-02-19T07:00:00	84.290	84.968	82.672	83.446	84.258	84.917	82.643	83.410	
2011-02-12T07:00:00	84.578	85.253	84.139	84.290	84.546	85.165	84.108	84.258	
2011-02-05T07:00:00	83.210	84.634	82.373	84.578	83.173	84.603	82.333	84.546	
2011-01-29T07:00:00	82.059	83.381	81.495	83.210	82.021	83.355	81.461	83.173	
2011-01-22T07:00:00	82.999	83.582	81.994	82.059	82.954	83.555	81.955	82.021	
2011-01-15T07:00:00	83.908	84.037	82.203	82.999	83.867	84.007	82.174	82.954	
2011-01-08T07:00:00	83.728	84.708	82.928	83.908	83.701	84.677	82.896	83.867	
2011-01-01T07:00:00	81.572	84.448	81.422	83.728	81.542	84.357	81.277	83.701	
2010-12-25T07:00:00	82.371	82.516	81.225	81.580	82.330	82.482	81.176	81.543	
2010-12-18T07:00:00	82.830	83.078	81.719	82.371	82.781	83.031	81.681	82.330	
2010-12-11T07:00:00	83.187	84.222	82.317	82.830	83.144	84.191	82.271	82.781	
2010-12-04T07:00:00	82.482	83.494	81.835	83.187	82.441	83.463	81.785	83.144	
2010-11-27T07:00:00	82.486	83.728	81.151	82.482	82.416	83.699	81.112	82.441	
2010-11-20T07:00:00	82.022	83.158	80.734	82.486	81.980	83.113	80.704	82.416	
2010-11-13T07:00:00	81.678	82.628	81.177	82.022	81.491	82.589	81.130	81.980	
2010-11-06T06:00:00	81.327	82.592	80.224	81.719	81.281	82.551	80.185	81.676	
2010-10-30T06:00:00	78.898	81.436	78.805	81.327	78.852	81.407	78.482	81.281	
2010-10-23T06:00:00	79.238	79.834	78.758	78.898	79.199	79.799	78.717	78.852	
2010-10-16T06:00:00	80.482	80.558	78.702	79.238	80.428	80.461	78.653	79.199	
2010-10-09T06:00:00	81.341	81.748	80.353	80.482	81.289	81.721	80.315	80.428	
2010-10-02T06:00:00	81.669	82.350	80.278	81.341	81.629	82.317	80.061	81.289	
2010-09-25T06:00:00	82.187	82.458	80.496	81.669	82.143	82.411	80.456	81.629	
2010-09-18T06:00:00	83.192	83.538	81.229	82.187	83.158	83.505	81.181	82.143	
2010-09-11T06:00:00	81.314	84.088	80.665	83.192	81.271	84.055	80.620	83.158	
2010-09-04T06:00:00	81.247	81.745	79.520	81.314	81.209	81.714	79.481	81.271	
2010-08-28T06:00:00	81.134	82.005	78.582	81.247	81.091	81.963	78.545	81.209	
2010-08-21T06:00:00	81.685	81.768	78.435	81.134	81.642	81.674	78.403	81.091	
2010-08-14T06:00:00	82.872	83.535	81.186	81.685	82.829	83.510	81.127	81.642	
2010-08-07T06:00:00	83.127	83.780	81.085	82.872	83.088	83.743	81.046	82.829	
2010-07-31T06:00:00	84.082	85.274	82.736	83.127	84.040	85.211	82.702	83.088	
2010-07-24T06:00:00	84.328	85.524	83.077	84.082	84.283	85.486	83.041	84.040	
2010-07-17T06:00:00	82.230	84.446	81.774	84.328	82.190	84.404	81.705	84.283	
2010-07-10T06:00:00	85.790	86.484	81.743	82.230	85.748	86.444	81.704	82.190	
2010-07-03T06:00:00	82.666	85.981	81.895	85.790	82.624	85.945	81.859	85.748	
2010-06-26T06:00:00	86.187	86.576	81.625	82.666	86.140	86.541	81.587	82.624	
2010-06-19T06:00:00	88.760	90.065	85.293	86.187	88.765	90.031	85.254	86.140	
2010-06-12T06:00:00	88.616	89.792	87.637	88.760	88.621	89.797	87.642	88.765	
2010-06-05T06:00:00	86.438	89.020	85.160	88.616	86.443	89.025	85.165	88.621	
2010-05-29T06:00:00	86.386	89.673	85.814	86.438	86.330	89.678	85.819	86.443	
2010-05-22T06:00:00	84.943	87.418	82.417	86.386	84.903	87.381	82.389	86.330	
2010-05-15T06:00:00	89.543	90.576	83.032	84.943	89.499	90.540	82.997	84.903	
2010-05-08T06:00:00	87.566	92.581	87.566	89.543	87.523	92.543	87.523	89.499	
2010-05-01T06:00:00	92.459	93.950	82.268	87.566	92.416	93.910	82.096	87.523	
2010-04-24T06:00:00	94.138	94.510	91.188	92.459	94.082	94.471	91.144	92.416	
2010-04-17T06:00:00	90.924	94.178	89.997	94.138	90.868	94.136	89.951	94.082	
2010-04-10T06:00:00	92.880	94.050	90.458	90.924	92.829	93.983	90.412	90.868	
2010-04-03T06:00:00	93.601	94.335	92.048	92.880	93.516	94.290	92.000	92.829	
2010-03-27T06:00:00	90.142	93.862	89.978	93.601	90.084	93.813	89.916	93.516	
2010-03-20T06:00:00	89.116	91.180	87.775	90.142	89.059	91.131	87.729	90.084	
2010-03-13T07:00:00	88.873	90.163	88.358	89.116	88.820	90.090	88.311	89.059	
2010-03-06T07:00:00	87.696	89.634	86.976	88.873	87.642	89.593	86.932	88.820	
2010-02-27T07:00:00	84.475	88.252	84.448	87.696	84.416	88.207	84.351	87.642	
2010-02-20T07:00:00	88.106	88.498	83.198	84.475	88.053	88.441	83.153	84.416	
2010-02-13T07:00:00	85.614	88.349	85.598	88.106	85.561	88.302	85.514	88.053	
2010-02-06T07:00:00	83.565	86.072	82.856	85.614	83.513	86.021	82.775	85.561	
2010-01-30T07:00:00	84.441	86.146	82.417	83.565	84.394	86.103	82.360	83.513	
2010-01-23T07:00:00	85.314	85.887	83.694	84.441	85.257	85.831	83.643	84.394	
2010-01-16T07:00:00	88.245	88.626	84.877	84.907	88.199	88.576	84.832	84.872	
2010-01-09T07:00:00	89.878	90.260	87.320	88.245	89.826	90.091	87.265	88.199	
2010-01-02T07:00:00	88.982	90.668	87.953	89.878	88.935	90.611	87.905	89.826	
2009-12-26T07:00:00	87.461	89.014	87.164	88.982	87.404	88.969	87.025	88.935	
2009-12-19T07:00:00	84.766	87.670	84.541	87.461	84.707	87.617	84.486	87.404	
2009-12-12T07:00:00	84.097	85.122	83.002	84.766	84.036	85.077	82.948	84.707	
2009-12-05T07:00:00	85.573	85.600	82.347	84.097	85.517	85.517	82.296	84.036	
2009-11-28T07:00:00	81.598	85.848	81.254	85.573	81.536	85.803	81.204	85.517	
2009-11-21T07:00:00	83.241	84.586	79.991	81.598	83.180	84.540	79.859	81.536	
2009-11-14T07:00:00	85.402	85.784	82.888	83.241	85.350	85.737	82.836	83.180	
2009-11-07T07:00:00	83.714	86.384	83.598	85.402	83.647	86.341	83.531	85.350	
2009-10-31T06:00:00	83.221	86.041	82.116	83.714	83.168	85.918	82.043	83.647	
2009-10-24T06:00:00	87.512	87.722	83.115	83.221	87.460	87.659	83.065	83.168	
2009-10-17T06:00:00	87.636	88.288	85.982	87.512	87.577	88.245	85.939	87.460	
2009-10-10T06:00:00	86.012	88.347	85.938	87.636	85.955	88.290	85.706	87.577	
2009-10-03T06:00:00	82.934	86.204	82.768	86.012	82.870	86.153	82.671	85.955	
2009-09-26T06:00:00	82.327	84.239	80.698	82.934	82.267	84.175	80.616	82.870	
2009-09-19T06:00:00	85.486	85.908	82.057	82.327	85.415	85.861	82.006	82.267	
2009-09-12T06:00:00	84.105	86.079	83.081	85.486	84.034	86.025	83.037	85.415	
2009-09-05T06:00:00	85.614	86.591	83.828	84.105	85.544	86.541	83.773	84.034	
2009-08-29T06:00:00	85.748	85.838	83.180	85.614	85.681	85.791	83.131	85.544	
2009-08-22T06:00:00	87.213	88.445	84.918	85.748	87.149	88.397	84.874	85.681	
2009-08-15T06:00:00	86.237	87.700	84.423	87.213	86.170	87.653	84.392	87.149	
2009-08-08T06:00:00	90.124	90.337	85.968	86.237	90.060	90.239	85.915	86.170	
2009-08-01T06:00:00	87.868	90.356	87.721	90.124	87.801	90.302	87.671	90.060	
2009-07-25T06:00:00	87.539	89.017	86.288	87.868	87.497	88.927	86.232	87.801	
2009-07-18T06:00:00	84.574	87.900	84.078	87.539	84.517	87.851	84.031	87.497	
2009-07-11T06:00:00	79.388	84.988	78.818	84.574	79.331	84.935	78.762	84.517	
2009-07-04T06:00:00	82.745	82.863	78.588	79.388	82.666	82.671	78.534	79.331	
2009-06-27T06:00:00	82.518	84.488	82.298	82.745	82.461	84.441	82.247	82.666	
2009-06-20T06:00:00	84.768	85.017	82.107	82.518	84.717	84.881	82.057	82.461	
2009-06-13T06:00:00	88.032	88.093	83.723	84.768	87.981	88.000	83.666	84.717	
2009-06-06T06:00:00	88.376	89.449	87.274	88.032	88.312	89.391	87.213	87.981	
2009-05-30T06:00:00	87.290	89.205	86.088	88.376	87.231	89.155	86.010	88.312	
2009-05-23T06:00:00	84.688	87.694	83.561	87.290	84.604	87.641	83.502	87.231	
2009-05-16T06:00:00	80.706	84.810	80.176	84.688	80.635	84.746	80.102	84.604	
2009-05-09T06:00:00	85.692	85.995	80.486	80.706	85.625	85.903	80.430	80.635	
2009-05-02T06:00:00	83.754	85.941	82.999	85.692	83.692	85.863	82.938	85.625	
2009-04-25T06:00:00	80.333	84.031	78.104	83.754	80.256	83.979	78.043	83.692	
2009-04-18T06:00:00	81.728	81.997	78.287	80.333	81.658	81.911	78.231	80.256	
2009-04-11T06:00:00	81.752	82.915	80.689	81.728	81.639	82.851	80.612	81.658	
2009-04-04T06:00:00	81.539	82.925	79.979	81.752	81.476	82.863	79.926	81.639	
2009-03-28T06:00:00	79.174	81.563	76.628	81.539	79.116	81.510	76.577	81.476	
2009-03-21T06:00:00	77.412	80.707	77.140	79.174	77.345	80.644	77.031	79.116	
2009-03-14T06:00:00	77.076	77.984	75.937	77.412	77.001	77.935	75.886	77.345	
2009-03-07T07:00:00	76.415	77.935	74.092	77.076	76.356	77.887	74.033	77.001	
2009-02-28T07:00:00	76.747	78.093	75.151	76.415	76.682	78.049	75.083	76.356	
2009-02-21T07:00:00	74.507	79.434	74.192	76.747	74.433	79.382	74.123	76.682	
2009-02-14T07:00:00	74.522	75.618	72.474	74.507	74.448	75.578	72.421	74.433	
2009-02-07T07:00:00	75.157	75.882	72.020	74.522	75.068	75.796	71.972	74.448	
2009-01-31T07:00:00	73.293	75.405	71.507	75.157	73.222	75.338	71.453	75.068	
2009-01-24T07:00:00	72.206	74.913	71.402	73.293	72.133	74.859	71.261	73.222	
2009-01-17T07:00:00	72.626	73.819	68.422	72.206	72.563	73.714	68.363	72.133	
2009-01-10T07:00:00	75.814	75.967	70.660	72.626	75.752	75.852	70.593	72.563	
2009-01-03T07:00:00	75.976	80.496	75.453	75.814	75.887	80.424	75.387	75.752	
2008-12-27T07:00:00	74.277	76.194	73.115	75.976	74.162	76.105	73.077	75.887	
2008-12-20T07:00:00	72.935	75.114	72.935	74.277	72.824	75.012	72.824	74.162	
2008-12-13T07:00:00	72.800	75.571	71.529	72.935	72.737	75.491	71.454	72.824	
2008-12-06T07:00:00	73.212	75.663	71.022	72.800	73.146	75.612	70.765	72.737	
2008-11-29T07:00:00	77.361	77.362	70.626	73.212	77.221	77.257	70.562	73.146	
2008-11-22T07:00:00	75.198	79.426	74.439	77.361	75.120	79.362	74.378	77.221	
2008-11-15T07:00:00	79.291	80.310	72.209	75.198	79.194	80.232	72.094	75.120	
2008-11-08T07:00:00	82.871	85.287	76.217	79.291	82.730	85.212	76.135	79.194	
2008-11-01T06:00:00	82.197	87.533	80.595	82.871	82.102	87.482	80.494	82.730	
2008-10-25T06:00:00	74.377	83.095	71.206	82.197	74.302	82.956	71.090	82.102	
2008-10-18T06:00:00	85.537	87.174	71.033	74.377	85.442	87.129	70.931	74.302	
2008-10-11T06:00:00	85.004	91.067	83.297	85.537	84.755	91.012	83.222	85.442	
2008-10-04T06:00:00	97.275	97.275	82.188	85.004	97.210	97.210	82.067	84.755	
2008-09-27T06:00:00	102.827	103.187	96.897	97.275	102.767	103.094	96.842	97.210	
2008-09-20T06:00:00	102.207	103.497	101.217	102.827	102.139	103.435	101.161	102.767	
2008-09-13T06:00:00	101.696	102.837	96.547	102.207	101.631	102.772	96.479	102.139	
2008-09-06T06:00:00	100.865	103.317	98.408	101.696	100.820	103.224	98.363	101.631	
2008-08-30T06:00:00	102.509	102.907	98.626	100.865	102.444	102.865	98.548	100.820	
2008-08-23T06:00:00	104.992	105.437	102.127	102.509	104.947	105.402	102.083	102.444	
2008-08-16T06:00:00	104.409	105.341	102.670	104.992	104.344	105.301	102.539	104.947	
2008-08-09T06:00:00	103.274	104.447	101.543	104.409	103.229	104.399	101.498	104.344	
2008-08-02T06:00:00	104.938	105.117	102.836	103.274	104.893	105.066	102.767	103.229	
2008-07-26T06:00:00	105.825	106.014	104.404	104.938	105.780	105.967	104.364	104.893	
2008-07-19T06:00:00	106.362	107.182	105.079	105.825	106.317	107.142	105.034	105.780	
2008-07-12T06:00:00	105.430	106.541	103.670	106.362	105.386	106.497	103.625	106.317	
2008-07-05T06:00:00	104.707	106.264	104.461	105.430	104.650	106.222	104.417	105.386	
2008-06-28T06:00:00	105.064	105.455	103.179	104.707	105.007	105.401	103.135	104.650	
2008-06-21T06:00:00	105.489	107.116	104.656	105.064	105.444	107.072	104.592	105.007	
2008-06-14T06:00:00	105.181	106.754	105.003	105.489	105.142	106.709	104.928	105.444	
2008-06-07T06:00:00	103.037	105.822	102.563	105.181	102.983	105.777	102.498	105.142	
2008-05-31T06:00:00	106.160	106.160	102.947	103.037	106.085	106.085	102.900	102.983	
2008-05-24T06:00:00	104.574	107.146	104.169	106.160	104.512	107.103	104.122	106.085	
2008-05-17T06:00:00	104.136	105.914	104.027	104.574	104.091	105.872	103.952	104.512	
2008-05-10T06:00:00	102.438	105.622	101.955	104.136	102.373	105.577	101.896	104.091	
2008-05-03T06:00:00	103.417	105.416	101.633	102.438	103.372	105.378	101.588	102.373	
2008-04-26T06:00:00	102.779	104.140	101.619	103.417	102.732	104.095	101.551	103.372	
2008-04-19T06:00:00	103.206	103.590	100.947	102.779	103.162	103.548	100.902	102.732	
2008-04-12T06:00:00	98.594	103.925	97.951	103.206	98.537	103.891	97.902	103.162	
2008-04-05T06:00:00	100.696	102.309	98.155	98.594	100.633	102.265	98.112	98.537	
2008-03-29T06:00:00	97.151	102.297	96.638	100.696	97.106	102.234	96.592	100.633	
2008-03-22T06:00:00	97.167	99.394	96.853	97.151	97.052	99.349	96.802	97.106	
2008-03-15T06:00:00	100.777	101.437	95.730	97.167	100.672	101.332	95.685	97.052	
2008-03-08T07:00:00	103.958	104.777	100.321	100.777	103.913	104.726	100.242	100.672	
2008-03-01T07:00:00	105.584	105.752	103.093	103.958	105.529	105.707	103.048	103.913	
2008-02-23T07:00:00	105.949	109.697	105.427	105.584	105.904	109.643	105.373	105.529	
2008-02-16T07:00:00	107.054	107.609	105.036	105.949	107.007	107.572	104.992	105.904	
2008-02-09T07:00:00	107.402	109.032	106.151	107.054	107.354	108.987	106.106	107.007	
2008-02-02T07:00:00	107.269	108.088	104.768	107.402	107.210	108.009	104.708	107.354	
2008-01-26T07:00:00	106.107	108.622	104.895	107.269	106.054	108.557	104.838	107.210	
2008-01-19T07:00:00	103.830	107.546	101.869	106.107	103.785	107.502	101.824	106.054	
2008-01-12T07:00:00	106.903	107.033	103.060	103.830	106.862	106.982	103.015	103.785	
2008-01-05T07:00:00	108.326	110.011	106.544	106.903	108.282	109.966	106.499	106.862	
2007-12-29T07:00:00	114.938	115.157	107.806	108.326	114.903	115.092	107.764	108.282	
2007-12-22T07:00:00	115.067	116.897	114.633	114.938	115.017	116.832	114.573	114.903	
2007-12-15T07:00:00	111.546	115.107	110.778	115.067	111.481	115.044	110.712	115.017	
2007-12-08T07:00:00	111.164	112.048	108.775	111.546	111.099	111.990	108.705	111.481	
2007-12-01T07:00:00	111.142	111.574	107.915	111.164	111.097	111.529	107.870	111.099	
2007-11-24T07:00:00	109.498	112.047	108.125	111.142	109.451	112.004	108.087	111.097	
2007-11-17T07:00:00	113.947	114.383	109.054	109.498	113.902	114.318	108.999	109.451	
2007-11-10T07:00:00	117.435	117.447	111.247	113.947	117.372	117.372	111.172	113.902	
2007-11-03T06:00:00	122.933	125.610	117.209	117.435	122.888	125.550	117.166	117.372	
2007-10-27T06:00:00	118.754	123.597	118.542	122.933	118.689	123.502	118.477	122.888	
2007-10-20T06:00:00	118.680	119.357	115.846	118.754	118.635	119.298	115.792	118.689	
2007-10-13T06:00:00	120.878	121.307	117.855	118.680	120.836	121.263	117.792	118.635	
2007-10-06T06:00:00	119.093	121.003	118.447	120.878	119.048	120.960	118.402	120.836	
2007-09-29T06:00:00	115.498	119.346	115.437	119.093	115.453	119.301	115.302	119.048	
2007-09-22T06:00:00	115.326	116.013	113.809	115.498	115.281	115.968	113.770	115.453	
2007-09-15T06:00:00	111.937	116.100	111.282	115.326	111.861	116.056	111.237	115.281	
2007-09-08T06:00:00	107.577	112.163	106.577	111.937	107.532	112.118	106.502	111.861	
2007-09-01T06:00:00	109.667	111.047	107.047	107.577	109.622	110.992	107.002	107.532	
2007-08-25T06:00:00	110.657	111.167	106.737	109.667	110.592	111.102	106.662	109.622	
2007-08-18T06:00:00	107.677	111.367	107.037	110.657	107.592	111.322	106.982	110.592	
2007-08-11T06:00:00	112.547	112.957	103.427	107.677	112.482	112.922	103.362	107.592	
2007-08-04T06:00:00	111.997	114.377	110.887	112.547	111.932	114.332	110.822	112.482	
2007-07-28T06:00:00	111.927	113.557	109.977	111.997	111.882	113.512	109.932	111.932	
2007-07-21T06:00:00	115.647	116.727	111.677	111.927	115.582	116.692	111.642	111.882	
2007-07-14T06:00:00	116.407	117.367	115.417	115.647	116.342	117.312	115.372	115.582	
2007-07-07T06:00:00	117.657	118.277	114.537	116.407	117.612	118.212	114.482	116.342	
2007-06-30T06:00:00	115.737	117.807	115.067	117.657	115.642	117.712	114.972	117.612	
2007-06-23T06:00:00	115.827	117.857	114.137	115.737	115.732	117.762	114.042	115.642	
2007-06-16T06:00:00	115.677	116.387	114.927	115.827	115.582	116.292	114.832	115.732	
2007-06-09T06:00:00	114.927	116.507	113.927	115.677	114.832	116.412	113.832	115.582	
2007-06-02T06:00:00	115.047	115.697	113.497	114.927	114.952	115.602	113.402	114.832	
2007-05-26T06:00:00	112.837	115.287	112.137	115.047	112.742	115.192	112.042	114.952	
2007-05-19T06:00:00	111.227	112.957	111.127	112.837	111.132	112.862	111.032	112.742	
2007-05-12T06:00:00	108.057	111.417	108.057	111.227	107.962	111.322	107.962	111.132	
2007-05-05T06:00:00	108.547	109.127	107.237	108.057	108.452	109.032	107.142	107.962	
2007-04-28T06:00:00	107.127	109.137	106.757	108.547	107.032	109.042	106.662	108.452	
2007-04-21T06:00:00	105.787	107.447	105.207	107.127	105.692	107.352	105.112	107.032	
2007-04-14T06:00:00	104.867	106.077	104.057	105.787	104.772	105.982	103.962	105.692	
2007-04-07T06:00:00	103.707	105.187	103.277	104.867	103.612	105.092	103.182	104.772	
2007-03-31T06:00:00	102.117	103.877	101.787	103.707	102.022	103.782	101.692	103.612	
2007-03-24T06:00:00	101.787	102.857	100.567	102.117	101.692	102.762	100.472	102.022	
2007-03-17T06:00:00	99.437	102.287	98.817	101.787	99.342	102.192	98.722	101.692	
2007-03-10T07:00:00	100.917	101.197	98.647	99.437	100.822	101.102	98.552	99.342	
2007-03-03T07:00:00	99.317	101.197	97.587	100.917	99.222	101.102	97.492	100.822	
2007-02-24T07:00:00	104.467	104.527	99.097	99.317	104.372	104.432	99.002	99.222	
2007-02-17T07:00:00	102.647	104.887	102.377	104.467	102.552	104.792	102.282	104.372	
2007-02-10T07:00:00	103.827	104.177	102.407	102.647	103.732	104.082	102.312	102.552	
2007-02-03T07:00:00	102.167	103.927	101.467	103.827	102.072	103.832	101.372	103.732	
2007-01-27T07:00:00	103.017	103.557	102.057	102.167	103.022	103.462	101.962	102.072	
2007-01-20T07:00:00	103.387	103.667	101.947	103.017	103.392	103.672	101.952	103.022	
2007-01-13T07:00:00	102.917	103.637	102.407	103.387	102.922	103.642	102.412	103.392	
2007-01-06T07:00:00	101.207	102.977	100.507	102.917	101.212	102.982	100.512	102.922	
2006-12-30T07:00:00	102.147	102.287	100.217	101.207	102.052	102.292	100.222	101.212	
2006-12-23T07:00:00	102.787	102.827	101.767	102.147	102.692	102.732	101.672	102.052	
2006-12-16T07:00:00	102.077	103.407	101.767	102.787	101.982	103.312	101.672	102.692	
2006-12-09T07:00:00	101.297	102.487	101.127	102.077	101.202	102.392	101.032	101.982	
2006-12-02T07:00:00	100.917	101.417	100.057	101.297	100.822	101.322	99.962	101.202	
2006-11-25T07:00:00	102.027	103.077	100.637	100.917	101.932	102.982	100.542	100.822	
2006-11-18T07:00:00	102.777	103.387	101.657	102.027	102.682	103.292	101.562	101.932	
2006-11-11T07:00:00	103.977	104.117	102.707	102.777	103.882	104.022	102.612	102.682	
2006-11-04T07:00:00	104.557	104.927	103.667	103.977	104.462	104.832	103.572	103.882	
2006-10-28T06:00:00	105.137	105.167	102.987	104.557	105.042	105.072	102.892	104.462	
2006-10-21T06:00:00	105.557	106.087	104.767	105.137	105.462	105.992	104.672	105.042	
2006-10-14T06:00:00	105.277	105.757	103.817	105.557	105.182	105.662	103.722	105.462	
2006-10-07T06:00:00	105.627	106.307	105.027	105.277	105.632	106.212	104.932	105.182	
2006-09-30T06:00:00	105.757	105.997	104.217	105.627	105.662	105.902	104.122	105.632	
2006-09-23T06:00:00	104.307	106.337	104.047	105.757	104.212	106.242	103.952	105.662	
2006-09-16T06:00:00	105.097	105.877	103.707	104.307	105.002	105.782	103.612	104.212	
2006-09-09T06:00:00	104.407	105.827	104.067	105.097	104.312	105.732	103.972	105.002	
2006-09-02T06:00:00	106.057	106.097	104.007	104.407	105.962	106.002	103.912	104.312	
2006-08-26T06:00:00	105.787	106.447	105.087	106.057	105.692	106.352	104.992	105.962	
2006-08-19T06:00:00	102.977	106.097	102.817	105.787	102.882	106.002	102.722	105.692	
2006-08-12T06:00:00	103.437	103.917	102.797	102.977	103.442	103.822	102.702	102.882	
2006-08-05T06:00:00	101.367	103.787	101.167	103.437	101.372	103.792	101.172	103.442	
2006-07-29T06:00:00	101.347	102.477	100.957	101.367	101.352	102.482	100.962	101.372	
2006-07-22T06:00:00	101.997	102.957	101.257	101.347	102.002	102.862	101.262	101.352	
2006-07-15T06:00:00	102.917	103.817	101.857	101.997	102.922	103.722	101.862	102.002	
2006-07-08T06:00:00	102.197	103.247	100.567	102.917	102.202	103.252	100.572	102.922	
2006-07-01T06:00:00	102.507	104.307	102.147	102.197	102.512	104.212	102.052	102.202	
2006-06-24T06:00:00	103.707	104.407	102.317	102.507	103.712	104.412	102.322	102.512	
2006-06-17T06:00:00	102.527	104.047	102.137	103.707	102.532	104.052	102.142	103.712	
2006-06-10T06:00:00	103.147	104.257	102.177	102.527	103.052	104.262	102.182	102.532	
2006-06-03T06:00:00	101.417	103.177	101.207	103.147	101.322	103.082	101.112	103.052	
2006-05-27T06:00:00	101.837	102.627	101.347	101.417	101.742	102.532	101.252	101.322	
2006-05-20T06:00:00	99.737	101.907	99.317	101.837	99.642	101.812	99.222	101.742	
2006-05-13T06:00:00	99.237	100.117	98.347	99.737	99.142	100.022	98.252	99.642	
2006-05-06T06:00:00	101.647	101.837	99.187	99.237	101.552	101.742	99.092	99.142	
2006-04-29T06:00:00	101.877	102.907	100.877	101.647	101.782	102.812	100.782	101.552	
2006-04-22T06:00:00	102.607	102.607	100.517	101.877	102.512	102.512	100.422	101.782	
2006-04-15T06:00:00	103.137	103.727	102.407	102.607	103.042	103.632	102.312	102.512	
2006-04-08T06:00:00	103.017	103.807	102.667	103.137	102.922	103.712	102.572	103.042	
2006-04-01T07:00:00	100.857	103.267	100.087	103.017	100.762	103.172	99.992	102.922	
2006-03-25T07:00:00	100.547	101.547	99.397	100.857	100.452	101.452	99.302	100.762	
2006-03-18T07:00:00	99.907	101.547	99.077	100.547	99.912	101.452	98.982	100.452	
2006-03-11T07:00:00	102.397	102.787	99.837	99.907	102.402	102.792	99.842	99.912	
2006-03-04T07:00:00	102.577	103.487	101.097	102.397	102.482	103.392	101.102	102.402	
2006-02-25T07:00:00	101.687	103.057	100.577	102.577	101.692	102.962	100.482	102.482	
2006-02-18T07:00:00	102.737	103.917	100.967	101.687	102.642	103.822	100.972	101.692	
2006-02-11T07:00:00	102.277	103.027	101.227	102.737	102.182	102.932	101.132	102.642	
2006-02-04T07:00:00	103.857	104.197	101.707	102.277	103.762	104.102	101.612	102.182	
2006-01-28T07:00:00	102.057	104.037	101.857	103.857	101.962	103.942	101.762	103.762	
2006-01-21T07:00:00	100.037	102.317	98.917	102.057	99.942	102.222	98.822	101.962	
2006-01-14T07:00:00	98.487	100.267	97.657	100.037	98.392	100.172	97.562	99.942	
2006-01-07T07:00:00	98.227	98.957	97.197	98.487	98.132	98.862	97.102	98.392	
2005-12-31T07:00:00	101.517	101.567	98.057	98.227	101.422	101.472	97.962	98.132	
2005-12-24T07:00:00	99.717	101.647	99.627	101.517	99.622	101.552	99.532	101.422	
2005-12-17T07:00:00	99.857	100.917	99.217	99.717	99.762	100.822	99.122	99.622	
2005-12-10T07:00:00	104.297	104.737	99.847	99.857	104.202	104.642	99.752	99.762	
2005-12-03T07:00:00	103.827	105.117	103.587	104.297	103.732	105.022	103.492	104.202	
2005-11-26T07:00:00	102.347	104.297	101.557	103.827	102.252	104.202	101.462	103.732	
2005-11-19T07:00:00	100.057	102.557	99.867	102.347	100.062	102.462	99.772	102.252	
2005-11-12T07:00:00	99.127	100.377	98.817	100.057	99.032	100.382	98.822	100.062	
2005-11-05T07:00:00	99.977	99.977	98.277	99.127	99.882	99.882	98.182	99.032	
2005-10-29T06:00:00	98.157	100.637	98.137	99.977	98.162	100.542	98.042	99.882	
2005-10-22T06:00:00	97.507	99.277	96.747	98.157	97.512	99.282	96.752	98.162	
2005-10-15T06:00:00	96.187	98.577	96.067	97.507	96.192	98.582	96.072	97.512	
2005-10-08T06:00:00	96.797	98.027	95.967	96.187	96.802	98.032	95.972	96.192	
2005-10-01T06:00:00	97.687	98.247	95.677	96.797	97.692	98.252	95.682	96.802	
2005-09-24T06:00:00	95.987	97.917	95.287	97.687	95.992	97.922	95.292	97.692	
2005-09-17T06:00:00	94.477	96.167	94.197	95.987	94.482	96.172	94.202	95.992	
2005-09-10T06:00:00	93.197	94.537	92.507	94.477	93.202	94.542	92.512	94.482	
2005-09-03T06:00:00	92.337	93.897	91.617	93.197	92.342	93.902	91.622	93.202	
2005-08-27T06:00:00	91.947	93.837	91.837	92.337	91.952	93.842	91.842	92.342	
2005-08-20T06:00:00	91.137	92.947	90.507	91.947	91.142	92.952	90.512	91.952	
2005-08-13T06:00:00	91.397	91.807	90.377	91.137	91.402	91.812	90.382	91.142	
2005-08-06T06:00:00	92.057	92.467	90.987	91.397	92.062	92.472	90.992	91.402	
2005-07-30T06:00:00	91.847	92.777	91.197	92.057	91.852	92.782	91.202	92.062	
2005-07-23T06:00:00	91.337	91.987	90.537	91.847	91.342	91.992	90.542	91.852	
2005-07-16T06:00:00	91.907	93.067	90.397	91.337	91.912	93.072	90.402	91.342	
2005-07-09T06:00:00	92.017	93.237	91.507	91.907	92.022	93.242	91.512	91.912	
2005-07-02T06:00:00	89.987	92.147	89.427	92.017	89.992	92.152	89.432	92.022	
2005-06-25T06:00:00	88.487	90.637	88.267	89.987	88.492	90.642	88.272	89.992	
2005-06-18T06:00:00	88.397	89.017	87.647	88.487	88.402	89.022	87.652	88.492	
2005-06-11T06:00:00	86.907	88.447	86.507	88.397	86.912	88.452	86.512	88.402	
2005-06-04T06:00:00	86.347	87.057	85.247	86.907	86.352	87.062	85.252	86.912	
2005-05-28T06:00:00	86.067	87.177	85.607	86.347	86.072	87.182	85.612	86.352	
2005-05-21T06:00:00	85.397	86.207	84.967	86.067	85.402	86.212	84.972	86.072	
2005-05-14T06:00:00	84.847	85.757	83.947	85.397	84.852	85.762	83.952	85.402	
2005-05-07T06:00:00	84.537	85.637	84.487	84.847	84.542	85.642	84.492	84.852	
2005-04-30T06:00:00	83.317	84.667	83.217	84.537	83.322	84.672	83.222	84.542	
2005-04-23T06:00:00	85.877	85.887	83.097	83.317	85.882	85.892	83.102	83.322	
2005-04-16T06:00:00	86.467	86.787	85.557	85.877	86.472	86.792	85.562	85.882	
2005-04-09T06:00:00	88.197	88.417	86.357	86.467	88.202	88.422	86.362	86.472	
2005-04-02T07:00:00	88.527	89.157	88.157	88.197	88.532	89.162	88.162	88.202	
2005-03-26T07:00:00	87.287	88.987	87.227	88.527	87.292	88.992	87.232	88.532	
2005-03-19T07:00:00	87.087	87.737	86.587	87.287	87.092	87.742	86.592	87.292	
2005-03-12T07:00:00	86.277	87.307	86.077	87.087	86.282	87.312	86.082	87.092	
2005-03-05T07:00:00	85.117	86.797	84.857	86.277	85.122	86.802	84.862	86.282	
2005-02-26T07:00:00	84.867	85.147	83.847	85.117	84.872	85.152	83.852	85.122	
2005-02-19T07:00:00	85.817	85.997	83.927	84.867	85.822	86.002	83.932	84.872	
2005-02-12T07:00:00	85.547	86.097	84.597	85.817	85.552	86.102	84.602	85.822	
2005-02-05T07:00:00	83.307	85.547	83.097	85.547	83.312	85.552	83.102	85.552	
2005-01-29T07:00:00	83.307	84.297	82.927	83.307	83.312	84.302	82.932	83.312	
2005-01-22T07:00:00	84.117	84.767	82.707	83.307	84.122	84.772	82.712	83.312	
2005-01-15T07:00:00	83.937	84.727	83.247	84.117	83.942	84.732	83.252	84.122	
2005-01-08T07:00:00	85.097	85.727	83.567	83.937	85.102	85.732	83.572	83.942	
2005-01-01T07:00:00	85.367	85.647	84.567	85.097	85.372	85.652	84.572	85.102	
2004-12-25T07:00:00	84.217	85.997	84.157	85.367	84.222	86.002	84.162	85.372	
2004-12-18T07:00:00	84.987	85.327	83.497	84.217	84.992	85.332	83.502	84.222	
2004-12-11T07:00:00	85.817	86.117	84.027	84.987	85.822	86.122	84.032	84.992	
2004-12-04T07:00:00	85.637	86.287	84.857	85.817	85.642	86.292	84.862	85.822	
2004-11-27T07:00:00	87.247	87.347	85.317	85.637	87.252	87.352	85.322	85.642	
2004-11-20T07:00:00	86.397	87.597	86.187	87.247	86.402	87.602	86.192	87.252	
2004-11-13T07:00:00	88.467	88.587	85.687	86.397	88.472	88.592	85.692	86.402	
2004-11-06T07:00:00	88.207	89.797	87.967	88.467	88.212	89.802	87.972	88.472	
2004-10-30T06:00:00	86.887	88.397	86.447	88.207	86.892	88.402	86.452	88.212	
2004-10-23T06:00:00	86.917	87.607	86.427	86.887	86.922	87.612	86.432	86.892	
2004-10-16T06:00:00	87.207	87.377	85.997	86.917	87.212	87.382	86.002	86.922	
2004-10-09T06:00:00	87.437	87.607	86.557	87.207	87.442	87.612	86.562	87.212	
2004-10-02T06:00:00	87.497	88.797	86.977	87.437	87.502	88.802	86.982	87.442	
2004-09-25T06:00:00	86.767	87.877	86.617	87.497	86.772	87.882	86.622	87.502	
2004-09-18T06:00:00	84.677	87.067	84.377	86.767	84.682	87.072	84.382	86.772	
2004-09-11T06:00:00	84.877	85.367	84.267	84.677	84.882	85.372	84.272	84.682	
2004-09-04T06:00:00	85.007	85.607	84.267	84.877	85.012	85.612	84.272	84.882	
2004-08-28T06:00:00	83.477	85.237	82.647	85.007	83.482	85.242	82.652	85.012	
2004-08-21T06:00:00	84.127	84.687	83.327	83.477	84.132	84.692	83.332	83.482	
2004-08-14T06:00:00	84.557	84.877	83.557	84.127	84.562	84.882	83.562	84.132	
2004-08-07T06:00:00	84.097	84.667	83.167	84.557	84.102	84.672	83.172	84.562	
2004-07-31T06:00:00	83.617	84.907	83.027	84.097	83.622	84.912	83.032	84.102	
2004-07-24T06:00:00	83.347	84.677	82.337	83.617	83.352	84.682	82.342	83.622	
2004-07-17T06:00:00	83.007	83.747	82.387	83.347	83.012	83.752	82.392	83.352	
2004-07-10T06:00:00	82.177	83.267	81.667	83.007	82.182	83.272	81.672	83.012	
2004-07-03T06:00:00	81.807	82.987	81.757	82.177	81.812	82.992	81.762	82.182	
2004-06-26T06:00:00	79.727	82.107	79.587	81.807	79.732	82.112	79.592	81.812	
2004-06-19T06:00:00	79.817	80.637	79.207	79.727	79.822	80.642	79.212	79.732	
2004-06-12T06:00:00	80.637	81.647	79.317	79.817	80.642	81.652	79.322	79.822	
2004-06-05T06:00:00	82.167	82.257	80.267	80.637	82.172	82.262	80.272	80.642	
2004-05-29T06:00:00	80.947	82.547	79.977	82.167	80.952	82.552	79.982	82.172	
2004-05-22T06:00:00	81.767	82.707	80.537	80.947	81.772	82.712	80.542	80.952	
2004-05-15T06:00:00	82.157	82.747	81.057	81.767	82.162	82.752	81.062	81.772	
2004-05-08T06:00:00	81.137	82.477	80.967	82.157	81.142	82.482	80.972	82.162	
2004-05-01T06:00:00	80.557	81.307	78.687	81.137	80.562	81.312	78.692	81.142	
2004-04-24T06:00:00	80.107	81.287	79.897	80.557	80.112	81.292	79.902	80.562	
2004-04-17T06:00:00	80.077	81.017	79.447	80.107	80.082	81.022	79.452	80.112	
2004-04-10T06:00:00	80.077	81.287	78.547	80.077	80.082	81.292	78.552	80.082	
2004-04-03T07:00:00	79.547	81.597	79.177	80.077	79.552	81.602	79.182	80.082	
2004-03-27T07:00:00	80.367	81.207	78.637	79.547	80.372	81.212	78.642	79.552	
2004-03-20T07:00:00	80.027	80.697	78.967	80.367	80.032	80.702	78.972	80.372	
2004-03-13T07:00:00	83.037	83.337	79.527	80.027	83.042	83.342	79.532	80.032	
2004-03-06T07:00:00	84.777	85.027	82.717	83.037	84.782	85.032	82.722	83.042	
2004-02-28T07:00:00	81.597	84.957	81.217	84.777	81.602	84.962	81.222	84.782	
2004-02-21T07:00:00	81.567	82.017	80.627	81.597	81.572	82.022	80.632	81.602	
2004-02-14T07:00:00	80.117	81.707	79.917	81.567	80.122	81.712	79.922	81.572	
2004-02-07T07:00:00	79.467	80.637	79.117	80.117	79.472	80.642	79.122	80.122	
2004-01-31T07:00:00	79.827	79.907	78.407	79.467	79.832	79.912	78.412	79.472	
2004-01-24T07:00:00	81.137	81.477	79.157	79.827	81.142	81.482	79.162	79.832	
2004-01-17T07:00:00	82.077	83.487	80.417	81.137	82.082	83.492	80.422	81.142	
2004-01-10T07:00:00	83.687	83.987	81.517	82.077	83.692	83.992	81.522	82.082	
2004-01-03T07:00:00	82.987	84.637	81.917	83.687	82.992	84.642	81.922	83.692	
2003-12-27T07:00:00	82.257	83.297	81.377	82.987	82.262	83.302	81.382	82.992	
2003-12-20T07:00:00	80.637	82.277	80.277	82.257	80.642	82.282	80.282	82.262	
2003-12-13T07:00:00	81.817	82.147	80.377	80.637	81.822	82.152	80.382	80.642	
2003-12-06T07:00:00	82.497	83.097	81.427	81.817	82.502	83.102	81.432	81.822	
2003-11-29T07:00:00	84.367	84.737	82.167	82.497	84.372	84.742	82.172	82.502	
2003-11-22T07:00:00	83.527	84.667	82.697	84.367	83.532	84.672	82.702	84.372	
2003-11-15T07:00:00	83.167	84.017	82.627	83.527	83.172	84.022	82.632	83.532	
2003-11-08T07:00:00	82.617	83.817	82.157	83.167	82.622	83.822	82.162	83.172	
2003-11-01T07:00:00	83.357	83.667	81.997	82.617	83.362	83.672	82.002	82.622	
2003-10-25T06:00:00	83.677	83.677	82.247	83.357	83.682	83.682	82.252	83.362	
2003-10-18T06:00:00	83.217	84.327	82.697	83.677	83.222	84.332	82.702	83.682	
2003-10-11T06:00:00	82.257	83.527	81.767	83.217	82.262	83.532	81.772	83.222	
2003-10-04T06:00:00	82.457	82.917	80.907	82.257	82.462	82.922	80.912	82.262	
2003-09-27T06:00:00	82.627	82.897	81.657	82.457	82.632	82.902	81.662	82.462	
2003-09-20T06:00:00	84.597	84.597	82.037	82.627	84.602	84.602	82.042	82.632	
2003-09-13T06:00:00	86.037	86.197	84.167	84.597	86.042	86.202	84.172	84.602	
2003-09-06T06:00:00	85.297	86.197	84.717	86.037	85.302	86.202	84.722	86.042	
2003-08-30T06:00:00	84.357	85.447	83.087	85.297	84.362	85.452	83.092	85.302	
2003-08-23T06:00:00	83.887	84.437	83.067	84.357	83.892	84.442	83.072	84.362	
2003-08-16T06:00:00	86.027	86.197	83.007	83.887	86.032	86.202	83.012	83.892	
2003-08-09T06:00:00	85.517	86.677	84.717	86.027	85.522	86.682	84.722	86.032	
2003-08-02T06:00:00	85.837	86.177	85.087	85.517	85.842	86.182	85.092	85.522	
2003-07-26T06:00:00	86.147	86.677	85.237	85.837	86.152	86.682	85.242	85.842	
2003-07-19T06:00:00	84.117	86.237	83.717	86.147	84.122	86.242	83.722	86.152	
2003-07-12T06:00:00	85.467	85.777	83.707	84.117	85.472	85.782	83.712	84.122	
2003-07-05T06:00:00	88.097	88.317	84.747	85.467	88.102	88.322	84.752	85.472	
2003-06-28T06:00:00	88.897	89.247	88.007	88.097	88.902	89.252	88.012	88.102	
2003-06-21T06:00:00	87.037	88.947	86.287	88.897	87.042	88.952	86.292	88.902	
2003-06-14T06:00:00	87.987	88.947	86.887	87.037	87.992	88.952	86.892	87.042	
2003-06-07T06:00:00	87.477	88.107	86.117	87.987	87.482	88.112	86.122	87.992	
2003-05-31T06:00:00	87.237	87.977	86.007	87.477	87.242	87.982	86.012	87.482	
2003-05-24T06:00:00	85.027	87.357	84.587	87.237	85.032	87.362	84.592	87.242	
2003-05-17T06:00:00	84.977	87.187	84.517	85.027	84.982	87.192	84.522	85.032	
2003-05-10T06:00:00	84.147	85.097	83.687	84.977	84.152	85.102	83.692	84.982	
2003-05-03T06:00:00	83.837	85.157	82.597	84.147	83.842	85.162	82.602	84.152	
2003-04-26T06:00:00	82.997	83.917	82.657	83.837	83.002	83.922	82.662	83.842	
2003-04-19T06:00:00	82.517	83.337	81.897	82.997	82.522	83.342	81.902	83.002	
2003-04-12T06:00:00	82.847	83.267	81.907	82.517	82.852	83.272	81.912	82.522	
2003-04-05T07:00:00	81.517	83.227	80.707	82.847	81.522	83.232	80.712	82.852	
2003-03-29T07:00:00	81.357	81.727	79.777	81.517	81.362	81.732	79.782	81.522	
2003-03-22T07:00:00	81.307	82.297	80.757	81.357	81.312	82.302	80.762	81.362	
2003-03-15T07:00:00	80.317	81.807	79.717	81.307	80.322	81.812	79.722	81.312	
2003-03-08T07:00:00	79.877	80.447	79.187	80.317	79.882	80.452	79.192	80.322	
2003-03-01T07:00:00	79.597	80.057	78.917	79.877	79.602	80.062	78.922	79.882	
2003-02-22T07:00:00	78.897	79.647	78.287	79.597	78.902	79.652	78.292	79.602	
2003-02-15T07:00:00	79.007	79.247	77.917	78.897	79.012	79.252	77.922	78.902	
2003-02-08T07:00:00	79.087	79.587	78.847	79.007	79.092	79.592	78.852	79.012	
2003-02-01T07:00:00	78.777	79.487	78.437	79.087	78.782	79.492	78.442	79.092	
2003-01-25T07:00:00	77.597	78.967	77.157	78.777	77.602	78.972	77.162	78.782	
2003-01-18T07:00:00	76.657	77.737	76.657	77.597	76.662	77.742	76.662	77.602	
2003-01-11T07:00:00	77.097	77.427	76.437	76.657	77.102	77.432	76.442	76.662	
2003-01-04T07:00:00	76.527	77.447	75.857	77.097	76.532	77.452	75.862	77.102	
2002-12-28T07:00:00	76.387	76.747	74.897	76.527	76.392	76.752	74.902	76.532	
2002-12-21T07:00:00	77.747	77.907	76.257	76.387	77.752	77.912	76.262	76.392	
2002-12-14T07:00:00	77.227	78.587	77.127	77.747	77.232	78.592	77.132	77.752	
2002-12-07T07:00:00	78.937	79.617	77.057	77.227	78.942	79.622	77.062	77.232	
2002-11-30T07:00:00	78.297	80.647	77.797	78.937	78.302	80.652	77.802	78.942	
2002-11-23T07:00:00	77.797	78.497	76.877	78.297	77.802	78.502	76.882	78.302	
2002-11-16T07:00:00	76.057	77.937	75.967	77.797	76.062	77.942	75.972	77.802	
2002-11-09T07:00:00	76.567	76.817	75.697	76.057	76.572	76.822	75.702	76.062	
2002-11-02T07:00:00	78.427	78.877	76.367	76.567	78.432	78.882	76.372	76.572	
2002-10-26T06:00:00	79.247	79.977	77.937	78.427	79.252	79.982	77.942	78.432	
2002-10-19T06:00:00	79.727	80.197	78.897	79.247	79.732	80.202	78.902	79.252	
2002-10-12T06:00:00	78.197	79.897	77.967	79.727	78.202	79.902	77.972	79.732	
2002-10-05T06:00:00	77.337	78.447	77.047	78.197	77.342	78.452	77.052	78.202	
2002-09-28T06:00:00	77.787	77.907	76.607	77.337	77.792	77.912	76.612	77.342	
2002-09-21T06:00:00	78.407	78.537	76.867	77.787	78.412	78.542	76.872	77.792	
2002-09-14T06:00:00	76.977	78.687	76.547	78.407	76.982	78.692	76.552	78.412	
2002-09-07T06:00:00	75.847	77.157	75.277	76.977	75.852	77.162	75.282	76.982	
2002-08-31T06:00:00	75.927	76.227	74.757	75.847	75.932	76.232	74.762	75.852	
2002-08-24T06:00:00	76.807	77.147	75.087	75.927	76.812	77.152	75.092	75.932	
2002-08-17T06:00:00	75.447	77.177	75.187	76.807	75.452	77.182	75.192	76.812	
2002-08-10T06:00:00	76.307	76.457	74.357	75.447	76.312	76.462	74.362	75.452	
2002-08-03T06:00:00	75.057	76.837	74.527	76.307	75.062	76.842	74.532	76.312	
2002-07-27T06:00:00	74.837	76.587	74.697	75.057	74.842	76.592	74.702	75.062	
2002-07-20T06:00:00	75.167	75.537	72.797	74.837	75.172	75.542	72.802	74.842	
2002-07-13T06:00:00	76.237	76.457	74.937	75.167	76.242	76.462	74.942	75.172	
2002-07-06T06:00:00	78.977	78.977	76.117	76.237	78.982	78.982	76.122	76.242	
2002-06-29T06:00:00	78.877	79.157	78.097	78.977	78.882	79.162	78.102	78.982	
2002-06-22T06:00:00	79.827	80.797	78.347	78.877	79.832	80.802	78.352	78.882	
2002-06-15T06:00:00	80.367	81.097	79.187	79.827	80.372	81.102	79.192	79.832	
2002-06-08T06:00:00	81.147	81.987	79.867	80.367	81.152	81.992	79.872	80.372	
2002-06-01T06:00:00	81.337	81.647	80.567	81.147	81.342	81.652	80.572	81.152	
2002-05-25T06:00:00	81.337	81.517	80.077	81.337	81.342	81.522	80.082	81.342	
2002-05-18T06:00:00	81.467	81.707	80.337	81.337	81.472	81.712	80.342	81.342	
2002-05-11T06:00:00	81.907	82.677	81.207	81.467	81.912	82.682	81.212	81.472	
2002-05-04T06:00:00	81.247	82.237	80.907	81.907	81.252	82.242	80.912	81.912	
2002-04-27T06:00:00	81.857	82.187	81.007	81.247	81.862	82.192	81.012	81.252	
2002-04-20T06:00:00	82.927	83.137	81.787	81.857	82.932	83.142	81.792	81.862	
2002-04-13T06:00:00	83.177	83.417	82.257	82.927	83.182	83.422	82.262	82.932	
2002-04-06T07:00:00	82.807	83.317	81.627	83.177	82.812	83.322	81.632	83.182	
2002-03-30T07:00:00	83.187	83.777	82.617	82.807	83.192	83.782	82.622	82.812	
2002-03-23T07:00:00	84.177	84.367	82.927	83.187	84.182	84.372	82.932	83.192	
2002-03-16T07:00:00	81.537	84.407	81.467	84.177	81.542	84.412	81.472	84.182	
2002-03-09T07:00:00	81.047	81.737	80.367	81.537	81.052	81.742	80.372	81.542	
2002-03-02T07:00:00	83.757	83.887	80.047	81.047	83.762	83.892	80.052	81.052	
2002-02-23T07:00:00	84.097	84.097	83.087	83.757	84.102	84.102	83.092	83.762	
2002-02-16T07:00:00	83.357	84.677	83.127	84.097	83.362	84.682	83.132	84.102	
2002-02-09T07:00:00	84.197	84.587	82.807	83.357	84.202	84.592	82.812	83.362	
2002-02-02T07:00:00	83.667	84.607	82.577	84.197	83.672	84.612	82.582	84.202	
2002-01-26T07:00:00	83.317	85.237	82.607	83.667	83.322	85.242	82.612	83.672	
2002-01-19T07:00:00	82.217	84.177	81.637	83.317	82.222	84.182	81.642	83.322	
2002-01-12T07:00:00	82.627	82.897	81.717	82.217	82.632	82.902	81.722	82.222	
2002-01-05T07:00:00	81.997	83.607	81.757	82.627	82.002	83.612	81.762	82.632	
2001-12-29T07:00:00	82.427	82.967	81.797	81.997	82.432	82.972	81.802	82.002	
2001-12-22T07:00:00	81.777	82.587	80.827	82.427	81.782	82.592	80.832	82.432	
2001-12-15T07:00:00	81.617	82.157	80.917	81.777	81.622	82.162	80.922	81.782	
2001-12-08T07:00:00	79.677	81.787	79.647	81.617	79.682	81.792	79.652	81.622	
2001-12-01T07:00:00	78.527	79.957	78.277	79.677	78.532	79.962	78.282	79.682	
2001-11-24T07:00:00	77.547	78.667	77.257	78.527	77.552	78.672	77.262	78.532	
