日時	CHF/JPY(始値, 買い)	CHF/JPY(高値, 買い)	CHF/JPY(安値, 買い)	CHF/JPY(終値, 買い)	CHF/JPY(始値, 売り)	CHF/JPY(高値, 売り)	CHF/JPY(安値, 売り)	CHF/JPY(終値, 売り)	
2014-02-01T07:00:00	112.681	112.923	111.707	112.362	112.576	112.910	111.686	112.343	
2014-01-25T07:00:00	114.441	115.147	112.558	112.681	114.270	115.026	112.533	112.576	
2014-01-18T07:00:00	114.677	115.658	113.814	114.441	114.502	115.642	113.792	114.270	
2014-01-11T07:00:00	115.418	115.589	113.981	114.677	115.335	115.579	113.966	114.502	
2014-01-04T07:00:00	115.843	115.990	114.861	115.418	115.751	115.968	114.850	115.335	
2013-12-28T07:00:00	118.005	118.550	115.398	115.843	117.831	118.533	115.378	115.751	
2013-12-21T07:00:00	116.238	119.206	115.918	118.005	116.094	119.182	115.902	117.831	
2013-12-14T07:00:00	116.184	116.842	115.540	116.238	116.033	116.822	115.525	116.094	
2013-12-07T07:00:00	115.409	116.734	115.270	116.184	115.315	116.713	115.252	116.033	
2013-11-30T07:00:00	113.159	115.424	112.863	115.409	112.984	115.410	112.847	115.315	
2013-11-23T07:00:00	111.706	113.408	111.229	113.159	111.596	113.393	111.214	112.984	
2013-11-16T07:00:00	109.570	111.726	108.889	111.706	109.441	111.712	108.873	111.596	
2013-11-09T07:00:00	107.585	109.678	107.287	109.570	107.430	109.668	107.271	109.441	
2013-11-02T06:00:00	108.263	108.510	106.778	107.585	108.173	108.501	106.773	107.430	
2013-10-26T06:00:00	109.116	109.715	107.686	108.263	109.075	109.699	107.673	108.173	
2013-10-19T06:00:00	108.494	109.756	108.415	109.116	108.369	109.742	108.372	109.075	
2013-10-12T06:00:00	108.104	108.722	107.428	108.494	108.065	108.706	107.414	108.369	
2013-10-05T06:00:00	107.472	108.447	106.669	108.104	107.412	108.433	106.656	108.065	
2013-09-28T06:00:00	108.499	108.947	107.280	107.472	108.432	108.927	107.266	107.412	
2013-09-21T06:00:00	109.168	109.343	107.935	108.499	109.135	109.229	107.916	108.432	
2013-09-14T06:00:00	106.959	109.414	106.393	109.168	106.879	109.404	106.231	109.135	
2013-09-07T06:00:00	105.736	107.582	105.977	106.959	105.651	107.567	105.961	106.879	
2013-08-31T06:00:00	105.644	106.719	105.048	105.736	105.489	106.679	104.984	105.651	
2013-08-24T06:00:00	107.122	107.299	105.183	105.644	107.036	107.283	105.178	105.489	
2013-08-17T06:00:00	105.395	107.220	105.016	107.122	105.273	107.208	104.997	107.036	
2013-08-10T06:00:00	104.417	105.682	104.066	105.395	104.236	105.665	104.031	105.273	
2013-08-03T06:00:00	106.499	106.685	104.269	104.417	106.386	106.629	104.236	104.236	
2013-07-27T06:00:00	105.910	106.739	104.989	106.499	105.777	106.692	104.971	106.386	
2013-07-20T06:00:00	106.943	107.224	105.567	105.910	106.840	107.184	105.554	105.777	
2013-07-13T06:00:00	104.961	106.954	104.677	106.943	104.810	106.895	104.641	106.840	
2013-07-06T06:00:00	105.074	105.191	103.120	104.961	104.909	105.170	103.094	104.810	
2013-06-29T06:00:00	105.003	106.104	104.124	105.074	104.838	106.090	104.111	104.909	
2013-06-22T06:00:00	104.814	105.314	103.195	105.003	104.690	105.295	103.180	104.838	
2013-06-15T06:00:00	102.227	105.734	102.111	104.814	102.078	105.718	101.987	104.690	
2013-06-08T06:00:00	104.258	106.093	101.834	102.227	104.107	106.053	101.821	102.078	
2013-06-01T06:00:00	105.131	105.934	102.666	104.258	105.080	105.919	102.644	104.107	
2013-05-25T06:00:00	105.446	106.137	104.434	105.131	105.360	106.116	104.419	105.080	
2013-05-18T06:00:00	106.173	106.250	104.058	105.446	106.142	106.237	104.042	105.360	
2013-05-11T06:00:00	106.227	106.668	105.311	106.173	106.146	106.650	105.298	106.142	
2013-05-04T06:00:00	105.891	106.603	104.864	106.227	105.827	106.589	104.839	106.146	
2013-04-27T06:00:00	104.077	106.395	103.407	105.891	104.004	106.383	103.386	105.827	
2013-04-20T06:00:00	106.638	107.284	103.657	104.077	106.570	107.191	103.643	104.004	
2013-04-13T06:00:00	106.170	106.975	102.943	106.638	106.086	106.966	102.839	106.570	
2013-04-06T06:00:00	104.468	107.453	104.468	106.170	104.306	107.444	104.306	106.086	
2013-03-30T06:00:00	99.309	104.841	97.970	104.468	99.185	104.835	97.954	104.306	
2013-03-23T06:00:00	100.511	101.412	98.346	99.309	100.418	101.371	98.331	99.185	
2013-03-16T06:00:00	101.529	101.926	99.506	100.511	101.478	101.913	99.497	100.418	
2013-03-09T07:00:00	100.936	102.305	100.530	101.529	100.855	102.292	100.515	101.478	
2013-03-02T07:00:00	99.248	101.906	98.765	100.936	99.220	101.870	98.749	100.855	
2013-02-23T07:00:00	100.488	102.116	97.448	99.248	100.449	101.924	97.404	99.220	
2013-02-16T07:00:00	101.478	102.173	99.528	100.488	101.370	102.161	99.513	100.449	
2013-02-09T07:00:00	101.118	103.020	99.984	101.478	101.032	103.011	99.968	101.370	
2013-02-02T07:00:00	102.328	103.671	100.533	101.118	102.187	103.651	100.519	101.032	
2013-01-26T07:00:00	98.063	102.639	97.585	102.328	97.993	102.627	97.574	102.187	
2013-01-19T07:00:00	96.401	98.661	94.712	98.063	96.369	98.649	94.700	97.993	
2013-01-12T07:00:00	97.681	98.239	94.370	96.401	97.566	98.220	94.352	96.369	
2013-01-05T07:00:00	95.393	97.956	93.946	97.681	95.291	97.943	93.922	97.566	
2012-12-29T07:00:00	94.163	95.978	93.885	95.393	94.121	95.948	93.758	95.291	
2012-12-22T07:00:00	91.979	94.916	91.979	94.163	91.902	94.888	91.902	94.121	
2012-12-15T07:00:00	90.992	93.067	90.992	91.979	90.950	93.055	90.950	91.902	
2012-12-08T07:00:00	88.311	91.073	87.846	90.992	88.269	91.058	87.834	90.950	
2012-12-01T07:00:00	88.867	89.166	87.814	88.311	88.838	89.150	87.800	88.269	
2012-11-24T07:00:00	88.832	89.389	87.506	88.867	88.741	89.379	87.494	88.838	
2012-11-17T07:00:00	86.038	88.880	85.890	88.832	86.003	88.894	85.871	88.741	
2012-11-10T07:00:00	83.804	86.400	83.290	86.038	83.775	86.396	83.276	86.003	
2012-11-03T06:00:00	85.598	85.651	83.323	83.804	85.567	85.636	83.308	83.775	
2012-10-27T06:00:00	85.223	86.179	84.579	85.598	85.181	86.172	84.562	85.567	
2012-10-20T06:00:00	85.470	86.390	84.927	85.223	85.405	86.371	84.912	85.181	
2012-10-13T06:00:00	84.056	86.133	83.634	85.470	84.033	86.123	83.620	85.405	
2012-10-06T06:00:00	84.682	84.682	82.904	84.056	84.612	84.612	82.888	84.033	
2012-09-29T06:00:00	82.915	84.836	82.572	84.682	82.888	84.822	82.553	84.612	
2012-09-22T06:00:00	83.797	83.924	82.472	82.915	83.762	83.792	82.459	82.888	
2012-09-15T06:00:00	84.562	85.547	83.525	83.797	84.525	85.538	83.509	83.762	
2012-09-08T06:00:00	82.936	84.688	82.166	84.562	82.884	84.673	82.109	84.525	
2012-09-01T06:00:00	82.113	82.939	81.586	82.936	81.995	82.924	81.572	82.884	
2012-08-25T06:00:00	82.007	82.475	81.507	82.113	81.958	82.461	81.490	81.995	
2012-08-18T06:00:00	81.731	82.575	81.386	82.007	81.641	82.562	81.372	81.958	
2012-08-11T06:00:00	80.091	81.945	79.898	81.731	80.050	81.932	79.879	81.641	
2012-08-04T06:00:00	80.914	81.422	79.712	80.091	80.819	81.407	79.697	80.050	
2012-07-28T06:00:00	80.512	81.071	79.039	80.914	80.399	81.056	79.025	80.819	
2012-07-21T06:00:00	79.526	81.040	78.379	80.512	79.377	81.025	78.363	80.399	
2012-07-14T06:00:00	80.880	81.088	79.409	79.526	80.697	81.071	79.370	79.377	
2012-07-07T06:00:00	81.521	81.722	80.302	80.880	81.484	81.709	80.285	80.697	
2012-06-30T06:00:00	84.184	84.416	81.310	81.521	84.069	84.298	81.297	81.484	
2012-06-23T06:00:00	84.236	84.428	81.888	84.184	84.139	84.413	81.877	84.069	
2012-06-16T06:00:00	83.006	84.629	82.550	84.236	82.894	84.611	82.532	84.139	
2012-06-09T06:00:00	82.877	84.063	82.203	83.006	82.766	84.015	82.178	82.894	
2012-06-02T06:00:00	80.760	83.784	80.573	82.877	80.658	83.769	80.552	82.766	
2012-05-26T06:00:00	83.126	83.423	79.618	80.760	82.996	83.350	79.601	80.658	
2012-05-19T06:00:00	84.173	85.041	82.746	83.126	84.059	85.028	82.729	82.996	
2012-05-12T06:00:00	86.061	86.066	83.442	84.173	85.858	86.043	83.424	84.059	
2012-05-05T06:00:00	87.034	87.034	85.563	86.061	86.916	86.935	85.549	85.858	
2012-04-28T06:00:00	88.609	88.679	86.930	87.034	88.485	88.661	86.905	86.916	
2012-04-21T06:00:00	89.740	89.740	88.368	88.609	89.615	89.701	88.349	88.485	
2012-04-14T06:00:00	88.049	89.905	87.045	89.740	87.935	89.888	87.025	89.615	
2012-04-07T06:00:00	89.026	89.394	87.786	88.049	88.821	89.382	87.741	87.935	
2012-03-31T06:00:00	91.871	92.309	88.730	89.026	91.769	92.288	88.707	88.821	
2012-03-24T06:00:00	90.759	92.284	90.268	91.871	90.641	92.265	90.252	91.769	
2012-03-17T06:00:00	91.188	92.429	89.986	90.759	91.063	92.409	89.966	90.641	
2012-03-10T07:00:00	89.800	91.211	89.174	91.188	89.682	91.157	89.153	91.063	
2012-03-03T07:00:00	89.566	90.136	87.678	89.800	89.453	90.119	87.663	89.682	
2012-02-25T07:00:00	90.671	91.317	89.005	89.566	90.596	91.254	88.993	89.453	
2012-02-18T07:00:00	86.568	90.693	86.568	90.671	86.493	90.633	86.493	90.596	
2012-02-11T07:00:00	84.735	86.648	84.258	86.568	84.683	86.626	84.233	86.493	
2012-02-04T07:00:00	83.486	85.299	82.752	84.735	83.388	85.284	82.734	84.683	
2012-01-28T07:00:00	84.067	84.159	82.403	83.486	84.015	84.079	82.383	83.388	
2012-01-21T07:00:00	82.482	84.690	82.071	84.067	82.408	84.672	82.029	84.015	
2012-01-14T07:00:00	80.867	83.028	80.229	82.482	80.793	83.008	80.188	82.408	
2012-01-07T07:00:00	80.593	81.541	80.054	80.867	80.554	81.523	80.027	80.793	
2011-12-31T07:00:00	81.967	82.444	80.517	80.593	81.866	82.403	80.497	80.554	
2011-12-24T07:00:00	83.424	83.544	81.895	81.967	83.305	83.457	81.808	81.866	
2011-12-17T07:00:00	83.186	84.068	82.982	83.424	83.083	84.047	82.939	83.305	
2011-12-10T07:00:00	84.145	84.145	81.777	83.186	84.074	84.074	81.754	83.083	
2011-12-03T07:00:00	84.740	84.952	83.397	84.145	84.719	84.933	83.374	84.074	
2011-11-26T07:00:00	83.543	85.665	83.428	84.740	83.509	85.630	83.384	84.719	
2011-11-19T07:00:00	83.840	84.419	83.205	83.543	83.809	84.398	83.186	83.509	
2011-11-12T07:00:00	85.581	86.073	83.348	83.840	85.539	86.026	83.329	83.809	
2011-11-05T06:00:00	88.279	88.279	84.971	85.581	88.253	88.253	84.927	85.539	
2011-10-29T06:00:00	87.896	91.416	87.360	88.279	87.874	91.402	87.346	88.253	
2011-10-22T06:00:00	86.358	88.557	85.707	87.896	86.329	88.536	85.686	87.874	
2011-10-15T06:00:00	86.546	87.193	84.479	86.358	86.514	87.167	84.452	86.329	
2011-10-08T06:00:00	82.988	86.804	82.822	86.546	82.929	86.783	82.731	86.514	
2011-10-01T06:00:00	85.024	85.068	82.427	82.988	85.000	85.022	82.392	82.929	
2011-09-24T06:00:00	84.645	86.069	83.444	85.024	84.598	86.051	83.426	85.000	
2011-09-17T06:00:00	87.675	87.675	83.093	84.645	87.561	87.561	83.063	84.598	
2011-09-10T06:00:00	87.737	88.812	86.132	87.675	87.689	88.789	86.129	87.561	
2011-09-03T06:00:00	97.273	98.378	87.277	87.737	97.216	98.350	87.254	87.689	
2011-08-27T06:00:00	95.016	99.396	93.252	97.273	94.968	99.375	93.236	97.216	
2011-08-20T06:00:00	97.356	98.103	94.484	95.016	97.331	98.088	94.447	94.968	
2011-08-13T06:00:00	98.890	98.890	95.664	97.356	98.817	98.857	95.634	97.331	
2011-08-06T06:00:00	102.478	108.763	98.674	98.890	102.455	108.716	98.642	98.817	
2011-07-30T06:00:00	97.703	104.111	97.118	102.478	97.651	104.066	97.069	102.455	
2011-07-23T06:00:00	95.918	98.171	95.918	97.703	95.889	98.153	95.889	97.651	
2011-07-16T06:00:00	97.288	97.893	95.382	95.918	97.241	97.778	95.372	95.889	
2011-07-09T06:00:00	96.381	97.763	94.700	97.288	96.350	97.725	94.576	97.241	
2011-07-02T06:00:00	95.224	96.660	94.861	96.381	95.202	96.645	94.843	96.350	
2011-06-25T06:00:00	96.159	97.693	95.078	95.224	96.051	97.678	95.058	95.202	
2011-06-18T06:00:00	94.293	96.307	94.149	96.159	94.262	96.291	94.126	96.051	
2011-06-11T06:00:00	95.316	96.236	94.285	94.293	95.282	96.218	94.252	94.262	
2011-06-04T06:00:00	96.103	96.403	94.870	95.316	95.971	96.372	94.847	95.282	
2011-05-28T06:00:00	94.807	96.476	94.741	96.103	94.770	96.455	94.726	95.971	
2011-05-21T06:00:00	92.946	95.007	92.135	94.807	92.902	94.995	92.114	94.770	
2011-05-14T06:00:00	90.594	93.328	90.228	92.946	90.564	93.311	90.208	92.902	
2011-05-07T06:00:00	91.884	92.373	90.167	90.594	91.857	92.350	90.145	90.564	
2011-04-30T06:00:00	93.811	94.401	91.438	91.884	93.775	94.320	91.412	91.857	
2011-04-23T06:00:00	92.581	94.209	92.301	93.811	92.405	94.185	92.249	93.775	
2011-04-16T06:00:00	93.056	93.335	91.429	92.581	93.038	93.302	91.408	92.405	
2011-04-09T06:00:00	93.604	94.055	92.486	93.056	93.549	94.032	92.464	93.038	
2011-04-02T06:00:00	90.924	93.668	90.821	93.604	90.889	93.599	90.800	93.549	
2011-03-26T06:00:00	88.515	91.107	88.316	90.924	88.481	91.088	88.221	90.889	
2011-03-19T06:00:00	89.381	90.035	88.377	88.515	89.351	90.022	88.354	88.481	
2011-03-12T07:00:00	88.132	90.709	84.801	89.381	88.111	90.681	84.601	89.351	
2011-03-05T07:00:00	88.915	89.335	87.796	88.132	88.890	89.318	87.781	88.111	
2011-02-26T07:00:00	87.982	89.343	87.924	88.915	87.954	89.334	87.876	88.890	
2011-02-19T07:00:00	87.849	88.803	87.472	87.982	87.816	88.720	87.454	87.954	
2011-02-12T07:00:00	85.760	88.026	85.387	87.849	85.743	88.008	85.368	87.816	
2011-02-05T07:00:00	86.090	86.311	85.251	85.760	86.059	86.290	85.216	85.743	
2011-01-29T07:00:00	87.167	87.473	85.402	86.090	87.132	87.463	85.388	86.059	
2011-01-22T07:00:00	86.170	88.145	86.066	87.167	86.133	88.136	86.049	87.132	
2011-01-15T07:00:00	86.065	86.382	85.292	86.170	86.045	86.365	85.269	86.133	
2011-01-08T07:00:00	85.888	86.365	85.084	86.065	85.863	86.358	85.073	86.045	
2011-01-01T07:00:00	86.837	87.806	85.674	85.888	86.807	87.783	85.651	85.863	
2010-12-25T07:00:00	86.192	87.315	85.875	86.841	86.166	87.296	85.850	86.807	
2010-12-18T07:00:00	86.470	87.960	85.932	86.192	86.439	87.939	85.906	86.166	
2010-12-11T07:00:00	85.668	87.781	85.371	86.470	85.631	87.761	85.291	86.439	
2010-12-04T07:00:00	84.834	85.668	83.777	85.668	84.796	85.643	83.759	85.631	
2010-11-27T07:00:00	83.869	84.973	83.133	84.834	83.856	84.947	83.110	84.796	
2010-11-20T07:00:00	84.165	84.778	83.121	83.869	84.134	84.751	83.100	83.856	
2010-11-13T07:00:00	84.328	84.700	83.427	84.165	84.231	84.681	83.406	84.134	
2010-11-06T06:00:00	84.571	85.053	83.562	84.131	84.516	85.036	83.537	84.094	
2010-10-30T06:00:00	81.773	84.958	80.966	84.571	81.726	84.944	80.947	84.516	
2010-10-23T06:00:00	83.083	83.533	81.451	81.773	83.041	83.520	81.428	81.726	
2010-10-16T06:00:00	85.027	85.103	83.047	83.083	84.996	85.059	83.016	83.041	
2010-10-09T06:00:00	85.271	85.826	84.285	85.027	85.221	85.808	84.265	84.996	
2010-10-02T06:00:00	85.448	86.429	84.776	85.271	85.417	86.405	84.748	85.221	
2010-09-25T06:00:00	85.557	86.124	84.863	85.448	85.526	86.100	84.843	85.417	
2010-09-18T06:00:00	84.993	86.532	84.681	85.557	84.960	86.508	84.661	85.526	
2010-09-11T06:00:00	82.577	85.630	82.563	84.993	82.555	85.607	82.521	84.960	
2010-09-04T06:00:00	83.044	83.418	81.854	82.577	83.023	83.389	81.844	82.555	
2010-08-28T06:00:00	82.900	83.903	82.100	83.044	82.879	83.847	82.084	83.023	
2010-08-21T06:00:00	82.730	83.138	80.333	82.900	82.705	83.120	80.316	82.879	
2010-08-14T06:00:00	82.007	83.009	81.498	82.730	81.973	83.000	81.473	82.705	
2010-08-07T06:00:00	82.326	82.499	80.199	82.007	82.296	82.493	80.168	81.973	
2010-07-31T06:00:00	82.979	83.461	81.517	82.326	82.951	83.452	81.502	82.296	
2010-07-24T06:00:00	82.934	83.969	82.352	82.979	82.917	83.956	82.336	82.951	
2010-07-17T06:00:00	82.473	83.793	82.161	82.934	82.443	83.781	82.086	82.917	
2010-07-10T06:00:00	83.970	84.451	82.034	82.473	83.944	84.438	82.017	82.443	
2010-07-03T06:00:00	82.452	84.517	81.884	83.970	82.431	84.507	81.870	83.944	
2010-06-26T06:00:00	81.715	83.175	81.217	82.452	81.689	83.166	81.206	82.431	
2010-06-19T06:00:00	81.796	82.536	80.776	81.715	81.811	82.520	80.762	81.689	
2010-06-12T06:00:00	79.698	82.052	79.398	81.796	79.713	82.067	79.413	81.811	
2010-06-05T06:00:00	78.913	80.298	77.956	79.698	78.928	80.313	77.971	79.713	
2010-05-29T06:00:00	78.422	81.032	77.455	78.913	78.397	81.047	77.470	78.928	
2010-05-22T06:00:00	78.312	79.484	76.414	78.422	78.285	79.471	76.399	78.397	
2010-05-15T06:00:00	81.636	82.376	77.071	78.312	81.610	82.364	77.051	78.285	
2010-05-08T06:00:00	82.466	85.433	81.049	81.636	82.443	85.416	81.030	81.610	
2010-05-01T06:00:00	87.297	87.583	79.023	82.466	87.281	87.566	78.907	82.443	
2010-04-24T06:00:00	87.613	88.019	85.403	87.297	87.585	88.002	85.386	87.281	
2010-04-17T06:00:00	86.849	87.817	85.920	87.613	86.821	87.801	85.904	87.585	
2010-04-10T06:00:00	87.456	88.956	86.448	86.849	87.436	88.941	86.442	86.821	
2010-04-03T06:00:00	89.054	89.348	86.179	87.456	89.031	89.266	86.169	87.436	
2010-03-27T06:00:00	86.824	90.003	86.657	89.054	86.796	89.986	86.642	89.031	
2010-03-20T06:00:00	85.422	87.023	84.355	86.824	85.397	87.011	84.338	86.796	
2010-03-13T07:00:00	85.488	86.158	84.770	85.422	85.458	86.154	84.755	85.397	
2010-03-06T07:00:00	84.113	85.867	83.048	85.488	84.089	85.848	83.026	85.458	
2010-02-27T07:00:00	82.718	84.320	81.870	84.113	82.693	84.296	81.866	84.089	
2010-02-20T07:00:00	85.107	85.478	81.792	82.718	85.080	85.456	81.768	82.693	
2010-02-13T07:00:00	83.603	85.232	83.400	85.107	83.575	85.215	83.379	85.080	
2010-02-06T07:00:00	83.323	84.675	82.843	83.603	83.300	84.655	82.827	83.575	
2010-01-30T07:00:00	85.113	86.216	82.343	83.323	85.084	86.196	82.324	83.300	
2010-01-23T07:00:00	86.632	87.243	85.009	85.113	86.604	87.226	84.999	85.084	
2010-01-16T07:00:00	88.472	88.787	86.207	86.242	88.441	88.766	86.181	86.217	
2010-01-09T07:00:00	90.523	91.055	88.209	88.472	90.487	91.036	88.186	88.441	
2010-01-02T07:00:00	89.878	90.653	88.442	90.523	89.845	90.619	88.418	90.487	
2009-12-26T07:00:00	88.433	90.112	88.146	89.878	88.399	90.088	88.115	89.845	
2009-12-19T07:00:00	86.644	88.610	86.385	88.433	86.619	88.585	86.363	88.399	
2009-12-12T07:00:00	86.153	86.911	85.338	86.644	86.121	86.890	85.292	86.619	
2009-12-05T07:00:00	88.977	88.998	85.272	86.153	88.946	88.970	85.248	86.121	
2009-11-28T07:00:00	86.138	89.123	85.558	88.977	86.077	89.113	85.535	88.946	
2009-11-21T07:00:00	87.510	88.432	84.272	86.138	87.477	88.409	84.221	86.077	
2009-11-14T07:00:00	88.629	89.024	87.103	87.510	88.596	89.018	87.081	87.477	
2009-11-07T07:00:00	88.433	89.635	88.011	88.629	88.396	89.613	87.989	88.596	
2009-10-31T06:00:00	87.725	89.961	86.784	88.433	87.696	89.856	86.756	88.396	
2009-10-24T06:00:00	91.233	91.568	87.670	87.725	91.196	91.546	87.631	87.696	
2009-10-17T06:00:00	89.273	91.455	88.809	91.233	89.231	91.430	88.789	91.196	
2009-10-10T06:00:00	87.013	89.703	86.878	89.273	86.971	89.686	86.757	89.231	
2009-10-03T06:00:00	86.683	87.169	85.586	87.013	86.641	87.146	85.562	86.971	
2009-09-26T06:00:00	87.271	87.598	85.406	86.683	87.236	87.371	85.319	86.641	
2009-09-19T06:00:00	88.719	89.399	87.196	87.271	88.674	89.364	87.172	87.236	
2009-09-12T06:00:00	87.431	88.896	86.903	88.719	87.387	88.870	86.778	88.674	
2009-09-05T06:00:00	87.733	88.703	86.963	87.431	87.696	88.678	86.937	87.387	
2009-08-29T06:00:00	88.318	88.450	86.436	87.733	88.278	88.429	86.412	87.696	
2009-08-22T06:00:00	89.233	89.649	87.325	88.318	89.191	89.626	87.297	88.278	
2009-08-15T06:00:00	88.363	89.419	87.161	89.233	88.316	89.393	87.157	89.191	
2009-08-08T06:00:00	90.113	90.453	87.764	88.363	90.071	90.371	87.743	88.316	
2009-08-01T06:00:00	88.550	90.769	88.236	90.113	88.519	90.625	88.241	90.071	
2009-07-25T06:00:00	88.484	89.337	87.073	88.550	88.453	89.326	87.051	88.519	
2009-07-18T06:00:00	87.634	89.127	87.123	88.484	87.606	89.108	87.103	88.453	
2009-07-11T06:00:00	85.199	88.053	84.603	87.634	85.173	88.027	84.583	87.606	
2009-07-04T06:00:00	88.425	88.425	83.967	85.199	88.386	88.386	83.938	85.173	
2009-06-27T06:00:00	88.045	90.006	87.500	88.425	88.012	89.980	87.469	88.386	
2009-06-20T06:00:00	89.029	89.833	86.862	88.045	88.998	89.806	86.826	88.012	
2009-06-13T06:00:00	91.051	91.263	87.937	89.029	91.027	91.227	87.916	88.998	
2009-06-06T06:00:00	91.021	91.539	89.443	91.051	90.983	91.513	89.417	91.027	
2009-05-30T06:00:00	89.277	91.411	88.763	91.021	89.230	91.400	88.731	90.983	
2009-05-23T06:00:00	87.426	89.731	86.726	89.277	87.390	89.702	86.699	89.230	
2009-05-16T06:00:00	84.791	87.560	84.038	87.426	84.760	87.523	84.019	87.390	
2009-05-09T06:00:00	88.977	89.513	84.526	84.791	88.946	89.446	84.501	84.760	
2009-05-02T06:00:00	87.389	89.058	86.137	88.977	87.350	89.027	86.112	88.946	
2009-04-25T06:00:00	85.242	87.650	82.701	87.389	85.203	87.619	82.672	87.350	
2009-04-18T06:00:00	85.053	85.628	83.502	85.242	84.991	85.606	83.466	85.203	
2009-04-11T06:00:00	86.873	88.682	84.721	85.053	86.769	88.649	84.696	84.991	
2009-04-04T06:00:00	88.686	90.019	86.451	86.873	88.626	89.989	86.366	86.769	
2009-03-28T06:00:00	85.653	88.748	83.408	88.686	85.621	88.713	83.378	88.626	
2009-03-21T06:00:00	84.953	87.755	84.919	85.653	84.911	87.727	84.886	85.621	
2009-03-14T06:00:00	82.598	85.580	82.061	84.953	82.559	85.557	82.016	84.911	
2009-03-07T07:00:00	84.758	85.900	81.351	82.598	84.727	85.877	81.326	82.559	
2009-02-28T07:00:00	83.431	85.169	82.388	84.758	83.412	85.149	82.375	84.727	
2009-02-21T07:00:00	80.728	84.785	80.396	83.431	80.693	84.764	80.369	83.412	
2009-02-14T07:00:00	79.281	81.125	78.100	80.728	79.236	81.106	78.085	80.693	
2009-02-07T07:00:00	79.096	79.777	77.073	79.281	79.062	79.741	77.061	79.236	
2009-01-31T07:00:00	77.474	79.515	76.192	79.096	77.453	79.481	76.167	79.062	
2009-01-24T07:00:00	76.874	79.458	75.936	77.474	76.837	79.434	75.854	77.453	
2009-01-17T07:00:00	81.106	82.059	75.437	76.874	81.069	82.024	75.419	76.837	
2009-01-10T07:00:00	81.015	81.407	79.070	81.106	80.978	81.382	79.031	81.069	
2009-01-03T07:00:00	85.209	86.077	80.882	81.015	85.180	86.002	80.851	80.978	
2008-12-27T07:00:00	84.927	87.074	84.281	85.209	84.890	87.036	84.238	85.180	
2008-12-20T07:00:00	80.776	84.966	80.763	84.927	80.732	84.929	80.702	84.890	
2008-12-13T07:00:00	77.379	85.518	77.145	80.776	77.348	85.473	77.117	80.732	
2008-12-06T07:00:00	76.106	78.005	74.782	77.379	76.077	77.983	74.662	77.348	
2008-11-29T07:00:00	78.737	78.820	75.079	76.106	78.700	78.762	75.052	76.077	
2008-11-22T07:00:00	78.557	81.652	77.867	78.737	78.522	81.606	77.832	78.700	
2008-11-15T07:00:00	81.469	81.562	76.277	78.557	81.440	81.538	76.160	78.522	
2008-11-08T07:00:00	83.562	84.930	79.383	81.469	83.517	84.897	79.357	81.440	
2008-11-01T06:00:00	85.172	86.752	82.047	83.562	85.087	86.685	82.008	83.517	
2008-10-25T06:00:00	80.923	88.097	78.864	85.172	80.862	88.022	78.770	85.087	
2008-10-18T06:00:00	89.252	90.385	78.815	80.923	89.177	90.347	78.714	80.862	
2008-10-11T06:00:00	88.482	91.272	87.232	89.252	88.360	91.237	87.177	89.177	
2008-10-04T06:00:00	93.302	93.302	86.616	88.482	93.252	93.252	86.532	88.360	
2008-09-27T06:00:00	97.372	97.465	92.152	93.302	97.327	97.387	92.114	93.252	
2008-09-20T06:00:00	97.281	98.652	96.367	97.372	97.237	98.627	96.304	97.327	
2008-09-13T06:00:00	95.417	97.327	92.976	97.281	95.357	97.262	92.947	97.237	
2008-09-06T06:00:00	95.948	97.752	93.086	95.417	95.923	97.688	93.070	95.357	
2008-08-30T06:00:00	98.832	98.887	95.026	95.948	98.807	98.812	94.997	95.923	
2008-08-23T06:00:00	100.156	100.313	98.526	98.832	100.131	100.297	98.504	98.807	
2008-08-16T06:00:00	100.752	100.966	99.056	100.156	100.727	100.936	99.037	100.131	
2008-08-09T06:00:00	101.984	102.181	99.743	100.752	101.959	102.167	99.722	100.727	
2008-08-02T06:00:00	102.494	103.791	101.770	101.984	102.469	103.777	101.745	101.959	
2008-07-26T06:00:00	104.074	104.234	102.352	102.494	104.051	104.225	102.337	102.469	
2008-07-19T06:00:00	104.588	104.798	103.164	104.074	104.567	104.778	103.139	104.051	
2008-07-12T06:00:00	104.676	104.737	102.945	104.588	104.657	104.718	102.921	104.567	
2008-07-05T06:00:00	104.156	104.807	103.680	104.676	104.082	104.774	103.670	104.657	
2008-06-28T06:00:00	104.281	105.093	103.467	104.156	104.231	105.087	103.442	104.082	
2008-06-21T06:00:00	103.734	104.700	102.886	104.281	103.709	104.687	102.867	104.231	
2008-06-14T06:00:00	103.182	104.302	103.004	103.734	103.127	104.267	102.992	103.709	
2008-06-07T06:00:00	103.012	103.845	102.627	103.182	102.987	103.820	102.588	103.127	
2008-05-31T06:00:00	101.168	103.147	100.291	103.012	101.129	103.122	100.259	102.987	
2008-05-24T06:00:00	100.922	101.334	100.223	101.168	100.897	101.308	100.202	101.129	
2008-05-17T06:00:00	99.411	101.057	98.929	100.922	99.394	101.040	98.905	100.897	
2008-05-10T06:00:00	98.889	99.904	98.470	99.411	98.876	99.888	98.436	99.394	
2008-05-03T06:00:00	99.802	100.092	98.296	98.889	99.737	100.047	98.278	98.876	
2008-04-26T06:00:00	100.754	101.370	99.073	99.802	100.740	101.358	99.040	99.737	
2008-04-19T06:00:00	101.800	102.775	100.402	100.754	101.775	102.765	100.388	100.740	
2008-04-12T06:00:00	100.829	102.265	100.368	101.800	100.808	102.243	100.343	101.775	
2008-04-05T06:00:00	101.005	101.837	100.714	100.829	100.987	101.823	100.697	100.808	
2008-03-29T06:00:00	99.733	101.702	99.432	101.005	99.708	101.686	99.317	100.987	
2008-03-22T06:00:00	98.702	100.742	97.882	99.733	98.577	100.717	97.837	99.708	
2008-03-15T06:00:00	99.482	100.262	97.367	98.702	99.387	100.247	97.342	98.577	
2008-03-08T07:00:00	100.274	100.772	98.948	99.482	100.257	100.737	98.887	99.387	
2008-03-01T07:00:00	99.742	100.595	98.778	100.274	99.728	100.590	98.769	100.257	
2008-02-23T07:00:00	98.830	100.530	98.579	99.742	98.815	100.521	98.547	99.728	
2008-02-16T07:00:00	98.577	98.889	97.947	98.830	98.552	98.877	97.922	98.815	
2008-02-09T07:00:00	97.409	98.827	96.563	98.577	97.397	98.808	96.541	98.552	
2008-02-02T07:00:00	97.894	98.266	96.343	97.409	97.873	98.243	96.318	97.397	
2008-01-26T07:00:00	97.353	98.925	96.956	97.894	97.344	98.908	96.931	97.873	
2008-01-19T07:00:00	96.996	98.782	95.136	97.353	96.984	98.759	95.119	97.344	
2008-01-12T07:00:00	98.937	99.135	96.633	96.996	98.920	99.117	96.618	96.984	
2008-01-05T07:00:00	98.016	99.372	97.490	98.937	97.991	99.347	97.467	98.920	
2007-12-29T07:00:00	99.992	99.992	97.367	98.016	99.967	99.967	97.336	97.991	
2007-12-22T07:00:00	98.733	100.356	98.593	99.992	98.715	100.346	98.547	99.967	
2007-12-15T07:00:00	98.398	98.759	97.523	98.733	98.386	98.754	97.507	98.715	
2007-12-08T07:00:00	98.983	99.412	97.694	98.398	98.980	99.397	97.673	98.386	
2007-12-01T07:00:00	98.131	99.008	97.471	98.983	98.113	98.988	97.451	98.980	
2007-11-24T07:00:00	98.291	99.188	97.603	98.131	98.270	99.167	97.584	98.113	
2007-11-17T07:00:00	99.128	99.638	97.715	98.291	99.114	99.627	97.688	98.270	
2007-11-10T07:00:00	98.562	99.803	96.806	99.128	98.535	99.787	96.781	99.114	
2007-11-03T06:00:00	99.568	100.748	98.542	98.562	99.543	100.730	98.518	98.535	
2007-10-27T06:00:00	98.136	99.881	98.022	99.568	98.117	99.867	97.987	99.543	
2007-10-20T06:00:00	98.175	98.459	96.471	98.136	98.157	98.438	96.443	98.117	
2007-10-13T06:00:00	99.304	99.993	97.970	98.175	99.292	99.968	97.957	98.157	
2007-10-06T06:00:00	99.236	99.888	98.511	99.304	99.215	99.870	98.489	99.292	
2007-09-29T06:00:00	98.668	99.381	98.332	99.236	98.647	99.367	98.313	99.215	
2007-09-22T06:00:00	98.462	98.932	97.609	98.668	98.445	98.907	97.590	98.647	
2007-09-15T06:00:00	97.002	98.594	96.586	98.462	96.947	98.571	96.567	98.445	
2007-09-08T06:00:00	95.422	97.342	94.942	97.002	95.417	97.327	94.877	96.947	
2007-09-01T06:00:00	95.812	96.282	95.082	95.422	95.787	96.287	95.057	95.417	
2007-08-25T06:00:00	96.872	97.242	94.722	95.812	96.847	97.227	94.687	95.787	
2007-08-18T06:00:00	94.772	96.952	94.292	96.872	94.717	96.947	94.257	96.847	
2007-08-11T06:00:00	98.882	98.902	92.202	94.772	98.857	98.897	92.147	94.717	
2007-08-04T06:00:00	99.322	100.272	98.082	98.882	99.297	100.257	98.057	98.857	
2007-07-28T06:00:00	98.302	99.612	97.572	99.322	98.277	99.597	97.547	99.297	
2007-07-21T06:00:00	101.012	101.362	97.832	98.302	100.987	101.307	97.817	98.277	
2007-07-14T06:00:00	101.442	101.842	100.762	101.012	101.397	101.817	100.737	100.987	
2007-07-07T06:00:00	101.322	101.872	100.722	101.442	101.287	101.847	100.697	101.397	
2007-06-30T06:00:00	100.842	101.372	100.562	101.322	100.767	101.317	100.487	101.287	
2007-06-23T06:00:00	100.812	100.972	99.522	100.842	100.737	100.897	99.447	100.767	
2007-06-16T06:00:00	99.422	100.912	99.392	100.812	99.347	100.837	99.317	100.737	
2007-06-09T06:00:00	98.562	99.542	97.792	99.422	98.487	99.467	97.717	99.347	
2007-06-02T06:00:00	99.302	99.892	98.412	98.562	99.227	99.817	98.337	98.487	
2007-05-26T06:00:00	99.242	99.702	98.752	99.302	99.167	99.627	98.677	99.227	
2007-05-19T06:00:00	98.702	99.252	98.472	99.242	98.627	99.177	98.397	99.167	
2007-05-12T06:00:00	98.662	99.232	98.422	98.702	98.587	99.157	98.347	98.627	
2007-05-05T06:00:00	99.222	99.352	98.132	98.662	99.147	99.277	98.057	98.587	
2007-04-28T06:00:00	99.222	99.412	98.502	99.222	99.147	99.337	98.427	99.147	
2007-04-21T06:00:00	98.332	99.312	97.802	99.222	98.257	99.237	97.727	99.147	
2007-04-14T06:00:00	98.182	98.912	97.782	98.332	98.107	98.837	97.707	98.257	
2007-04-07T06:00:00	97.652	98.472	97.142	98.182	97.577	98.397	97.067	98.107	
2007-03-31T06:00:00	97.022	97.882	96.782	97.652	96.947	97.807	96.707	97.577	
2007-03-24T06:00:00	96.962	97.542	95.962	97.022	96.887	97.467	95.887	96.947	
2007-03-17T06:00:00	96.742	97.422	96.432	96.962	96.667	97.347	96.357	96.887	
2007-03-10T07:00:00	95.842	97.032	95.182	96.742	95.767	96.957	95.107	96.667	
2007-03-03T07:00:00	96.092	96.102	94.332	95.842	96.017	96.027	94.257	95.767	
2007-02-24T07:00:00	98.202	98.382	95.602	96.092	98.127	98.307	95.527	96.017	
2007-02-17T07:00:00	96.712	98.422	96.612	98.202	96.637	98.347	96.537	98.127	
2007-02-10T07:00:00	97.492	97.962	96.382	96.712	97.417	97.887	96.307	96.637	
2007-02-03T07:00:00	97.092	97.542	96.212	97.492	97.017	97.467	96.137	97.417	
2007-01-27T07:00:00	96.962	97.582	96.602	97.092	96.977	97.507	96.527	97.017	
2007-01-20T07:00:00	97.102	97.982	96.302	96.962	97.117	97.997	96.317	96.977	
2007-01-13T07:00:00	96.392	97.402	96.162	97.102	96.407	97.417	96.177	97.117	
2007-01-06T07:00:00	96.012	96.842	95.552	96.392	96.027	96.857	95.567	96.407	
2006-12-30T07:00:00	97.792	98.032	95.652	96.012	97.717	98.047	95.667	96.027	
2006-12-23T07:00:00	97.522	97.792	96.672	97.792	97.447	97.717	96.597	97.717	
2006-12-16T07:00:00	96.752	97.712	96.392	97.522	96.677	97.637	96.317	97.447	
2006-12-09T07:00:00	96.632	97.652	96.282	96.752	96.557	97.577	96.207	96.677	
2006-12-02T07:00:00	96.832	96.952	95.962	96.632	96.757	96.877	95.887	96.557	
2006-11-25T07:00:00	95.832	97.062	95.822	96.832	95.757	96.987	95.747	96.757	
2006-11-18T07:00:00	94.692	95.892	94.682	95.832	94.617	95.817	94.607	95.757	
2006-11-11T07:00:00	94.792	95.112	94.392	94.692	94.717	95.037	94.317	94.617	
2006-11-04T07:00:00	94.182	95.062	94.012	94.792	94.107	94.987	93.937	94.717	
2006-10-28T06:00:00	94.222	94.382	93.672	94.182	94.147	94.307	93.597	94.107	
2006-10-21T06:00:00	94.322	94.712	93.942	94.222	94.247	94.637	93.867	94.147	
2006-10-14T06:00:00	94.002	94.432	93.362	94.322	93.927	94.357	93.287	94.247	
2006-10-07T06:00:00	94.292	94.772	93.842	94.002	94.307	94.697	93.767	93.927	
2006-09-30T06:00:00	94.502	94.962	93.732	94.292	94.427	94.887	93.657	94.307	
2006-09-23T06:00:00	94.362	94.692	93.642	94.502	94.287	94.617	93.567	94.427	
2006-09-16T06:00:00	93.622	94.602	93.192	94.362	93.547	94.527	93.117	94.287	
2006-09-09T06:00:00	93.802	94.812	93.122	93.622	93.727	94.737	93.047	93.547	
2006-09-02T06:00:00	95.242	95.282	93.302	93.802	95.167	95.207	93.227	93.727	
2006-08-26T06:00:00	94.702	95.732	94.432	95.242	94.627	95.657	94.357	95.167	
2006-08-19T06:00:00	93.982	94.972	93.902	94.702	93.907	94.897	93.827	94.627	
2006-08-12T06:00:00	93.532	94.452	93.532	93.982	93.547	94.377	93.547	93.907	
2006-08-05T06:00:00	93.562	94.212	93.162	93.532	93.577	94.227	93.177	93.547	
2006-07-29T06:00:00	92.972	93.662	92.602	93.562	92.987	93.677	92.617	93.577	
2006-07-22T06:00:00	93.942	94.112	92.862	92.972	93.957	94.037	92.877	92.987	
2006-07-15T06:00:00	94.082	94.402	93.362	93.942	94.097	94.327	93.377	93.957	
2006-07-08T06:00:00	93.172	94.272	92.442	94.082	93.187	94.287	92.457	94.097	
2006-07-01T06:00:00	93.552	94.142	93.092	93.172	93.567	94.067	93.107	93.187	
2006-06-24T06:00:00	93.322	93.582	92.742	93.552	93.337	93.597	92.757	93.567	
2006-06-17T06:00:00	93.482	93.682	92.392	93.322	93.497	93.697	92.407	93.337	
2006-06-10T06:00:00	92.602	93.602	92.362	93.482	92.527	93.617	92.377	93.497	
2006-06-03T06:00:00	92.482	93.322	92.312	92.602	92.407	93.247	92.237	92.527	
2006-05-27T06:00:00	91.862	92.742	91.632	92.482	91.787	92.667	91.557	92.407	
2006-05-20T06:00:00	91.902	93.032	91.582	91.862	91.827	92.957	91.507	91.787	
2006-05-13T06:00:00	91.952	92.132	90.372	91.902	91.877	92.057	90.297	91.827	
2006-05-06T06:00:00	91.792	92.032	90.512	91.952	91.717	91.957	90.437	91.877	
2006-04-29T06:00:00	91.842	92.852	91.232	91.792	91.767	92.777	91.157	91.717	
2006-04-22T06:00:00	91.502	91.922	89.902	91.842	91.427	91.847	89.827	91.767	
2006-04-15T06:00:00	91.422	92.802	91.282	91.502	91.347	92.727	91.207	91.427	
2006-04-08T06:00:00	90.942	91.532	90.742	91.422	90.867	91.457	90.667	91.347	
2006-04-01T07:00:00	90.382	91.812	90.102	90.942	90.307	91.737	90.027	90.867	
2006-03-25T07:00:00	89.652	90.692	88.922	90.382	89.577	90.617	88.847	90.307	
2006-03-18T07:00:00	89.762	90.332	89.262	89.652	89.777	90.257	89.187	89.577	
2006-03-11T07:00:00	90.312	90.772	89.612	89.762	90.327	90.787	89.627	89.777	
2006-03-04T07:00:00	89.732	90.662	89.382	90.312	89.657	90.587	89.347	90.327	
2006-02-25T07:00:00	88.632	89.862	87.712	89.732	88.647	89.787	87.637	89.657	
2006-02-18T07:00:00	90.252	90.952	88.602	88.632	90.177	90.877	88.617	88.647	
2006-02-11T07:00:00	90.202	90.492	89.492	90.252	90.127	90.417	89.417	90.177	
2006-02-04T07:00:00	91.852	92.012	90.022	90.202	91.777	91.937	89.947	90.127	
2006-01-28T07:00:00	91.382	92.282	91.172	91.852	91.307	92.207	91.097	91.777	
2006-01-21T07:00:00	90.332	91.852	90.202	91.382	90.257	91.777	90.127	91.307	
2006-01-14T07:00:00	89.532	90.432	89.392	90.332	89.457	90.357	89.317	90.257	
2006-01-07T07:00:00	90.142	90.222	88.592	89.532	90.067	90.147	88.517	89.457	
2005-12-31T07:00:00	89.802	91.162	89.442	90.142	89.727	91.087	89.367	90.067	
2005-12-24T07:00:00	88.642	89.932	88.522	89.802	88.567	89.857	88.447	89.727	
2005-12-17T07:00:00	89.752	90.442	88.372	88.642	89.677	90.367	88.297	88.567	
2005-12-10T07:00:00	92.652	93.192	89.612	89.752	92.577	93.117	89.537	89.677	
2005-12-03T07:00:00	91.562	92.842	91.562	92.652	91.487	92.767	91.487	92.577	
2005-11-26T07:00:00	90.722	91.842	90.562	91.562	90.647	91.767	90.487	91.487	
2005-11-19T07:00:00	90.562	90.962	90.042	90.722	90.577	90.887	89.967	90.647	
2005-11-12T07:00:00	89.942	90.602	89.482	90.562	89.867	90.617	89.497	90.577	
2005-11-05T07:00:00	90.612	90.612	89.222	89.942	90.537	90.537	89.147	89.867	
2005-10-29T06:00:00	90.352	91.542	90.102	90.612	90.277	91.467	90.027	90.537	
2005-10-22T06:00:00	89.722	90.752	89.372	90.352	89.647	90.677	89.297	90.277	
2005-10-15T06:00:00	88.892	90.092	88.692	89.722	88.817	90.017	88.617	89.647	
2005-10-08T06:00:00	89.032	89.292	88.342	88.892	88.957	89.217	88.267	88.817	
2005-10-01T06:00:00	87.742	89.282	87.492	89.032	87.667	89.207	87.417	88.957	
2005-09-24T06:00:00	87.062	88.112	86.722	87.742	86.987	88.037	86.647	87.667	
2005-09-17T06:00:00	87.762	87.972	86.742	87.062	87.687	87.897	86.667	86.987	
2005-09-10T06:00:00	88.292	88.302	86.932	87.762	88.217	88.227	86.857	87.687	
2005-09-03T06:00:00	89.262	89.422	88.202	88.292	89.187	89.347	88.127	88.217	
2005-08-27T06:00:00	87.632	89.462	87.202	89.262	87.557	89.387	87.127	89.187	
2005-08-20T06:00:00	86.682	87.852	86.032	87.632	86.607	87.777	85.957	87.557	
2005-08-13T06:00:00	87.722	87.972	86.622	86.682	87.647	87.897	86.547	86.607	
2005-08-06T06:00:00	88.732	89.202	87.642	87.722	88.657	89.127	87.567	87.647	
2005-07-30T06:00:00	87.292	88.802	87.242	88.732	87.217	88.727	87.167	88.657	
2005-07-23T06:00:00	85.872	87.532	85.742	87.292	85.797	87.457	85.667	87.217	
2005-07-16T06:00:00	86.682	87.962	85.602	85.872	86.607	87.887	85.527	85.797	
2005-07-09T06:00:00	86.332	87.332	86.182	86.682	86.257	87.257	86.107	86.607	
2005-07-02T06:00:00	86.122	86.992	85.552	86.332	86.047	86.917	85.477	86.257	
2005-06-25T06:00:00	85.652	86.652	85.602	86.122	85.577	86.577	85.527	86.047	
2005-06-18T06:00:00	86.432	86.432	84.822	85.652	86.357	86.357	84.747	85.577	
2005-06-11T06:00:00	85.652	86.502	85.342	86.432	85.577	86.427	85.267	86.357	
2005-06-04T06:00:00	85.952	86.152	85.372	85.652	85.877	86.077	85.297	85.577	
2005-05-28T06:00:00	87.742	87.812	85.922	85.952	87.667	87.737	85.847	85.877	
2005-05-21T06:00:00	87.672	88.012	87.242	87.742	87.597	87.937	87.167	87.667	
2005-05-14T06:00:00	87.742	88.242	87.102	87.672	87.667	88.167	87.027	87.597	
2005-05-07T06:00:00	87.042	88.252	87.032	87.742	86.967	88.177	86.957	87.667	
2005-04-30T06:00:00	87.732	88.112	86.862	87.042	87.657	88.037	86.787	86.967	
2005-04-23T06:00:00	89.822	89.842	87.602	87.732	89.747	89.767	87.527	87.657	
2005-04-16T06:00:00	89.832	91.142	89.432	89.822	89.757	91.067	89.357	89.747	
2005-04-09T06:00:00	90.432	90.612	88.892	89.832	90.357	90.537	88.817	89.757	
2005-04-02T07:00:00	89.462	90.542	89.312	90.432	89.387	90.467	89.237	90.357	
2005-03-26T07:00:00	88.692	90.002	88.552	89.462	88.617	89.927	88.477	89.387	
2005-03-19T07:00:00	89.952	90.062	88.322	88.692	89.877	89.987	88.247	88.617	
2005-03-12T07:00:00	90.422	90.872	89.512	89.952	90.347	90.797	89.437	89.877	
2005-03-05T07:00:00	89.612	90.452	89.312	90.422	89.537	90.377	89.237	90.347	
2005-02-26T07:00:00	90.502	90.662	89.042	89.612	90.427	90.587	88.967	89.537	
2005-02-19T07:00:00	89.352	90.572	88.802	90.502	89.277	90.497	88.727	90.427	
2005-02-12T07:00:00	87.422	89.522	86.982	89.352	87.347	89.447	86.907	89.277	
2005-02-05T07:00:00	85.962	87.732	85.582	87.422	85.887	87.657	85.507	87.347	
2005-01-29T07:00:00	87.222	87.412	85.832	85.962	87.147	87.337	85.757	85.887	
2005-01-22T07:00:00	86.752	87.682	86.512	87.222	86.677	87.607	86.437	87.147	
2005-01-15T07:00:00	86.432	87.272	86.202	86.752	86.357	87.197	86.127	86.677	
2005-01-08T07:00:00	88.482	88.692	86.172	86.432	88.407	88.617	86.097	86.357	
2005-01-01T07:00:00	90.092	90.332	88.232	88.482	90.017	90.257	88.157	88.407	
2004-12-25T07:00:00	90.722	91.832	89.902	90.092	90.647	91.757	89.827	90.017	
2004-12-18T07:00:00	90.092	91.052	90.002	90.722	90.017	90.977	89.927	90.647	
2004-12-11T07:00:00	90.622	91.612	89.952	90.092	90.547	91.537	89.877	90.017	
2004-12-04T07:00:00	90.312	91.222	89.982	90.622	90.237	91.147	89.907	90.547	
2004-11-27T07:00:00	90.132	90.592	89.382	90.312	90.057	90.517	89.307	90.237	
2004-11-20T07:00:00	88.802	90.292	88.502	90.132	88.717	90.217	88.427	90.057	
2004-11-13T07:00:00	90.132	90.262	88.612	88.802	90.047	90.177	88.527	88.717	
2004-11-06T07:00:00	89.742	90.862	89.252	90.132	89.657	90.777	89.167	90.047	
2004-10-30T06:00:00	88.682	89.832	87.842	89.742	88.597	89.747	87.757	89.657	
2004-10-23T06:00:00	88.522	89.512	87.992	88.682	88.437	89.427	87.907	88.597	
2004-10-16T06:00:00	88.632	89.062	88.062	88.522	88.547	88.977	87.977	88.437	
2004-10-09T06:00:00	87.562	88.712	86.992	88.632	87.477	88.627	86.907	88.547	
2004-10-02T06:00:00	88.402	88.642	87.462	87.562	88.317	88.557	87.377	87.477	
2004-09-25T06:00:00	87.652	88.752	87.592	88.402	87.567	88.667	87.507	88.317	
2004-09-18T06:00:00	86.642	88.342	86.082	87.652	86.557	88.257	85.997	87.567	
2004-09-11T06:00:00	87.182	87.632	86.182	86.642	87.097	87.547	86.097	86.557	
2004-09-04T06:00:00	87.052	87.752	85.752	87.182	86.967	87.667	85.667	87.097	
2004-08-28T06:00:00	85.552	87.242	85.422	87.052	85.467	87.157	85.337	86.967	
2004-08-21T06:00:00	87.382	87.562	85.312	85.552	87.297	87.477	85.227	85.467	
2004-08-14T06:00:00	89.412	89.522	87.212	87.382	89.327	89.437	87.127	87.297	
2004-08-07T06:00:00	88.332	89.482	87.702	89.412	88.247	89.397	87.617	89.327	
2004-07-31T06:00:00	86.862	88.442	86.372	88.332	86.777	88.357	86.287	88.247	
2004-07-24T06:00:00	86.962	88.012	86.702	86.862	86.877	87.927	86.617	86.777	
2004-07-17T06:00:00	88.842	88.912	86.862	86.962	88.757	88.827	86.777	86.877	
2004-07-10T06:00:00	88.572	89.192	87.722	88.842	88.487	89.107	87.637	88.757	
2004-07-03T06:00:00	87.942	89.022	87.832	88.572	87.857	88.937	87.747	88.487	
2004-06-26T06:00:00	86.222	88.342	85.492	87.942	86.137	88.257	85.407	87.857	
2004-06-19T06:00:00	87.472	87.612	85.932	86.222	87.387	87.527	85.847	86.137	
2004-06-12T06:00:00	87.482	88.922	86.562	87.472	87.397	88.837	86.477	87.387	
2004-06-05T06:00:00	89.622	89.832	87.072	87.482	89.537	89.747	86.987	87.397	
2004-05-29T06:00:00	88.062	89.752	87.042	89.622	87.977	89.667	86.957	89.537	
2004-05-22T06:00:00	87.562	89.312	87.402	88.062	87.577	89.227	87.317	87.977	
2004-05-15T06:00:00	88.172	89.992	87.472	87.562	88.087	89.907	87.387	87.577	
2004-05-08T06:00:00	86.272	88.352	86.102	88.172	86.187	88.267	86.017	88.087	
2004-05-01T06:00:00	85.362	86.832	84.622	86.272	85.277	86.747	84.537	86.187	
2004-04-24T06:00:00	82.782	85.642	82.482	85.362	82.797	85.557	82.397	85.277	
2004-04-17T06:00:00	83.152	84.342	82.612	82.782	83.167	84.257	82.527	82.797	
2004-04-10T06:00:00	82.982	84.132	81.562	83.152	82.997	84.147	81.577	83.167	
2004-04-03T07:00:00	80.992	83.272	80.222	82.982	81.007	83.287	80.237	82.997	
2004-03-27T07:00:00	82.392	83.142	80.622	80.992	82.407	83.157	80.637	81.007	
2004-03-20T07:00:00	84.022	85.222	81.912	82.392	84.037	85.237	81.927	82.407	
2004-03-13T07:00:00	86.342	87.112	83.602	84.022	86.357	87.127	83.617	84.037	
2004-03-06T07:00:00	87.752	88.042	85.402	86.342	87.767	88.057	85.417	86.357	
2004-02-28T07:00:00	86.282	87.972	84.192	87.752	86.297	87.987	84.207	87.767	
2004-02-21T07:00:00	86.482	87.342	85.372	86.282	86.497	87.357	85.387	86.297	
2004-02-14T07:00:00	85.112	87.012	84.992	86.482	85.127	87.027	85.007	86.497	
2004-02-07T07:00:00	85.392	86.062	84.732	85.112	85.407	86.077	84.747	85.127	
2004-01-31T07:00:00	84.072	85.722	83.352	85.392	84.087	85.737	83.367	85.407	
2004-01-24T07:00:00	85.682	85.772	83.492	84.072	85.697	85.787	83.507	84.087	
2004-01-17T07:00:00	84.122	86.562	83.862	85.682	84.137	86.577	83.877	85.697	
2004-01-10T07:00:00	87.122	87.592	83.932	84.122	87.137	87.607	83.947	84.137	
2004-01-03T07:00:00	86.302	87.972	84.962	87.122	86.317	87.987	84.977	87.137	
2003-12-27T07:00:00	85.652	86.802	85.342	86.302	85.667	86.817	85.357	86.317	
2003-12-20T07:00:00	85.822	86.112	85.172	85.652	85.837	86.127	85.187	85.667	
2003-12-13T07:00:00	85.352	86.132	84.402	85.822	85.367	86.147	84.417	85.837	
2003-12-06T07:00:00	84.412	85.752	84.142	85.352	84.427	85.767	84.157	85.367	
2003-11-29T07:00:00	84.812	85.392	83.582	84.412	84.827	85.407	83.597	84.427	
2003-11-22T07:00:00	83.752	85.002	82.692	84.812	83.767	85.017	82.707	84.827	
2003-11-15T07:00:00	81.572	84.002	81.522	83.752	81.587	84.017	81.537	83.767	
2003-11-08T07:00:00	80.212	81.662	78.882	81.572	80.227	81.677	78.897	81.587	
2003-11-01T07:00:00	81.932	82.432	79.802	80.212	81.947	82.447	79.817	80.227	
2003-10-25T06:00:00	83.382	83.382	80.992	81.932	83.397	83.397	81.007	81.947	
2003-10-18T06:00:00	82.282	84.002	81.952	83.382	82.297	84.017	81.967	83.397	
2003-10-11T06:00:00	82.742	83.012	81.692	82.282	82.757	83.027	81.707	82.297	
2003-10-04T06:00:00	82.922	84.192	82.122	82.742	82.937	84.207	82.137	82.757	
2003-09-27T06:00:00	83.192	84.602	82.252	82.922	83.207	84.617	82.267	82.937	
2003-09-20T06:00:00	83.502	83.512	82.002	83.192	83.517	83.527	82.017	83.207	
2003-09-13T06:00:00	85.022	85.312	82.772	83.502	85.037	85.327	82.787	83.517	
2003-09-06T06:00:00	84.402	85.382	83.512	85.022	84.417	85.397	83.527	85.037	
2003-08-30T06:00:00	83.452	84.432	81.552	84.402	83.467	84.447	81.567	84.417	
2003-08-23T06:00:00	82.962	83.672	82.092	83.452	82.977	83.687	82.107	83.467	
2003-08-16T06:00:00	86.842	86.902	82.472	82.962	86.857	86.917	82.487	82.977	
2003-08-09T06:00:00	87.432	87.562	86.412	86.842	87.447	87.577	86.427	86.857	
2003-08-02T06:00:00	87.932	89.462	87.282	87.432	87.947	89.477	87.297	87.447	
2003-07-26T06:00:00	88.342	89.002	87.272	87.932	88.357	89.017	87.287	87.947	
2003-07-19T06:00:00	86.842	88.682	86.642	88.342	86.857	88.697	86.657	88.357	
2003-07-12T06:00:00	85.572	87.302	84.232	86.842	85.587	87.317	84.247	86.857	
2003-07-05T06:00:00	87.572	87.572	85.522	85.572	87.587	87.587	85.537	85.587	
2003-06-28T06:00:00	88.592	89.122	87.172	87.572	88.607	89.137	87.187	87.587	
2003-06-21T06:00:00	88.982	89.202	88.102	88.592	88.997	89.217	88.117	88.607	
2003-06-14T06:00:00	90.412	90.772	88.532	88.982	90.427	90.787	88.547	88.997	
2003-06-07T06:00:00	89.892	90.452	89.042	90.412	89.907	90.467	89.057	90.427	
2003-05-31T06:00:00	91.742	91.742	89.442	89.892	91.757	91.757	89.457	89.907	
2003-05-24T06:00:00	90.652	92.182	90.392	91.742	90.667	92.197	90.407	91.757	
2003-05-17T06:00:00	88.662	91.122	88.662	90.652	88.677	91.137	88.677	90.667	
2003-05-10T06:00:00	89.202	89.662	87.562	88.662	89.217	89.677	87.577	88.677	
2003-05-03T06:00:00	88.442	89.612	87.462	89.202	88.457	89.627	87.477	89.217	
2003-04-26T06:00:00	88.242	88.572	87.222	88.442	88.257	88.587	87.237	88.457	
2003-04-19T06:00:00	86.612	88.472	86.482	88.242	86.627	88.487	86.497	88.257	
2003-04-12T06:00:00	86.412	87.332	86.182	86.612	86.427	87.347	86.197	86.627	
2003-04-05T07:00:00	86.532	87.182	85.642	86.412	86.547	87.197	85.657	86.427	
2003-03-29T07:00:00	87.362	87.882	85.922	86.532	87.377	87.897	85.937	86.547	
2003-03-22T07:00:00	86.572	87.792	86.512	87.362	86.587	87.807	86.527	87.377	
2003-03-15T07:00:00	86.532	87.012	85.362	86.572	86.547	87.027	85.377	86.587	
2003-03-08T07:00:00	87.592	88.292	86.272	86.532	87.607	88.307	86.287	86.547	
2003-03-01T07:00:00	87.262	88.432	86.932	87.592	87.277	88.447	86.947	87.607	
2003-02-22T07:00:00	86.962	87.382	85.902	87.262	86.977	87.397	85.917	87.277	
2003-02-15T07:00:00	88.292	88.352	86.182	86.962	88.307	88.367	86.197	86.977	
2003-02-08T07:00:00	88.742	89.052	88.042	88.292	88.757	89.067	88.057	88.307	
2003-02-01T07:00:00	87.842	89.012	87.532	88.742	87.857	89.027	87.547	88.757	
2003-01-25T07:00:00	87.042	88.132	86.842	87.842	87.057	88.147	86.857	87.857	
2003-01-18T07:00:00	85.932	87.122	85.932	87.042	85.947	87.137	85.947	87.057	
2003-01-11T07:00:00	86.292	86.412	84.742	85.932	86.307	86.427	84.757	85.947	
2003-01-04T07:00:00	85.542	86.662	85.172	86.292	85.557	86.677	85.187	86.307	
2002-12-28T07:00:00	86.182	86.182	84.902	85.542	86.197	86.197	84.917	85.557	
2002-12-21T07:00:00	84.562	86.222	84.332	86.182	84.577	86.237	84.347	86.197	
2002-12-14T07:00:00	83.412	85.142	83.112	84.562	83.427	85.157	83.127	84.577	
2002-12-07T07:00:00	84.762	84.852	83.232	83.412	84.777	84.867	83.247	83.427	
2002-11-30T07:00:00	82.582	85.352	82.532	84.762	82.597	85.367	82.547	84.777	
2002-11-23T07:00:00	83.102	83.282	81.462	82.582	83.117	83.297	81.477	82.597	
2002-11-16T07:00:00	82.922	83.922	82.792	83.102	82.937	83.937	82.807	83.117	
2002-11-09T07:00:00	82.962	83.052	82.232	82.922	82.977	83.067	82.247	82.937	
2002-11-02T07:00:00	83.262	83.692	82.772	82.962	83.277	83.707	82.787	82.977	
2002-10-26T06:00:00	82.622	83.272	82.242	83.262	82.637	83.287	82.257	83.277	
2002-10-19T06:00:00	82.912	83.382	82.162	82.622	82.927	83.397	82.177	82.637	
2002-10-12T06:00:00	83.642	84.082	82.392	82.912	83.657	84.097	82.407	82.927	
2002-10-05T06:00:00	82.532	83.752	82.312	83.642	82.547	83.767	82.327	83.657	
2002-09-28T06:00:00	82.092	83.292	81.352	82.532	82.107	83.307	81.367	82.547	
2002-09-21T06:00:00	82.672	83.222	81.082	82.092	82.687	83.237	81.097	82.107	
2002-09-14T06:00:00	80.582	82.862	80.062	82.672	80.597	82.877	80.077	82.687	
2002-09-07T06:00:00	79.702	81.502	79.492	80.582	79.717	81.517	79.507	80.597	
2002-08-31T06:00:00	79.032	80.612	78.762	79.702	79.047	80.627	78.777	79.717	
2002-08-24T06:00:00	79.002	79.332	78.442	79.032	79.017	79.347	78.457	79.047	
2002-08-17T06:00:00	79.002	79.402	78.622	79.002	79.017	79.417	78.637	79.017	
2002-08-10T06:00:00	79.802	80.122	78.022	79.002	79.817	80.137	78.037	79.017	
2002-08-03T06:00:00	80.902	80.902	79.692	79.802	80.917	80.917	79.707	79.817	
2002-07-27T06:00:00	81.062	81.422	80.312	80.902	81.077	81.437	80.327	80.917	
2002-07-20T06:00:00	80.442	81.392	79.572	81.062	80.457	81.407	79.587	81.077	
2002-07-13T06:00:00	78.812	80.612	78.452	80.442	78.827	80.627	78.467	80.457	
2002-07-06T06:00:00	79.812	79.982	78.412	78.812	79.827	79.997	78.427	78.827	
2002-06-29T06:00:00	80.892	81.032	79.622	79.812	80.807	80.947	79.637	79.827	
2002-06-22T06:00:00	80.312	81.602	80.012	80.892	80.227	81.517	79.927	80.807	
2002-06-15T06:00:00	79.602	81.332	79.312	80.312	79.517	81.247	79.227	80.227	
2002-06-08T06:00:00	79.922	80.792	79.502	79.602	79.837	80.707	79.417	79.517	
2002-06-01T06:00:00	79.172	80.262	78.762	79.922	79.087	80.177	78.677	79.837	
2002-05-25T06:00:00	78.892	79.822	78.682	79.172	78.807	79.737	78.597	79.087	
2002-05-18T06:00:00	79.772	80.022	78.252	78.892	79.687	79.937	78.167	78.807	
2002-05-11T06:00:00	80.242	80.402	79.302	79.772	80.157	80.317	79.217	79.687	
2002-05-04T06:00:00	80.012	80.822	79.812	80.242	79.927	80.737	79.727	80.157	
2002-04-27T06:00:00	78.842	80.092	78.682	80.012	78.757	80.007	78.597	79.927	
2002-04-20T06:00:00	79.252	79.352	78.412	78.842	79.167	79.267	78.327	78.757	
2002-04-13T06:00:00	79.282	79.532	78.512	79.252	79.197	79.447	78.427	79.167	
2002-04-06T07:00:00	79.112	79.592	78.212	79.282	79.027	79.507	78.127	79.197	
2002-03-30T07:00:00	78.942	80.482	78.932	79.112	78.857	80.397	78.847	79.027	
2002-03-23T07:00:00	79.722	80.222	78.642	78.942	79.637	80.137	78.557	78.857	
2002-03-16T07:00:00	77.982	80.192	77.872	79.722	77.897	80.107	77.787	79.637	
2002-03-09T07:00:00	76.312	78.332	76.032	77.982	76.227	78.247	75.947	77.897	
2002-03-02T07:00:00	78.192	78.282	75.752	76.312	78.107	78.197	75.667	76.227	
2002-02-23T07:00:00	79.432	79.462	77.992	78.192	79.347	79.377	77.907	78.107	
2002-02-16T07:00:00	78.192	79.492	77.972	79.432	78.107	79.407	77.887	79.347	
2002-02-09T07:00:00	79.652	79.922	77.462	78.192	79.567	79.837	77.377	78.107	
2002-02-02T07:00:00	77.612	79.942	77.532	79.652	77.527	79.857	77.447	79.567	
2002-01-26T07:00:00	78.942	79.242	77.512	77.612	78.857	79.157	77.427	77.527	
2002-01-19T07:00:00	79.872	80.952	78.652	78.942	79.787	80.867	78.567	78.857	
2002-01-12T07:00:00	79.722	79.992	78.402	79.872	79.637	79.907	78.317	79.787	
2002-01-05T07:00:00	79.282	80.622	79.162	79.722	79.197	80.537	79.077	79.637	
2001-12-29T07:00:00	78.372	80.792	78.282	79.282	78.287	80.707	78.197	79.197	
2001-12-22T07:00:00	78.442	78.652	76.752	78.372	78.357	78.567	76.667	78.287	
2001-12-15T07:00:00	78.212	79.572	77.652	78.442	78.127	79.487	77.567	78.357	
2001-12-08T07:00:00	75.712	78.412	75.382	78.212	75.627	78.327	75.297	78.127	
2001-12-01T07:00:00	75.272	75.902	74.652	75.712	75.187	75.817	74.567	75.627	
2001-11-24T07:00:00	74.662	75.392	74.282	75.272	74.577	75.307	74.197	75.187	
2001-11-17T07:00:00	74.162	74.842	73.922	74.662	74.077	74.757	73.837	74.577	
2001-11-10T07:00:00	73.482	74.272	72.702	74.162	73.397	74.187	72.617	74.077	
2001-11-03T07:00:00	74.582	74.592	72.922	73.482	74.497	74.507	72.837	73.397	
2001-10-27T06:00:00	74.332	75.392	74.122	74.582	74.247	75.307	74.037	74.497	
2001-10-20T06:00:00	73.812	74.652	73.172	74.372	73.727	74.567	73.087	74.287	
2001-10-13T06:00:00	74.582	74.802	73.622	73.812	74.497	74.717	73.537	73.727	
2001-10-06T06:00:00	74.732	74.952	73.522	74.582	74.647	74.867	73.437	74.497	
2001-09-29T06:00:00	73.752	75.472	73.402	74.732	73.667	75.387	73.317	74.647	
2001-09-22T06:00:00	74.012	74.552	73.242	73.752	73.927	74.467	73.157	73.667	
2001-09-15T06:00:00	72.632	74.422	72.062	74.012	72.547	74.337	71.977	73.927	
2001-09-08T06:00:00	72.152	73.192	70.782	72.632	72.067	73.107	70.697	72.547	
2001-09-01T06:00:00	71.552	72.152	69.812	72.152	71.467	72.067	69.727	72.067	
2001-08-25T06:00:00	72.272	72.582	71.132	71.552	72.187	72.497	71.047	71.467	
2001-08-18T06:00:00	72.702	72.882	71.922	72.272	72.617	72.797	71.837	72.187	
2001-08-11T06:00:00	72.102	73.012	71.602	72.702	72.017	72.927	71.517	72.617	
2001-08-04T06:00:00	72.552	72.802	71.552	72.102	72.467	72.717	71.467	72.017	
2001-07-28T06:00:00	71.652	73.122	71.632	72.552	71.567	73.037	71.547	72.467	
2001-07-21T06:00:00	71.252	72.512	71.252	71.652	71.167	72.427	71.167	71.567	
2001-07-14T06:00:00	70.492	72.272	70.332	71.252	70.407	72.187	70.247	71.167	
2001-07-07T06:00:00	70.152	71.242	69.702	70.492	70.067	71.157	69.617	70.407	
2001-06-30T06:00:00	69.692	70.372	68.942	70.152	69.607	70.287	68.857	70.067	
2001-06-23T06:00:00	70.182	70.802	68.932	69.692	70.097	70.717	68.847	69.607	
2001-06-16T06:00:00	69.362	70.352	68.582	70.182	69.277	70.267	68.497	70.097	
2001-06-09T06:00:00	67.532	69.622	67.412	69.362	67.447	69.537	67.327	69.277	
2001-06-02T06:00:00	66.432	68.162	66.382	67.532	66.347	68.077	66.297	67.447	
2001-05-26T06:00:00	67.982	68.492	65.702	66.432	67.897	68.407	65.617	66.347	
2001-05-19T06:00:00	71.052	71.062	66.602	67.982	70.967	70.977	66.517	67.897	
2001-05-12T06:00:00	70.082	71.632	69.822	71.052	69.997	71.547	69.737	70.967	
2001-05-05T06:00:00	70.222	70.682	69.582	70.082	70.137	70.597	69.497	69.997	
2001-04-28T06:00:00	72.022	72.122	69.852	70.222	71.937	72.037	69.767	70.137	
2001-04-21T06:00:00	71.952	73.022	70.942	72.022	71.867	72.937	70.857	71.937	
2001-04-14T06:00:00	72.562	73.012	69.882	71.952	72.477	72.927	69.797	71.867	
2001-04-07T06:00:00	73.482	74.132	71.812	72.562	73.397	74.047	71.727	72.477	
2001-03-31T07:00:00	72.542	74.582	72.052	73.482	72.457	74.497	71.967	73.397	
2001-03-24T07:00:00	71.492	72.802	70.332	72.542	71.407	72.717	70.247	72.457	
2001-03-17T07:00:00	71.972	73.342	71.282	71.492	71.887	73.257	71.197	71.407	
2001-03-10T07:00:00	72.352	73.152	70.542	71.972	72.267	73.067	70.457	71.887	
2001-03-03T07:00:00	72.662	73.082	71.412	72.352	72.577	72.997	71.327	72.267	
2001-02-24T07:00:00	69.262	72.772	68.842	72.662	69.177	72.687	68.757	72.577	
2001-02-17T07:00:00	69.162	69.882	68.122	69.262	69.077	69.797	68.037	69.177	
2001-02-10T07:00:00	71.002	71.512	67.982	69.162	70.917	71.427	67.897	69.077	
2001-02-03T07:00:00	70.332	71.192	69.312	71.002	70.247	71.107	69.227	70.917	
2001-01-27T07:00:00	71.272	71.792	70.092	70.332	71.187	71.707	70.007	70.247	
2001-01-20T07:00:00	71.552	72.382	70.132	71.272	71.467	72.297	70.047	71.187	
2001-01-13T07:00:00	73.332	73.602	71.082	71.552	73.247	73.517	70.997	71.467	
2001-01-06T07:00:00	73.032	73.632	71.412	73.332	72.947	73.547	71.327	73.247	
2000-12-30T07:00:00	71.132	73.382	69.602	73.032	71.047	73.297	69.517	72.947	
2000-12-23T07:00:00	68.692	71.132	68.512	71.132	68.607	71.047	68.427	71.047	
2000-12-16T07:00:00	66.792	68.772	66.162	68.692	66.707	68.687	66.077	68.607	
2000-12-09T07:00:00	65.482	67.352	64.582	66.792	65.397	67.267	64.497	66.707	
2000-12-02T07:00:00	64.772	65.582	64.312	65.482	64.687	65.497	64.227	65.397	
2000-11-25T07:00:00	61.532	64.772	61.532	64.772	61.447	64.687	61.447	64.687	
2000-11-18T07:00:00	60.462	61.862	60.462	61.532	60.377	61.777	60.377	61.447	
2000-11-11T07:00:00	61.242	61.462	60.462	60.462	61.157	61.377	60.377	60.377	
2000-11-04T07:00:00	61.162	61.632	60.202	61.242	61.077	61.547	60.117	61.157	
2000-10-28T06:00:00	60.312	61.922	60.072	61.162	60.227	61.837	59.987	61.077	
2000-10-21T06:00:00	61.102	61.302	59.172	60.312	61.017	61.217	59.087	60.227	
2000-10-14T06:00:00	61.062	61.462	59.962	61.102	60.977	61.377	59.877	61.017	
2000-10-07T06:00:00	62.312	62.562	60.892	61.062	62.227	62.477	60.807	60.977	
2000-09-30T06:00:00	62.812	63.212	62.092	62.312	62.727	63.127	62.007	62.227	
2000-09-23T06:00:00	62.592	62.822	61.752	62.812	62.507	62.737	61.667	62.727	
2000-09-16T06:00:00	60.012	62.672	59.502	62.592	59.927	62.587	59.417	62.507	
2000-09-09T06:00:00	59.372	61.232	59.302	60.012	59.287	61.147	59.217	59.927	
2000-09-02T06:00:00	61.562	61.682	58.922	59.372	61.477	61.597	58.837	59.287	
2000-08-26T06:00:00	62.622	63.132	60.892	61.562	62.537	63.047	60.807	61.477	
2000-08-19T06:00:00	63.032	63.152	61.362	62.622	62.947	63.067	61.277	62.537	
2000-08-12T06:00:00	63.202	64.202	62.852	63.032	63.117	64.117	62.767	62.947	
2000-08-05T06:00:00	63.732	64.222	62.702	63.202	63.647	64.137	62.617	63.117	
2000-07-29T06:00:00	65.512	66.042	63.182	63.732	65.427	65.957	63.097	63.647	
2000-07-22T06:00:00	65.602	66.662	65.212	65.512	65.517	66.577	65.127	65.427	
2000-07-15T06:00:00	65.512	66.022	64.282	65.602	65.427	65.937	64.197	65.517	
2000-07-08T06:00:00	66.412	66.472	64.492	65.512	66.327	66.387	64.407	65.427	
2000-07-01T06:00:00	64.942	66.532	64.432	66.412	64.857	66.447	64.347	66.327	
2000-06-24T06:00:00	63.232	65.342	62.772	64.942	63.147	65.257	62.687	64.857	
2000-06-17T06:00:00	65.832	65.982	62.982	63.232	65.747	65.897	62.897	63.147	
2000-06-10T06:00:00	65.192	65.932	64.562	65.832	65.107	65.847	64.477	65.747	
2000-06-03T06:00:00	64.992	65.292	64.152	65.192	64.907	65.207	64.067	65.107	
2000-05-27T06:00:00	63.842	65.072	63.022	64.992	63.757	64.987	62.937	64.907	
2000-05-20T06:00:00	62.062	63.932	61.592	63.842	61.977	63.847	61.507	63.757	
2000-05-13T06:00:00	64.242	64.592	61.242	62.062	64.157	64.507	61.157	61.977	
2000-05-06T06:00:00	62.902	64.482	62.472	64.242	62.817	64.397	62.387	64.157	
2000-04-29T06:00:00	62.912	63.932	61.882	62.902	62.827	63.847	61.797	62.817	
2000-04-22T06:00:00	63.272	63.422	61.532	62.912	63.187	63.337	61.447	62.827	
2000-04-15T06:00:00	64.202	64.712	62.512	63.272	64.117	64.627	62.427	63.187	
2000-04-08T06:00:00	64.202	65.682	63.852	64.202	64.117	65.597	63.767	64.117	
2000-04-01T07:00:00	62.232	64.982	61.902	64.202	62.147	64.897	61.817	64.117	
2000-03-25T07:00:00	65.802	66.002	61.442	62.232	65.717	65.917	61.357	62.147	
2000-03-18T07:00:00	64.632	65.992	63.512	65.802	64.547	65.907	63.427	65.717	
2000-03-11T07:00:00	63.672	64.632	62.562	64.632	63.587	64.547	62.477	64.547	
2000-03-04T07:00:00	64.312	64.552	62.972	63.672	64.227	64.467	62.887	63.587	
2000-02-26T07:00:00	66.832	67.102	64.252	64.312	66.747	67.017	64.167	64.227	
2000-02-19T07:00:00	68.192	69.592	66.782	66.832	68.107	69.507	66.697	66.747	
2000-02-12T07:00:00	67.082	68.562	66.232	68.192	66.997	68.477	66.147	68.107	
2000-02-05T07:00:00	65.742	67.482	65.602	67.082	65.657	67.397	65.517	66.997	
2000-01-29T07:00:00	65.032	66.562	64.662	65.742	64.947	66.477	64.577	65.657	
2000-01-22T07:00:00	65.452	66.382	63.952	65.032	65.367	66.297	63.867	64.947	
2000-01-15T07:00:00	66.522	66.682	65.452	65.452	66.437	66.597	65.367	65.367	
2000-01-08T07:00:00	67.312	68.262	66.422	66.522	67.227	68.177	66.337	66.437	
2000-01-01T07:00:00	64.222	68.072	63.702	67.312	64.137	67.987	63.617	67.227	
1999-12-25T07:00:00	64.962	65.232	63.822	64.222	64.877	65.147	63.737	64.137	
1999-12-18T07:00:00	65.022	65.252	63.852	64.962	64.937	65.167	63.767	64.877	
1999-12-11T07:00:00	64.942	65.972	64.742	65.022	64.857	65.887	64.657	64.937	
1999-12-04T07:00:00	64.632	66.442	64.132	64.942	64.547	66.357	64.047	64.857	
1999-11-27T07:00:00	65.032	66.112	63.882	64.632	64.947	66.027	63.797	64.547	
1999-11-20T07:00:00	68.412	68.602	64.192	65.032	68.327	68.517	64.107	64.947	
1999-11-13T07:00:00	67.842	68.972	67.332	68.412	67.757	68.887	67.247	68.327	
1999-11-06T07:00:00	68.822	68.992	67.302	67.842	68.737	68.907	67.217	67.757	
1999-10-30T06:00:00	68.622	69.072	67.202	68.822	68.537	68.987	67.117	68.737	
1999-10-23T06:00:00	70.942	71.012	68.102	68.622	70.857	70.927	68.017	68.537	
1999-10-16T06:00:00	72.332	72.672	70.602	70.942	72.247	72.587	70.517	70.857	
1999-10-09T06:00:00	71.632	73.332	71.022	72.332	71.547	73.247	70.937	72.247	
1999-10-02T06:00:00	70.822	72.962	70.602	71.632	70.737	72.877	70.517	71.547	
1999-09-25T06:00:00	69.162	71.372	67.942	70.822	69.077	71.287	67.857	70.737	
1999-09-18T06:00:00	69.982	70.362	67.472	69.162	69.897	70.277	67.387	69.077	
1999-09-11T06:00:00	70.232	70.482	66.872	69.982	70.147	70.397	66.787	69.897	
1999-09-04T06:00:00	72.632	74.102	70.152	70.232	72.547	74.017	70.067	70.147	
1999-08-28T06:00:00	72.742	73.852	71.872	72.632	72.657	73.767	71.787	72.547	
1999-08-21T06:00:00	74.312	74.362	72.202	72.742	74.227	74.277	72.117	72.657	
1999-08-14T06:00:00	76.512	76.602	73.042	74.312	76.427	76.517	72.957	74.227	
1999-08-07T06:00:00	77.322	77.582	76.272	76.512	77.237	77.497	76.187	76.427	
1999-07-31T06:00:00	77.152	77.702	76.162	77.322	77.067	77.617	76.077	77.237	
1999-07-24T06:00:00	76.712	77.972	76.442	77.152	76.627	77.887	76.357	77.067	
1999-07-17T06:00:00	76.832	77.822	75.582	76.712	76.747	77.737	75.497	76.627	
1999-07-10T06:00:00	77.752	77.782	76.512	76.832	77.667	77.697	76.427	76.747	
1999-07-03T06:00:00	77.442	78.372	77.432	77.752	77.357	78.287	77.347	77.667	
1999-06-26T06:00:00	79.282	79.452	77.032	77.442	79.197	79.367	76.947	77.357	
1999-06-19T06:00:00	79.482	79.692	78.662	79.282	79.397	79.607	78.577	79.197	
1999-06-12T06:00:00	77.812	79.552	77.022	79.482	77.727	79.467	76.937	79.397	
1999-06-05T06:00:00	79.852	79.882	77.422	77.812	79.767	79.797	77.337	77.727	
1999-05-29T06:00:00	80.012	80.102	78.562	79.852	79.927	80.017	78.477	79.767	
1999-05-22T06:00:00	81.932	82.022	78.832	80.012	81.847	81.937	78.747	79.927	
1999-05-15T06:00:00	81.872	83.152	81.602	81.932	81.787	83.067	81.517	81.847	
1999-05-08T06:00:00	80.772	81.872	80.152	81.872	80.687	81.787	80.067	81.787	
1999-05-01T06:00:00	78.622	81.522	78.552	80.772	78.537	81.437	78.467	80.687	
1999-04-24T06:00:00	79.122	80.102	78.272	78.622	79.037	80.017	78.187	78.537	
1999-04-17T06:00:00	78.662	80.032	78.062	79.122	78.577	79.947	77.977	79.037	
1999-04-10T06:00:00	81.742	82.062	78.332	78.662	81.657	81.977	78.247	78.577	
1999-04-03T07:00:00	81.532	82.452	81.202	81.742	81.447	82.367	81.117	81.657	
1999-03-27T07:00:00	81.372	81.762	79.872	81.532	81.287	81.677	79.787	81.447	
1999-03-20T07:00:00	79.942	81.472	79.902	81.372	79.857	81.387	79.817	81.287	
1999-03-13T07:00:00	81.332	82.132	79.782	79.942	81.247	82.047	79.697	79.857	
1999-03-06T07:00:00	83.632	83.772	81.022	81.332	83.547	83.687	80.937	81.247	
1999-02-27T07:00:00	82.402	84.632	81.802	83.632	82.317	84.547	81.717	83.547	
1999-02-20T07:00:00	83.942	84.492	81.872	82.402	83.857	84.407	81.787	82.317	
1999-02-13T07:00:00	80.662	84.422	80.382	83.942	80.577	84.337	80.297	83.857	
1999-02-06T07:00:00	79.632	82.202	79.452	80.662	79.547	82.117	79.367	80.577	
1999-01-30T07:00:00	82.032	82.102	78.922	79.632	81.947	82.017	78.837	79.547	
1999-01-23T07:00:00	82.902	83.352	81.472	82.032	82.817	83.267	81.387	81.947	
1999-01-16T07:00:00	82.802	83.332	81.102	82.902	82.717	83.247	81.017	82.817	
1999-01-09T07:00:00	79.132	84.302	77.482	82.802	79.047	84.217	77.397	82.717	
1999-01-02T07:00:00	82.732	83.472	79.132	79.132	82.647	83.387	79.047	79.047	
1998-12-26T07:00:00	84.662	85.352	81.772	82.732	84.577	85.267	81.687	82.647	
1998-12-19T07:00:00	86.102	86.552	84.352	84.662	86.017	86.467	84.267	84.577	
1998-12-12T07:00:00	87.872	88.172	85.472	86.102	87.787	88.087	85.387	86.017	
1998-12-05T07:00:00	86.582	88.482	86.022	87.872	86.497	88.397	85.937	87.787	
1998-11-28T07:00:00	87.332	88.872	86.472	86.582	87.247	88.787	86.387	86.497	
1998-11-21T07:00:00	86.632	87.602	85.532	87.332	86.547	87.517	85.447	87.247	
1998-11-14T07:00:00	88.232	88.922	85.782	86.632	88.147	88.837	85.697	86.547	
1998-11-07T07:00:00	86.692	89.372	86.232	88.232	86.607	89.287	86.147	88.147	
1998-10-31T07:00:00	85.522	86.832	84.552	86.692	85.437	86.747	84.467	86.607	
1998-10-24T06:00:00	88.452	88.852	85.522	85.522	88.367	88.767	85.437	85.437	
1998-10-17T06:00:00	87.942	89.122	85.662	88.452	87.857	89.037	85.577	88.367	
1998-10-10T06:00:00	88.602	90.742	86.912	87.942	88.517	90.657	86.827	87.857	
1998-10-03T06:00:00	99.982	100.942	87.742	88.602	99.897	100.857	87.657	88.517	
1998-09-26T06:00:00	97.922	100.382	96.272	99.982	97.837	100.297	96.187	99.897	
1998-09-19T06:00:00	95.692	98.672	95.552	97.922	95.607	98.587	95.467	97.837	
1998-09-12T06:00:00	94.422	97.262	93.982	95.692	94.337	97.177	93.897	95.607	
1998-09-05T06:00:00	94.692	97.372	92.232	94.422	94.607	97.287	92.147	94.337	
1998-08-29T06:00:00	98.442	99.152	93.702	94.692	98.357	99.067	93.617	94.607	
1998-08-22T06:00:00	96.482	98.882	94.832	98.442	96.397	98.797	94.747	98.357	
1998-08-15T06:00:00	97.232	97.532	93.992	96.482	97.147	97.447	93.907	96.397	
1998-08-08T06:00:00	97.922	99.102	96.772	97.232	97.837	99.017	96.687	97.147	
1998-08-01T06:00:00	97.412	97.992	96.272	97.922	97.327	97.907	96.187	97.837	
1998-07-25T06:00:00	94.672	97.412	94.372	97.412	94.587	97.327	94.287	97.327	
1998-07-18T06:00:00	92.812	94.782	92.192	94.672	92.727	94.697	92.107	94.587	
1998-07-11T06:00:00	92.942	93.802	91.852	92.812	92.857	93.717	91.767	92.727	
1998-07-04T06:00:00	91.122	92.942	90.762	92.942	91.037	92.857	90.677	92.857	
1998-06-27T06:00:00	93.582	93.912	90.302	91.122	93.497	93.827	90.217	91.037	
1998-06-20T06:00:00	92.352	94.402	91.662	93.582	92.267	94.317	91.577	93.497	
1998-06-13T06:00:00	96.532	97.492	89.412	92.352	96.447	97.407	89.327	92.267	
1998-06-06T06:00:00	94.832	96.792	94.692	96.532	94.747	96.707	94.607	96.447	
1998-05-30T06:00:00	93.552	95.012	93.022	94.832	93.467	94.927	92.937	94.747	
1998-05-23T06:00:00	93.332	94.662	93.012	93.552	93.247	94.577	92.927	93.467	
