日時	EUR/CAD(始値, 買い)	EUR/CAD(高値, 買い)	EUR/CAD(安値, 買い)	EUR/CAD(終値, 買い)	EUR/CAD(始値, 売り)	EUR/CAD(高値, 売り)	EUR/CAD(安値, 売り)	EUR/CAD(終値, 売り)	
2014-02-01T07:00:00	1.50215	1.50475	1.49088	1.49887	1.50120	1.50392	1.49065	1.49858	
2014-01-25T07:00:00	1.51667	1.53084	1.49688	1.50215	1.51567	1.53060	1.49654	1.50120	
2014-01-18T07:00:00	1.48506	1.52765	1.47887	1.51667	1.48396	1.52743	1.47857	1.51567	
2014-01-11T07:00:00	1.49035	1.49924	1.48234	1.48506	1.48914	1.49901	1.48210	1.48396	
2014-01-04T07:00:00	1.44598	1.49541	1.44112	1.49035	1.44429	1.49516	1.44085	1.48914	
2013-12-28T07:00:00	1.47255	1.47743	1.44218	1.44598	1.47072	1.47722	1.44192	1.44429	
2013-12-21T07:00:00	1.45503	1.48199	1.44969	1.47255	1.45365	1.48169	1.44936	1.47072	
2013-12-14T07:00:00	1.45548	1.47051	1.45344	1.45503	1.45386	1.47020	1.45315	1.45365	
2013-12-07T07:00:00	1.45842	1.46651	1.45342	1.45548	1.45751	1.46630	1.45314	1.45386	
2013-11-30T07:00:00	1.44369	1.46128	1.43855	1.45842	1.44198	1.46108	1.43830	1.45751	
2013-11-23T07:00:00	1.42636	1.44570	1.42301	1.44369	1.42537	1.44544	1.42279	1.44198	
2013-11-16T07:00:00	1.40935	1.42884	1.40182	1.42636	1.40837	1.42859	1.40139	1.42537	
2013-11-09T07:00:00	1.40153	1.41680	1.39918	1.40935	1.40070	1.41657	1.39892	1.40837	
2013-11-02T06:00:00	1.40667	1.41392	1.38881	1.40153	1.40577	1.41375	1.38860	1.40070	
2013-10-26T06:00:00	1.44331	1.44359	1.40556	1.40667	1.44206	1.44296	1.40537	1.40577	
2013-10-19T06:00:00	1.40844	1.44422	1.40605	1.44331	1.40763	1.44399	1.40580	1.44206	
2013-10-12T06:00:00	1.40202	1.41018	1.39445	1.40844	1.40152	1.40992	1.39426	1.40763	
2013-10-05T06:00:00	1.39585	1.41203	1.39613	1.40202	1.39496	1.41127	1.39466	1.40152	
2013-09-28T06:00:00	1.39389	1.40867	1.38964	1.39585	1.39297	1.40842	1.38936	1.39496	
2013-09-21T06:00:00	1.39414	1.39963	1.38368	1.39389	1.39374	1.39940	1.38308	1.39297	
2013-09-14T06:00:00	1.37722	1.39502	1.37155	1.39414	1.37689	1.39478	1.37128	1.39374	
2013-09-07T06:00:00	1.37261	1.37732	1.36729	1.37722	1.37149	1.37706	1.36703	1.37689	
2013-08-31T06:00:00	1.39402	1.39430	1.36498	1.37261	1.39244	1.39365	1.36474	1.37149	
2013-08-24T06:00:00	1.40482	1.40978	1.38798	1.39402	1.40411	1.40919	1.38768	1.39244	
2013-08-17T06:00:00	1.37871	1.41285	1.37538	1.40482	1.37794	1.41262	1.37512	1.40411	
2013-08-10T06:00:00	1.37296	1.38345	1.36666	1.37871	1.37207	1.38320	1.36642	1.37794	
2013-08-03T06:00:00	1.38029	1.39225	1.37113	1.37296	1.37958	1.39201	1.37086	1.37207	
2013-07-27T06:00:00	1.36483	1.38103	1.35946	1.38029	1.36430	1.38073	1.35920	1.37958	
2013-07-20T06:00:00	1.36224	1.36833	1.35740	1.36483	1.36153	1.36794	1.35714	1.36430	
2013-07-13T06:00:00	1.35874	1.37216	1.35512	1.36224	1.35839	1.37154	1.35488	1.36153	
2013-07-06T06:00:00	1.35743	1.37235	1.34321	1.35874	1.35621	1.37133	1.34294	1.35839	
2013-06-29T06:00:00	1.36851	1.37705	1.35180	1.35743	1.36791	1.37685	1.35150	1.35621	
2013-06-22T06:00:00	1.37306	1.38185	1.35894	1.36851	1.37192	1.38158	1.35864	1.36791	
2013-06-15T06:00:00	1.35807	1.38066	1.35287	1.37306	1.35720	1.38042	1.35260	1.37192	
2013-06-08T06:00:00	1.34727	1.36768	1.34374	1.35807	1.34656	1.36738	1.34352	1.35720	
2013-06-01T06:00:00	1.34773	1.36400	1.34276	1.34727	1.34707	1.36372	1.34239	1.34656	
2013-05-25T06:00:00	1.33505	1.35065	1.33357	1.34773	1.33425	1.35039	1.33222	1.34707	
2013-05-18T06:00:00	1.31952	1.34399	1.31808	1.33505	1.31900	1.34378	1.31784	1.33425	
2013-05-11T06:00:00	1.31342	1.32299	1.30689	1.31952	1.31288	1.32275	1.30664	1.31900	
2013-05-04T06:00:00	1.32248	1.32420	1.30806	1.31342	1.32183	1.32398	1.30778	1.31288	
2013-04-27T06:00:00	1.32573	1.33360	1.31449	1.32248	1.32511	1.33336	1.31430	1.32183	
2013-04-20T06:00:00	1.34077	1.34372	1.32310	1.32573	1.34006	1.34346	1.32283	1.32511	
2013-04-13T06:00:00	1.32894	1.35256	1.32804	1.34077	1.32822	1.35233	1.32776	1.34006	
2013-04-06T06:00:00	1.32262	1.33187	1.31908	1.32894	1.32205	1.33169	1.31795	1.32822	
2013-03-30T06:00:00	1.30470	1.33191	1.29551	1.32262	1.30399	1.33167	1.29512	1.32205	
2013-03-23T06:00:00	1.32927	1.33461	1.29677	1.30470	1.32874	1.33436	1.29654	1.30399	
2013-03-16T06:00:00	1.33340	1.33340	1.31772	1.32927	1.33287	1.33287	1.31739	1.32874	
2013-03-09T07:00:00	1.33739	1.34165	1.32465	1.33340	1.33661	1.34142	1.32446	1.33287	
2013-03-02T07:00:00	1.33752	1.35406	1.32804	1.33739	1.33687	1.35381	1.32769	1.33661	
2013-02-23T07:00:00	1.34568	1.36272	1.33435	1.33752	1.34526	1.36253	1.33416	1.33687	
2013-02-16T07:00:00	1.34557	1.36147	1.34089	1.34568	1.34469	1.36124	1.34062	1.34526	
2013-02-09T07:00:00	1.34037	1.35735	1.33313	1.34557	1.33954	1.35709	1.33286	1.34469	
2013-02-02T07:00:00	1.36010	1.36179	1.33411	1.34037	1.35925	1.36125	1.33387	1.33954	
2013-01-26T07:00:00	1.35409	1.37105	1.34984	1.36010	1.35356	1.37081	1.34935	1.35925	
2013-01-19T07:00:00	1.32118	1.36037	1.31721	1.35409	1.32053	1.36013	1.31699	1.35356	
2013-01-12T07:00:00	1.31465	1.32483	1.30677	1.32118	1.31406	1.32454	1.30643	1.32053	
2013-01-05T07:00:00	1.29095	1.31507	1.28574	1.31465	1.29042	1.31470	1.28548	1.31406	
2012-12-29T07:00:00	1.31819	1.31819	1.28480	1.29095	1.31766	1.31766	1.28455	1.29042	
2012-12-22T07:00:00	1.31031	1.31880	1.30623	1.31819	1.30969	1.31850	1.30586	1.31766	
2012-12-15T07:00:00	1.29799	1.31410	1.29416	1.31031	1.29760	1.31383	1.29384	1.30969	
2012-12-08T07:00:00	1.27896	1.29869	1.27174	1.29799	1.27851	1.29845	1.27141	1.29760	
2012-12-01T07:00:00	1.29142	1.30376	1.27257	1.27896	1.29098	1.30354	1.27237	1.27851	
2012-11-24T07:00:00	1.28856	1.29514	1.28208	1.29142	1.28803	1.29491	1.28185	1.29098	
2012-11-17T07:00:00	1.27590	1.29010	1.27228	1.28856	1.27550	1.28988	1.27202	1.28803	
2012-11-10T07:00:00	1.27369	1.28317	1.26743	1.27590	1.27325	1.28293	1.26711	1.27550	
2012-11-03T06:00:00	1.27853	1.27853	1.26496	1.27369	1.27812	1.27812	1.26469	1.27325	
2012-10-27T06:00:00	1.29063	1.30248	1.27412	1.27853	1.29020	1.30223	1.27392	1.27812	
2012-10-20T06:00:00	1.29368	1.30157	1.28053	1.29063	1.29324	1.30126	1.28030	1.29020	
2012-10-13T06:00:00	1.26936	1.29489	1.26483	1.29368	1.26887	1.29465	1.26455	1.29324	
2012-10-06T06:00:00	1.27583	1.27583	1.25773	1.26936	1.27536	1.27536	1.25743	1.26887	
2012-09-29T06:00:00	1.26452	1.28088	1.26051	1.27583	1.26424	1.28065	1.26020	1.27536	
2012-09-22T06:00:00	1.26774	1.26976	1.26116	1.26452	1.26725	1.26954	1.26091	1.26424	
2012-09-15T06:00:00	1.27640	1.28028	1.26372	1.26774	1.27588	1.28005	1.26350	1.26725	
2012-09-08T06:00:00	1.25482	1.27668	1.24209	1.27640	1.25411	1.27630	1.24184	1.27588	
2012-09-01T06:00:00	1.24083	1.25485	1.23545	1.25482	1.23944	1.25442	1.23519	1.25411	
2012-08-25T06:00:00	1.24219	1.24959	1.23595	1.24083	1.24145	1.24922	1.23568	1.23944	
2012-08-18T06:00:00	1.22075	1.25007	1.21622	1.24219	1.21898	1.24985	1.21597	1.24145	
2012-08-11T06:00:00	1.21809	1.22866	1.21305	1.22075	1.21730	1.22840	1.21282	1.21898	
2012-08-04T06:00:00	1.24081	1.24453	1.21747	1.21809	1.23929	1.24425	1.21711	1.21730	
2012-07-28T06:00:00	1.23674	1.24137	1.21984	1.24081	1.23511	1.24090	1.21959	1.23929	
2012-07-21T06:00:00	1.23198	1.24531	1.22838	1.23674	1.23026	1.24504	1.22800	1.23511	
2012-07-14T06:00:00	1.24220	1.25022	1.22922	1.23198	1.24080	1.24993	1.22890	1.23026	
2012-07-07T06:00:00	1.25293	1.25725	1.23793	1.24220	1.25214	1.25699	1.23761	1.24080	
2012-06-30T06:00:00	1.28787	1.28994	1.25033	1.25293	1.28630	1.28905	1.25003	1.25214	
2012-06-23T06:00:00	1.28850	1.29800	1.27477	1.28787	1.28709	1.29760	1.27450	1.28630	
2012-06-16T06:00:00	1.29209	1.30112	1.28603	1.28850	1.29051	1.30053	1.28569	1.28709	
2012-06-09T06:00:00	1.28618	1.29628	1.28078	1.29209	1.28453	1.29554	1.28045	1.29051	
2012-06-02T06:00:00	1.29584	1.30368	1.28365	1.28618	1.29380	1.30333	1.28332	1.28453	
2012-05-26T06:00:00	1.28953	1.29599	1.27313	1.29584	1.28794	1.29444	1.27282	1.29380	
2012-05-19T06:00:00	1.30736	1.30736	1.28635	1.28953	1.30590	1.30626	1.28592	1.28794	
2012-05-12T06:00:00	1.29317	1.30747	1.27867	1.30736	1.29131	1.30635	1.27838	1.30590	
2012-05-05T06:00:00	1.30373	1.30410	1.28828	1.29317	1.30200	1.30384	1.28799	1.29131	
2012-04-28T06:00:00	1.30058	1.31396	1.28915	1.30373	1.29892	1.31367	1.28878	1.30200	
2012-04-21T06:00:00	1.31252	1.31252	1.29641	1.30058	1.31102	1.31212	1.29612	1.29892	
2012-04-14T06:00:00	1.30806	1.31499	1.29323	1.31252	1.30654	1.31460	1.29292	1.31102	
2012-04-07T06:00:00	1.30663	1.31792	1.30034	1.30806	1.30508	1.31762	1.29979	1.30654	
2012-03-31T06:00:00	1.33255	1.33319	1.29461	1.30663	1.33119	1.33295	1.29431	1.30508	
2012-03-24T06:00:00	1.32478	1.33365	1.31818	1.33255	1.32330	1.33331	1.31782	1.33119	
2012-03-17T06:00:00	1.30728	1.32912	1.30346	1.32478	1.30582	1.32896	1.30309	1.32330	
2012-03-10T07:00:00	1.30074	1.30905	1.28952	1.30728	1.29922	1.30886	1.28924	1.30582	
2012-03-03T07:00:00	1.30675	1.32116	1.29576	1.30074	1.30521	1.32078	1.29545	1.29922	
2012-02-25T07:00:00	1.34534	1.34823	1.30292	1.30675	1.34444	1.34795	1.30264	1.30521	
2012-02-18T07:00:00	1.31143	1.34665	1.30896	1.34534	1.30981	1.34638	1.30782	1.34444	
2012-02-11T07:00:00	1.32224	1.32618	1.30223	1.31143	1.32155	1.32579	1.30195	1.30981	
2012-02-04T07:00:00	1.30797	1.32543	1.30002	1.32224	1.30658	1.32515	1.29967	1.32155	
2012-01-28T07:00:00	1.32574	1.32574	1.30297	1.30797	1.32369	1.32396	1.30263	1.30658	
2012-01-21T07:00:00	1.31132	1.32578	1.30558	1.32574	1.30926	1.32513	1.30513	1.32369	
2012-01-14T07:00:00	1.29825	1.31526	1.28788	1.31132	1.29647	1.31487	1.28692	1.30926	
2012-01-07T07:00:00	1.30866	1.31435	1.29096	1.29825	1.30780	1.31400	1.29062	1.29647	
2011-12-31T07:00:00	1.32412	1.32412	1.29921	1.30866	1.32317	1.32317	1.29874	1.30780	
2011-12-24T07:00:00	1.33278	1.33736	1.31577	1.32412	1.33117	1.33640	1.31521	1.32317	
2011-12-17T07:00:00	1.35492	1.35558	1.32794	1.33278	1.35415	1.35530	1.32752	1.33117	
2011-12-10T07:00:00	1.36192	1.36475	1.34283	1.35492	1.36136	1.36375	1.34245	1.35415	
2011-12-03T07:00:00	1.36558	1.37150	1.34808	1.36192	1.36518	1.37123	1.34777	1.36136	
2011-11-26T07:00:00	1.38899	1.39139	1.35863	1.36558	1.38851	1.39030	1.35835	1.36518	
2011-11-19T07:00:00	1.38801	1.40764	1.38513	1.38899	1.38755	1.40740	1.38481	1.38851	
2011-11-12T07:00:00	1.39256	1.39815	1.37606	1.38801	1.39251	1.39783	1.37577	1.38755	
2011-11-05T06:00:00	1.40043	1.40647	1.38139	1.39256	1.40002	1.40583	1.38108	1.39251	
2011-10-29T06:00:00	1.40480	1.41338	1.37857	1.40043	1.40442	1.41239	1.37821	1.40002	
2011-10-22T06:00:00	1.40155	1.41780	1.39146	1.40480	1.40111	1.41744	1.39029	1.40442	
2011-10-15T06:00:00	1.40285	1.40885	1.39247	1.40155	1.40260	1.40852	1.39213	1.40111	
2011-10-08T06:00:00	1.39023	1.40851	1.38744	1.40285	1.38980	1.40811	1.38703	1.40260	
2011-10-01T06:00:00	1.40409	1.41872	1.38279	1.39023	1.40375	1.41168	1.38241	1.38980	
2011-09-24T06:00:00	1.39140	1.41331	1.38256	1.40409	1.39066	1.41297	1.38186	1.40375	
2011-09-17T06:00:00	1.35102	1.39375	1.33989	1.39140	1.34899	1.39319	1.33963	1.39066	
2011-09-10T06:00:00	1.36107	1.37173	1.34684	1.35102	1.36069	1.37135	1.34641	1.34899	
2011-09-03T06:00:00	1.39690	1.41143	1.35925	1.36107	1.39649	1.41045	1.35892	1.36069	
2011-08-27T06:00:00	1.42518	1.42518	1.38858	1.39690	1.42477	1.42477	1.38822	1.39649	
2011-08-20T06:00:00	1.42310	1.43152	1.41235	1.42518	1.42272	1.43118	1.41204	1.42477	
2011-08-13T06:00:00	1.41192	1.42628	1.40855	1.42310	1.41074	1.42597	1.40644	1.42272	
2011-08-06T06:00:00	1.39653	1.42414	1.39653	1.41192	1.39596	1.42379	1.39596	1.41074	
2011-07-30T06:00:00	1.37336	1.40048	1.35509	1.39653	1.37273	1.40011	1.35473	1.39596	
2011-07-23T06:00:00	1.36290	1.37748	1.35103	1.37336	1.36233	1.37711	1.35068	1.37273	
2011-07-16T06:00:00	1.35101	1.36907	1.34107	1.36290	1.35062	1.36861	1.34071	1.36233	
2011-07-09T06:00:00	1.37011	1.37039	1.34703	1.35101	1.36954	1.37001	1.34646	1.35062	
2011-07-02T06:00:00	1.39266	1.39838	1.36466	1.37011	1.39216	1.39789	1.36402	1.36954	
2011-06-25T06:00:00	1.40132	1.41626	1.38997	1.39266	1.40039	1.41594	1.38961	1.39216	
2011-06-18T06:00:00	1.40244	1.40715	1.38444	1.40132	1.40202	1.40671	1.38426	1.40039	
2011-06-11T06:00:00	1.40218	1.41004	1.38268	1.40244	1.40177	1.40982	1.38221	1.40202	
2011-06-04T06:00:00	1.43162	1.43818	1.40138	1.40218	1.43109	1.43798	1.40101	1.40177	
2011-05-28T06:00:00	1.39622	1.43186	1.39090	1.43162	1.39581	1.43153	1.39051	1.43109	
2011-05-21T06:00:00	1.37875	1.39805	1.36798	1.39622	1.37670	1.39763	1.36761	1.39581	
2011-05-14T06:00:00	1.36604	1.38865	1.36412	1.37875	1.36597	1.38836	1.36306	1.37670	
2011-05-07T06:00:00	1.38734	1.39288	1.36376	1.36604	1.38680	1.39251	1.36321	1.36597	
2011-04-30T06:00:00	1.40164	1.43413	1.38687	1.38734	1.40118	1.43383	1.38640	1.38680	
2011-04-23T06:00:00	1.38920	1.41748	1.38529	1.40164	1.38796	1.41722	1.38474	1.40118	
2011-04-16T06:00:00	1.38568	1.39073	1.36607	1.38920	1.38512	1.39001	1.36571	1.38796	
2011-04-09T06:00:00	1.38460	1.39917	1.37820	1.38568	1.38333	1.39891	1.37788	1.38512	
2011-04-02T06:00:00	1.37243	1.38657	1.36607	1.38460	1.37190	1.38585	1.36564	1.38333	
2011-03-26T06:00:00	1.38218	1.38223	1.35925	1.37243	1.38170	1.38187	1.35895	1.37190	
2011-03-19T06:00:00	1.39728	1.39953	1.37703	1.38218	1.39662	1.39794	1.37670	1.38170	
2011-03-12T07:00:00	1.35043	1.39792	1.35043	1.39728	1.35001	1.39740	1.35001	1.39662	
2011-03-05T07:00:00	1.35930	1.36352	1.33923	1.35043	1.35882	1.36256	1.33881	1.35001	
2011-02-26T07:00:00	1.34602	1.36185	1.33907	1.35930	1.34568	1.36137	1.33863	1.35882	
2011-02-19T07:00:00	1.34976	1.37138	1.33376	1.34602	1.34922	1.37111	1.33335	1.34568	
2011-02-12T07:00:00	1.33713	1.35308	1.32606	1.34976	1.33668	1.35271	1.32541	1.34922	
2011-02-05T07:00:00	1.34239	1.36630	1.33474	1.33713	1.34191	1.36595	1.33434	1.33668	
2011-01-29T07:00:00	1.36252	1.37807	1.33559	1.34239	1.36180	1.37770	1.33510	1.34191	
2011-01-22T07:00:00	1.35515	1.37117	1.34958	1.36252	1.35455	1.37071	1.34915	1.36180	
2011-01-15T07:00:00	1.32332	1.35595	1.30939	1.35515	1.32283	1.35539	1.30877	1.35455	
2011-01-08T07:00:00	1.28092	1.33774	1.27788	1.32332	1.28057	1.33723	1.27751	1.32283	
2011-01-01T07:00:00	1.33228	1.33559	1.27984	1.28092	1.33176	1.33527	1.27940	1.28057	
2010-12-25T07:00:00	1.32105	1.33837	1.30923	1.33226	1.32048	1.33748	1.30858	1.33176	
2010-12-18T07:00:00	1.33563	1.34395	1.31839	1.32105	1.33511	1.34359	1.31781	1.32048	
2010-12-11T07:00:00	1.33549	1.35826	1.32628	1.33563	1.33499	1.35762	1.32561	1.33511	
2010-12-04T07:00:00	1.34583	1.34729	1.33058	1.33549	1.34521	1.34664	1.33025	1.33499	
2010-11-27T07:00:00	1.35189	1.35425	1.32096	1.34583	1.35091	1.35315	1.32037	1.34521	
2010-11-20T07:00:00	1.39338	1.39808	1.34346	1.35189	1.39278	1.39670	1.34291	1.35091	
2010-11-13T07:00:00	1.38683	1.40051	1.36835	1.39338	1.38466	1.40005	1.36791	1.39278	
2010-11-06T06:00:00	1.40424	1.40864	1.36651	1.38199	1.40357	1.40802	1.36571	1.38141	
2010-10-30T06:00:00	1.42009	1.43463	1.40327	1.40424	1.41931	1.43310	1.40286	1.40357	
2010-10-23T06:00:00	1.43092	1.43525	1.41278	1.42009	1.43032	1.43467	1.41222	1.41931	
2010-10-16T06:00:00	1.41419	1.43364	1.41144	1.43092	1.41355	1.43323	1.41097	1.43032	
2010-10-09T06:00:00	1.40784	1.42111	1.39499	1.41419	1.40725	1.42045	1.39458	1.41355	
2010-10-02T06:00:00	1.40600	1.42600	1.39687	1.40784	1.40546	1.42235	1.39635	1.40725	
2010-09-25T06:00:00	1.38401	1.41457	1.37685	1.40600	1.38350	1.41427	1.37637	1.40546	
2010-09-18T06:00:00	1.34521	1.38664	1.34237	1.38401	1.34471	1.38630	1.34202	1.38350	
2010-09-11T06:00:00	1.31629	1.35062	1.31295	1.34521	1.31586	1.35033	1.31215	1.34471	
2010-09-04T06:00:00	1.34053	1.34278	1.30728	1.31629	1.34005	1.34058	1.30691	1.31586	
2010-08-28T06:00:00	1.34004	1.35879	1.33201	1.34053	1.33955	1.35846	1.33168	1.34005	
2010-08-21T06:00:00	1.33300	1.35246	1.32720	1.34004	1.33251	1.35211	1.32674	1.33955	
2010-08-14T06:00:00	1.32842	1.34275	1.31581	1.33300	1.32793	1.34242	1.31532	1.33251	
2010-08-07T06:00:00	1.36623	1.36807	1.32295	1.32842	1.36573	1.36765	1.32255	1.32793	
2010-07-31T06:00:00	1.34014	1.36933	1.33163	1.36623	1.33965	1.36893	1.33125	1.36573	
2010-07-24T06:00:00	1.33868	1.35858	1.33416	1.34014	1.33813	1.35824	1.33373	1.33965	
2010-07-17T06:00:00	1.36359	1.36958	1.32688	1.33868	1.36304	1.36919	1.32642	1.33813	
2010-07-10T06:00:00	1.30689	1.36605	1.29548	1.36359	1.30633	1.36566	1.29501	1.36304	
2010-07-03T06:00:00	1.33357	1.33784	1.30156	1.30689	1.33300	1.33755	1.30112	1.30633	
2010-06-26T06:00:00	1.28440	1.34298	1.27028	1.33357	1.28387	1.34260	1.26975	1.33300	
2010-06-19T06:00:00	1.26422	1.29149	1.25232	1.28440	1.26427	1.29116	1.25163	1.28387	
2010-06-12T06:00:00	1.25046	1.27772	1.25017	1.26422	1.25051	1.27777	1.25022	1.26427	
2010-06-05T06:00:00	1.26898	1.27251	1.24487	1.25046	1.26903	1.27256	1.24492	1.25051	
2010-05-29T06:00:00	1.29178	1.29735	1.25363	1.26898	1.29115	1.29676	1.25368	1.26903	
2010-05-22T06:00:00	1.33217	1.33558	1.28853	1.29178	1.33165	1.33453	1.28806	1.29115	
2010-05-15T06:00:00	1.27752	1.34802	1.26515	1.33217	1.27701	1.34719	1.26251	1.33165	
2010-05-08T06:00:00	1.32932	1.33996	1.27329	1.27752	1.32885	1.33936	1.27288	1.27701	
2010-05-01T06:00:00	1.35335	1.35968	1.31327	1.32932	1.35284	1.35737	1.31279	1.32885	
2010-04-24T06:00:00	1.33664	1.35447	1.32581	1.35335	1.33614	1.35401	1.32535	1.35284	
2010-04-17T06:00:00	1.36921	1.37370	1.32412	1.33664	1.36854	1.37326	1.32363	1.33614	
2010-04-10T06:00:00	1.35491	1.37609	1.35223	1.36921	1.35423	1.37552	1.35151	1.36854	
2010-04-03T06:00:00	1.36392	1.36432	1.33454	1.35491	1.36316	1.36370	1.33401	1.35423	
2010-03-27T06:00:00	1.37815	1.38445	1.36102	1.36392	1.37756	1.38273	1.36045	1.36316	
2010-03-20T06:00:00	1.37628	1.38411	1.35747	1.37815	1.37574	1.38359	1.35699	1.37756	
2010-03-13T07:00:00	1.40143	1.40180	1.36329	1.37628	1.40083	1.40118	1.36195	1.37574	
2010-03-06T07:00:00	1.40400	1.41090	1.39052	1.40143	1.40331	1.41055	1.38999	1.40083	
2010-02-27T07:00:00	1.43316	1.43848	1.39201	1.40400	1.43221	1.43581	1.39151	1.40331	
2010-02-20T07:00:00	1.41484	1.44413	1.41173	1.43316	1.41424	1.44371	1.41123	1.43221	
2010-02-13T07:00:00	1.43229	1.43948	1.41029	1.41484	1.43174	1.43879	1.40985	1.41424	
2010-02-06T07:00:00	1.46240	1.47605	1.42596	1.43229	1.46182	1.47556	1.42547	1.43174	
2010-01-30T07:00:00	1.48277	1.49032	1.45936	1.46240	1.48225	1.48981	1.45894	1.46182	
2010-01-23T07:00:00	1.49498	1.50370	1.47703	1.48277	1.49445	1.50328	1.47658	1.48225	
2010-01-16T07:00:00	1.48034	1.49947	1.46818	1.49647	1.47974	1.49872	1.46673	1.49562	
2010-01-09T07:00:00	1.48637	1.50928	1.47226	1.48034	1.48570	1.50870	1.47179	1.47974	
2010-01-02T07:00:00	1.50011	1.50596	1.47388	1.48637	1.49954	1.50450	1.47336	1.48570	
2009-12-26T07:00:00	1.50657	1.51872	1.49306	1.50011	1.50601	1.51746	1.49253	1.49954	
2009-12-19T07:00:00	1.52876	1.53197	1.49779	1.50657	1.52834	1.53146	1.49685	1.50601	
2009-12-12T07:00:00	1.55046	1.56028	1.52347	1.52876	1.54975	1.55981	1.52300	1.52834	
2009-12-05T07:00:00	1.57045	1.57340	1.53988	1.55046	1.56985	1.57302	1.53932	1.54975	
2009-11-28T07:00:00	1.58936	1.59708	1.56125	1.57045	1.58830	1.59483	1.56071	1.56985	
2009-11-21T07:00:00	1.59031	1.60135	1.57577	1.58936	1.58959	1.60090	1.57533	1.58830	
2009-11-14T07:00:00	1.56761	1.59382	1.56129	1.59031	1.56679	1.59322	1.56074	1.58959	
2009-11-07T07:00:00	1.59650	1.59873	1.55997	1.56761	1.59568	1.59790	1.55946	1.56679	
2009-10-31T06:00:00	1.59212	1.60142	1.56451	1.59650	1.59131	1.59966	1.56379	1.59568	
2009-10-24T06:00:00	1.57887	1.59968	1.57343	1.59212	1.57809	1.59933	1.57291	1.59131	
2009-10-17T06:00:00	1.54596	1.58466	1.53698	1.57887	1.54519	1.58401	1.53596	1.57809	
2009-10-10T06:00:00	1.53715	1.55088	1.52345	1.54596	1.53647	1.55034	1.52286	1.54519	
2009-10-03T06:00:00	1.57830	1.58101	1.53231	1.53715	1.57743	1.57949	1.53181	1.53647	
2009-09-26T06:00:00	1.60160	1.61038	1.55638	1.57830	1.60088	1.60902	1.55573	1.57743	
2009-09-19T06:00:00	1.57315	1.60745	1.57077	1.60160	1.57218	1.60671	1.56961	1.60088	
2009-09-12T06:00:00	1.57324	1.59101	1.56260	1.57315	1.57211	1.59049	1.56197	1.57218	
2009-09-05T06:00:00	1.55531	1.58442	1.54064	1.57324	1.55420	1.58413	1.53994	1.57211	
2009-08-29T06:00:00	1.56175	1.58548	1.54961	1.55531	1.56081	1.58485	1.54910	1.55420	
2009-08-22T06:00:00	1.55134	1.56872	1.53681	1.56175	1.55067	1.56830	1.53622	1.56081	
2009-08-15T06:00:00	1.56093	1.57038	1.54364	1.55134	1.56035	1.56986	1.54303	1.55067	
2009-08-08T06:00:00	1.53428	1.56464	1.53164	1.56093	1.53349	1.56448	1.53118	1.56035	
2009-08-01T06:00:00	1.53597	1.55951	1.52570	1.53428	1.53500	1.55911	1.52516	1.53349	
2009-07-25T06:00:00	1.53941	1.54708	1.51888	1.53597	1.53828	1.54621	1.51831	1.53500	
2009-07-18T06:00:00	1.57403	1.57788	1.53428	1.53941	1.57332	1.57710	1.53386	1.53828	
2009-07-11T06:00:00	1.62483	1.62682	1.56935	1.57403	1.62409	1.62624	1.56791	1.57332	
2009-07-04T06:00:00	1.62478	1.63290	1.61353	1.62483	1.62316	1.63231	1.61266	1.62409	
2009-06-27T06:00:00	1.62398	1.63330	1.61768	1.62478	1.62323	1.63271	1.61431	1.62316	
2009-06-20T06:00:00	1.58328	1.62555	1.57867	1.62398	1.58251	1.62501	1.57734	1.62323	
2009-06-13T06:00:00	1.56518	1.58644	1.56025	1.58328	1.56441	1.58593	1.55892	1.58251	
2009-06-06T06:00:00	1.56314	1.57368	1.53653	1.56518	1.56217	1.57321	1.53592	1.56441	
2009-05-30T06:00:00	1.54391	1.57805	1.53492	1.56314	1.54296	1.57701	1.53426	1.56217	
2009-05-23T06:00:00	1.56913	1.57920	1.54029	1.54391	1.56815	1.57867	1.53968	1.54296	
2009-05-16T06:00:00	1.59135	1.59135	1.56703	1.56913	1.59054	1.59054	1.56591	1.56815	
2009-05-09T06:00:00	1.56671	1.60118	1.56378	1.59135	1.56574	1.60056	1.56297	1.59054	
2009-05-02T06:00:00	1.57341	1.57961	1.54704	1.56671	1.57228	1.57841	1.54623	1.56574	
2009-04-25T06:00:00	1.60237	1.60718	1.57064	1.57341	1.60124	1.60504	1.56975	1.57228	
2009-04-18T06:00:00	1.58328	1.62043	1.57858	1.60237	1.58186	1.61966	1.57711	1.60124	
2009-04-11T06:00:00	1.61921	1.63604	1.57858	1.58328	1.61657	1.63515	1.57779	1.58186	
2009-04-04T06:00:00	1.65993	1.67038	1.60384	1.61921	1.65891	1.66860	1.60273	1.61657	
2009-03-28T06:00:00	1.64623	1.68381	1.64033	1.65993	1.64518	1.68311	1.63626	1.65891	
2009-03-21T06:00:00	1.68199	1.69333	1.64334	1.64623	1.68104	1.69096	1.64277	1.64518	
2009-03-14T06:00:00	1.64397	1.69813	1.63901	1.68199	1.64300	1.69703	1.63764	1.68104	
2009-03-07T07:00:00	1.62653	1.65794	1.62302	1.64397	1.62571	1.65621	1.62137	1.64300	
2009-02-28T07:00:00	1.61321	1.63718	1.60274	1.62653	1.61245	1.63677	1.60105	1.62571	
2009-02-21T07:00:00	1.60424	1.61709	1.58034	1.61321	1.60313	1.61537	1.57976	1.61245	
2009-02-14T07:00:00	1.59193	1.61492	1.57698	1.60424	1.59110	1.61395	1.57575	1.60313	
2009-02-07T07:00:00	1.58424	1.62475	1.56878	1.59193	1.58331	1.62400	1.56749	1.59110	
2009-01-31T07:00:00	1.57107	1.61193	1.56518	1.58424	1.56990	1.61118	1.56122	1.58331	
2009-01-24T07:00:00	1.59902	1.63136	1.56826	1.57107	1.59791	1.62819	1.56682	1.56990	
2009-01-17T07:00:00	1.65893	1.66117	1.59308	1.59902	1.65801	1.65849	1.59199	1.59791	
2009-01-10T07:00:00	1.59982	1.66547	1.59427	1.65893	1.59872	1.66437	1.59135	1.65801	
2009-01-03T07:00:00	1.68409	1.69153	1.57592	1.59982	1.68263	1.68972	1.57511	1.59872	
2008-12-27T07:00:00	1.71957	1.75384	1.67599	1.68409	1.71652	1.75071	1.67499	1.68263	
2008-12-20T07:00:00	1.70322	1.72352	1.67586	1.71957	1.70092	1.72116	1.67482	1.71652	
2008-12-13T07:00:00	1.67374	1.75231	1.65238	1.70322	1.67254	1.74965	1.64999	1.70092	
2008-12-06T07:00:00	1.61717	1.67514	1.60522	1.67374	1.61570	1.67346	1.60422	1.67254	
2008-11-29T07:00:00	1.57192	1.64937	1.55613	1.61717	1.56922	1.64814	1.55533	1.61570	
2008-11-22T07:00:00	1.60663	1.62012	1.56605	1.57192	1.60537	1.61915	1.56187	1.56922	
2008-11-15T07:00:00	1.55607	1.62855	1.54207	1.60663	1.55387	1.62170	1.54160	1.60537	
2008-11-08T07:00:00	1.51729	1.56707	1.50095	1.55607	1.50921	1.56562	1.49967	1.55387	
2008-11-01T06:00:00	1.52893	1.55080	1.48288	1.51729	1.52802	1.54712	1.47923	1.50921	
2008-10-25T06:00:00	1.60342	1.64117	1.52367	1.52893	1.60137	1.63632	1.52292	1.52802	
2008-10-18T06:00:00	1.59157	1.63090	1.56747	1.60342	1.59042	1.62992	1.56279	1.60137	
2008-10-11T06:00:00	1.58708	1.61277	1.55209	1.59157	1.58262	1.61172	1.55029	1.59042	
2008-10-04T06:00:00	1.49357	1.61627	1.47257	1.58708	1.49232	1.61312	1.47112	1.58262	
2008-09-27T06:00:00	1.50937	1.51392	1.47459	1.49357	1.50862	1.51262	1.47392	1.49232	
2008-09-20T06:00:00	1.51997	1.53587	1.50787	1.50937	1.51922	1.53502	1.50715	1.50862	
2008-09-13T06:00:00	1.50912	1.54781	1.50267	1.51997	1.50782	1.54692	1.50194	1.51922	
2008-09-06T06:00:00	1.51372	1.52502	1.49267	1.50912	1.51317	1.52418	1.49222	1.50782	
2008-08-30T06:00:00	1.55852	1.56527	1.51116	1.51372	1.55732	1.56479	1.51041	1.51317	
2008-08-23T06:00:00	1.54933	1.56106	1.52647	1.55852	1.54878	1.56062	1.52602	1.55732	
2008-08-16T06:00:00	1.55432	1.57205	1.54449	1.54933	1.55317	1.57162	1.54394	1.54878	
2008-08-09T06:00:00	1.60342	1.60602	1.55338	1.55432	1.60267	1.60433	1.55283	1.55317	
2008-08-02T06:00:00	1.59652	1.62279	1.59652	1.60342	1.59592	1.62224	1.59592	1.60267	
2008-07-26T06:00:00	1.60122	1.61460	1.59138	1.59652	1.60067	1.61405	1.59083	1.59592	
2008-07-19T06:00:00	1.59317	1.60219	1.58046	1.60122	1.59252	1.60167	1.57992	1.60067	
2008-07-12T06:00:00	1.60769	1.61047	1.58319	1.59317	1.60707	1.60912	1.58254	1.59252	
2008-07-05T06:00:00	1.60197	1.61053	1.58685	1.60769	1.60062	1.61002	1.58637	1.60707	
2008-06-28T06:00:00	1.59637	1.61875	1.59059	1.60197	1.59552	1.61821	1.59009	1.60062	
2008-06-21T06:00:00	1.58950	1.59889	1.57238	1.59637	1.58902	1.59834	1.57184	1.59552	
2008-06-14T06:00:00	1.58132	1.59383	1.56690	1.58950	1.58082	1.59331	1.56640	1.58902	
2008-06-07T06:00:00	1.60797	1.61528	1.56918	1.58132	1.60712	1.61473	1.56869	1.58082	
2008-05-31T06:00:00	1.54607	1.60857	1.54322	1.60797	1.54492	1.60792	1.54252	1.60712	
2008-05-24T06:00:00	1.55965	1.56697	1.52837	1.54607	1.55892	1.56611	1.52790	1.54492	
2008-05-17T06:00:00	1.55937	1.56134	1.53637	1.55965	1.55872	1.56079	1.53582	1.55892	
2008-05-10T06:00:00	1.55707	1.56707	1.53948	1.55937	1.55632	1.56642	1.53902	1.55872	
2008-05-03T06:00:00	1.57147	1.57827	1.54004	1.55707	1.57082	1.57752	1.53952	1.55632	
2008-04-26T06:00:00	1.58517	1.59323	1.56236	1.57147	1.58432	1.59282	1.56182	1.57082	
2008-04-19T06:00:00	1.58917	1.62727	1.58260	1.58517	1.58852	1.62682	1.58212	1.58432	
2008-04-12T06:00:00	1.62017	1.62608	1.58000	1.58917	1.61942	1.62553	1.57952	1.58852	
2008-04-05T06:00:00	1.58807	1.62177	1.57186	1.62017	1.58732	1.62102	1.57082	1.61942	
2008-03-29T06:00:00	1.61467	1.63278	1.57087	1.58807	1.61392	1.63240	1.57012	1.58732	
2008-03-22T06:00:00	1.58147	1.61927	1.56221	1.61467	1.57992	1.61872	1.56146	1.61392	
2008-03-15T06:00:00	1.54577	1.59417	1.54577	1.58147	1.54482	1.59352	1.54482	1.57992	
2008-03-08T07:00:00	1.51897	1.55297	1.51537	1.54577	1.51828	1.55182	1.51472	1.54482	
2008-03-01T07:00:00	1.49467	1.52379	1.49336	1.51897	1.49392	1.52322	1.49281	1.51828	
2008-02-23T07:00:00	1.50151	1.50387	1.46484	1.49467	1.50082	1.50262	1.46429	1.49392	
2008-02-16T07:00:00	1.47917	1.50797	1.47102	1.50151	1.47842	1.50721	1.47032	1.50082	
2008-02-09T07:00:00	1.45131	1.48287	1.44736	1.47917	1.45062	1.48220	1.44681	1.47842	
2008-02-02T07:00:00	1.47117	1.48427	1.44131	1.45131	1.47042	1.48382	1.44082	1.45062	
2008-01-26T07:00:00	1.47784	1.49633	1.46758	1.47117	1.47722	1.49582	1.46701	1.47042	
2008-01-19T07:00:00	1.50197	1.50897	1.47362	1.47784	1.50132	1.50783	1.47282	1.47722	
2008-01-12T07:00:00	1.50717	1.52027	1.48842	1.50197	1.50643	1.51982	1.48787	1.50132	
2008-01-05T07:00:00	1.47770	1.51152	1.46708	1.50717	1.47695	1.51097	1.46653	1.50643	
2007-12-29T07:00:00	1.44317	1.48317	1.43877	1.47770	1.44232	1.48247	1.43772	1.47695	
2007-12-22T07:00:00	1.42563	1.44517	1.41943	1.44317	1.42478	1.44432	1.41832	1.44232	
2007-12-15T07:00:00	1.46707	1.47173	1.42337	1.42563	1.46615	1.47118	1.42255	1.42478	
2007-12-08T07:00:00	1.47357	1.49586	1.46220	1.46707	1.47262	1.49532	1.46155	1.46615	
2007-12-01T07:00:00	1.46302	1.50349	1.46210	1.47357	1.46262	1.50294	1.46102	1.47262	
2007-11-24T07:00:00	1.46837	1.48512	1.45083	1.46302	1.46752	1.48472	1.45032	1.46262	
2007-11-17T07:00:00	1.42671	1.47167	1.42035	1.46837	1.42602	1.47112	1.41982	1.46752	
2007-11-10T07:00:00	1.38333	1.44577	1.38215	1.42671	1.38272	1.44512	1.38142	1.42602	
2007-11-03T06:00:00	1.35616	1.38528	1.32928	1.38333	1.35552	1.38473	1.32873	1.38272	
2007-10-27T06:00:00	1.38497	1.38847	1.35008	1.35616	1.38427	1.38712	1.34972	1.35552	
2007-10-20T06:00:00	1.38107	1.39524	1.37257	1.38497	1.38032	1.39472	1.37142	1.38427	
2007-10-13T06:00:00	1.38007	1.39786	1.37342	1.38107	1.37952	1.39731	1.37287	1.38032	
2007-10-06T06:00:00	1.38817	1.39320	1.37816	1.38007	1.38762	1.39265	1.37761	1.37952	
2007-09-29T06:00:00	1.41883	1.41997	1.38454	1.38817	1.41812	1.41918	1.38399	1.38762	
2007-09-22T06:00:00	1.41052	1.42667	1.40612	1.41883	1.40982	1.42602	1.40542	1.41812	
2007-09-15T06:00:00	1.43039	1.43077	1.40168	1.41052	1.42982	1.42982	1.40103	1.40982	
2007-09-08T06:00:00	1.45217	1.46037	1.42506	1.43039	1.45142	1.45962	1.42452	1.42982	
2007-09-01T06:00:00	1.43907	1.45587	1.42687	1.45217	1.43832	1.45542	1.42602	1.45142	
2007-08-25T06:00:00	1.43847	1.45397	1.43087	1.43907	1.43772	1.45352	1.43032	1.43832	
2007-08-18T06:00:00	1.43227	1.44087	1.42027	1.43847	1.43122	1.44032	1.41952	1.43772	
2007-08-11T06:00:00	1.44327	1.45607	1.42577	1.43227	1.44242	1.45512	1.42442	1.43122	
2007-08-04T06:00:00	1.45427	1.46347	1.43957	1.44327	1.45342	1.46272	1.43902	1.44242	
2007-07-28T06:00:00	1.44837	1.46487	1.43697	1.45427	1.44762	1.46432	1.43652	1.45342	
2007-07-21T06:00:00	1.45007	1.45687	1.42497	1.44837	1.44932	1.45632	1.42442	1.44762	
2007-07-14T06:00:00	1.44597	1.45097	1.43577	1.45007	1.44532	1.45032	1.43522	1.44932	
2007-07-07T06:00:00	1.42967	1.45977	1.42387	1.44597	1.42892	1.45922	1.42332	1.44532	
2007-06-30T06:00:00	1.44087	1.44727	1.42677	1.42967	1.44002	1.44642	1.42592	1.42892	
2007-06-23T06:00:00	1.44107	1.44507	1.41327	1.44087	1.44022	1.44422	1.41242	1.44002	
2007-06-16T06:00:00	1.42967	1.44357	1.42507	1.44107	1.42882	1.44272	1.42422	1.44022	
2007-06-09T06:00:00	1.41767	1.43037	1.41417	1.42967	1.41682	1.42952	1.41332	1.42882	
2007-06-02T06:00:00	1.42737	1.43927	1.41577	1.41767	1.42652	1.43842	1.41492	1.41682	
2007-05-26T06:00:00	1.45197	1.46337	1.42487	1.42737	1.45112	1.46252	1.42402	1.42652	
2007-05-19T06:00:00	1.47257	1.47417	1.45067	1.45197	1.47172	1.47332	1.44982	1.45112	
2007-05-12T06:00:00	1.50597	1.50707	1.47007	1.47257	1.50512	1.50622	1.46922	1.47172	
2007-05-05T06:00:00	1.50587	1.50867	1.49357	1.50597	1.50502	1.50782	1.49272	1.50512	
2007-04-28T06:00:00	1.52367	1.52477	1.49627	1.50587	1.52282	1.52392	1.49542	1.50502	
2007-04-21T06:00:00	1.52687	1.53357	1.51877	1.52367	1.52602	1.53272	1.51792	1.52282	
2007-04-14T06:00:00	1.53887	1.54367	1.52567	1.52687	1.53802	1.54282	1.52482	1.52602	
2007-04-07T06:00:00	1.54047	1.54727	1.52767	1.53887	1.53952	1.54642	1.52682	1.53802	
2007-03-31T06:00:00	1.54267	1.55107	1.53727	1.54047	1.54172	1.55012	1.53632	1.53952	
2007-03-24T06:00:00	1.54267	1.55187	1.53137	1.54267	1.54172	1.55092	1.53042	1.54172	
2007-03-17T06:00:00	1.56517	1.56927	1.53977	1.54267	1.56422	1.56832	1.53882	1.54172	
2007-03-10T07:00:00	1.53777	1.56717	1.53637	1.56517	1.53682	1.56622	1.53542	1.56422	
2007-03-03T07:00:00	1.55347	1.55477	1.53477	1.53777	1.55252	1.55382	1.53382	1.53682	
2007-02-24T07:00:00	1.52657	1.55427	1.52327	1.55347	1.52562	1.55332	1.52232	1.55252	
2007-02-17T07:00:00	1.52877	1.54127	1.51777	1.52657	1.52782	1.54032	1.51682	1.52562	
2007-02-10T07:00:00	1.52537	1.53417	1.51727	1.52877	1.52442	1.53322	1.51632	1.52782	
2007-02-03T07:00:00	1.53717	1.54797	1.52387	1.52537	1.53622	1.54702	1.52292	1.52442	
2007-01-27T07:00:00	1.52317	1.54547	1.52277	1.53717	1.52322	1.54452	1.52182	1.53622	
2007-01-20T07:00:00	1.51847	1.54317	1.51827	1.52317	1.51852	1.54322	1.51832	1.52322	
2007-01-13T07:00:00	1.50897	1.52707	1.50777	1.51847	1.50902	1.52712	1.50782	1.51852	
2007-01-06T07:00:00	1.52387	1.53517	1.50877	1.50897	1.52392	1.53522	1.50882	1.50902	
2006-12-30T07:00:00	1.53987	1.55027	1.52387	1.52387	1.53892	1.55032	1.52392	1.52392	
2006-12-23T07:00:00	1.52047	1.54057	1.51917	1.53987	1.51952	1.53962	1.51822	1.53892	
2006-12-16T07:00:00	1.51467	1.52707	1.51017	1.52047	1.51372	1.52612	1.50922	1.51952	
2006-12-09T07:00:00	1.51757	1.53247	1.51027	1.51467	1.51662	1.53152	1.50932	1.51372	
2006-12-02T07:00:00	1.52717	1.53477	1.51527	1.51757	1.52622	1.53382	1.51432	1.51662	
2006-11-25T07:00:00	1.48747	1.52827	1.48397	1.52717	1.48652	1.52732	1.48302	1.52622	
2006-11-18T07:00:00	1.47097	1.48997	1.46737	1.48747	1.47002	1.48902	1.46642	1.48652	
2006-11-11T07:00:00	1.45397	1.47137	1.45277	1.47097	1.45302	1.47042	1.45182	1.47002	
2006-11-04T07:00:00	1.43647	1.45717	1.43587	1.45397	1.43552	1.45622	1.43492	1.45302	
2006-10-28T06:00:00	1.42537	1.45337	1.42287	1.43647	1.42442	1.45242	1.42192	1.43552	
2006-10-21T06:00:00	1.41997	1.43247	1.41317	1.42537	1.41902	1.43152	1.41222	1.42442	
2006-10-14T06:00:00	1.42317	1.43297	1.41527	1.41997	1.42222	1.43202	1.41432	1.41902	
2006-10-07T06:00:00	1.41757	1.42837	1.41327	1.42317	1.41762	1.42742	1.41232	1.42222	
2006-09-30T06:00:00	1.41717	1.43437	1.41567	1.41757	1.41622	1.43342	1.41472	1.41762	
2006-09-23T06:00:00	1.42947	1.43287	1.40857	1.41717	1.42852	1.43192	1.40762	1.41622	
2006-09-16T06:00:00	1.41677	1.43557	1.41387	1.42947	1.41582	1.43462	1.41292	1.42852	
2006-09-09T06:00:00	1.42057	1.42737	1.41347	1.41677	1.41962	1.42642	1.41252	1.41582	
2006-09-02T06:00:00	1.41867	1.42827	1.40657	1.42057	1.41772	1.42732	1.40562	1.41962	
2006-08-26T06:00:00	1.41577	1.42847	1.41097	1.41867	1.41482	1.42752	1.41002	1.41772	
2006-08-19T06:00:00	1.44407	1.44827	1.41047	1.41577	1.44312	1.44732	1.40952	1.41482	
2006-08-12T06:00:00	1.42997	1.44507	1.42847	1.44407	1.43002	1.44412	1.42752	1.44312	
2006-08-05T06:00:00	1.45217	1.45257	1.42417	1.42997	1.45222	1.45262	1.42422	1.43002	
2006-07-29T06:00:00	1.44267	1.45867	1.43217	1.45217	1.44272	1.45872	1.43222	1.45222	
2006-07-22T06:00:00	1.44487	1.44807	1.42957	1.44267	1.44492	1.44712	1.42862	1.44272	
2006-07-15T06:00:00	1.42677	1.44527	1.41377	1.44487	1.42682	1.44532	1.41332	1.44492	
2006-07-08T06:00:00	1.42747	1.44717	1.42347	1.42677	1.42752	1.44722	1.42352	1.42682	
2006-07-01T06:00:00	1.42687	1.43127	1.41057	1.42747	1.42692	1.43032	1.40962	1.42752	
2006-06-24T06:00:00	1.40507	1.42867	1.39467	1.42687	1.40512	1.42872	1.39472	1.42692	
2006-06-17T06:00:00	1.41807	1.41977	1.39607	1.40507	1.41812	1.41982	1.39612	1.40512	
2006-06-10T06:00:00	1.39777	1.42047	1.37947	1.41807	1.39682	1.42052	1.37952	1.41812	
2006-06-03T06:00:00	1.42317	1.43307	1.39697	1.39777	1.42222	1.43212	1.39602	1.39682	
2006-05-27T06:00:00	1.40927	1.42567	1.40527	1.42317	1.40832	1.42472	1.40432	1.42222	
2006-05-20T06:00:00	1.43207	1.44647	1.40737	1.40927	1.43112	1.44552	1.40642	1.40832	
2006-05-13T06:00:00	1.43467	1.44267	1.41387	1.43207	1.43372	1.44172	1.41292	1.43112	
2006-05-06T06:00:00	1.40957	1.43517	1.39997	1.43467	1.40862	1.43422	1.39902	1.43372	
2006-04-29T06:00:00	1.41097	1.41627	1.39197	1.40957	1.41002	1.41532	1.39102	1.40862	
2006-04-22T06:00:00	1.40507	1.41717	1.39957	1.41097	1.40412	1.41622	1.39862	1.41002	
2006-04-15T06:00:00	1.39447	1.41207	1.39447	1.40507	1.39352	1.41112	1.39352	1.40412	
2006-04-08T06:00:00	1.39047	1.39737	1.38457	1.39447	1.38952	1.39642	1.38362	1.39352	
2006-04-01T07:00:00	1.41557	1.43717	1.38787	1.39047	1.41462	1.43622	1.38692	1.38952	
2006-03-25T07:00:00	1.40727	1.41767	1.40117	1.41557	1.40632	1.41672	1.40022	1.41462	
2006-03-18T07:00:00	1.41237	1.42327	1.39367	1.40727	1.41242	1.42232	1.39272	1.40632	
2006-03-11T07:00:00	1.38337	1.41427	1.38027	1.41237	1.38342	1.41432	1.38032	1.41242	
2006-03-04T07:00:00	1.36677	1.38697	1.36057	1.38337	1.36582	1.38702	1.35962	1.38342	
2006-02-25T07:00:00	1.36287	1.36817	1.35027	1.36677	1.36292	1.36722	1.34932	1.36582	
2006-02-18T07:00:00	1.37427	1.37857	1.36177	1.36287	1.37332	1.37762	1.36182	1.36292	
2006-02-11T07:00:00	1.37267	1.38057	1.36897	1.37427	1.37172	1.37962	1.36802	1.37332	
2006-02-04T07:00:00	1.37697	1.38467	1.36847	1.37267	1.37602	1.38372	1.36752	1.37172	
2006-01-28T07:00:00	1.39157	1.39387	1.37457	1.37697	1.39062	1.39292	1.37362	1.37602	
2006-01-21T07:00:00	1.39967	1.42267	1.38827	1.39157	1.39872	1.42172	1.38732	1.39062	
2006-01-14T07:00:00	1.40867	1.42587	1.39367	1.39967	1.40772	1.42492	1.39272	1.39872	
2006-01-07T07:00:00	1.41677	1.41957	1.39627	1.40867	1.41582	1.41862	1.39532	1.40772	
2005-12-31T07:00:00	1.37667	1.42177	1.37607	1.41677	1.37572	1.42082	1.37512	1.41582	
2005-12-24T07:00:00	1.38557	1.39727	1.37187	1.37667	1.38462	1.39632	1.37092	1.37572	
2005-12-17T07:00:00	1.39327	1.40577	1.37847	1.38557	1.39232	1.40482	1.37752	1.38462	
2005-12-10T07:00:00	1.36777	1.39327	1.36327	1.39327	1.36682	1.39232	1.36232	1.39232	
2005-12-03T07:00:00	1.36147	1.37387	1.35537	1.36777	1.36052	1.37292	1.35442	1.36682	
2005-11-26T07:00:00	1.37147	1.38827	1.35797	1.36147	1.37052	1.38732	1.35702	1.36052	
2005-11-19T07:00:00	1.39977	1.40737	1.36827	1.37147	1.39982	1.40642	1.36732	1.37052	
2005-11-12T07:00:00	1.39587	1.40317	1.38637	1.39977	1.39492	1.40322	1.38642	1.39982	
2005-11-05T07:00:00	1.40007	1.40607	1.38917	1.39587	1.39912	1.40512	1.38822	1.39492	
2005-10-29T06:00:00	1.42197	1.42627	1.39017	1.40007	1.42102	1.42532	1.38922	1.39912	
2005-10-22T06:00:00	1.42047	1.42867	1.40957	1.42197	1.41952	1.42772	1.40862	1.42102	
2005-10-15T06:00:00	1.43287	1.43617	1.40177	1.42047	1.43192	1.43522	1.40082	1.41952	
2005-10-08T06:00:00	1.42557	1.43587	1.40287	1.43287	1.42462	1.43492	1.40192	1.43192	
2005-10-01T06:00:00	1.39747	1.44117	1.38567	1.42557	1.39652	1.44022	1.38472	1.42462	
2005-09-24T06:00:00	1.41157	1.42137	1.39497	1.39747	1.41062	1.42042	1.39402	1.39652	
2005-09-17T06:00:00	1.44237	1.44237	1.40957	1.41157	1.44142	1.44142	1.40862	1.41062	
2005-09-10T06:00:00	1.46187	1.46527	1.44177	1.44237	1.46092	1.46432	1.44082	1.44142	
2005-09-03T06:00:00	1.49007	1.49497	1.45777	1.46187	1.48912	1.49402	1.45682	1.46092	
2005-08-27T06:00:00	1.47307	1.49237	1.45227	1.49007	1.47212	1.49142	1.45132	1.48912	
2005-08-20T06:00:00	1.47427	1.47927	1.45847	1.47307	1.47332	1.47832	1.45752	1.47212	
2005-08-13T06:00:00	1.48927	1.49317	1.47317	1.47427	1.48832	1.49222	1.47222	1.47332	
2005-08-06T06:00:00	1.50297	1.50977	1.48297	1.48927	1.50202	1.50882	1.48202	1.48832	
2005-07-30T06:00:00	1.48457	1.51457	1.47537	1.50297	1.48362	1.51362	1.47442	1.50202	
2005-07-23T06:00:00	1.47047	1.49957	1.46497	1.48457	1.46952	1.49862	1.46402	1.48362	
2005-07-16T06:00:00	1.47057	1.48997	1.46027	1.47047	1.46962	1.48902	1.45932	1.46952	
2005-07-09T06:00:00	1.45847	1.47987	1.45197	1.47057	1.45752	1.47892	1.45102	1.46962	
2005-07-02T06:00:00	1.48397	1.48957	1.45387	1.45847	1.48302	1.48862	1.45292	1.45752	
2005-06-25T06:00:00	1.49207	1.50797	1.47807	1.48397	1.49112	1.50702	1.47712	1.48302	
2005-06-18T06:00:00	1.50947	1.50997	1.47727	1.49207	1.50852	1.50902	1.47632	1.49112	
2005-06-11T06:00:00	1.51507	1.52637	1.49337	1.50947	1.51412	1.52542	1.49242	1.50852	
2005-06-04T06:00:00	1.52527	1.54007	1.51207	1.51507	1.52432	1.53912	1.51112	1.51412	
2005-05-28T06:00:00	1.57817	1.57897	1.51887	1.52527	1.57722	1.57802	1.51792	1.52432	
2005-05-21T06:00:00	1.59097	1.59617	1.57537	1.57817	1.59002	1.59522	1.57442	1.57722	
2005-05-14T06:00:00	1.59767	1.60867	1.58467	1.59097	1.59672	1.60772	1.58372	1.59002	
2005-05-07T06:00:00	1.59297	1.60437	1.58297	1.59767	1.59202	1.60342	1.58202	1.59672	
2005-04-30T06:00:00	1.61977	1.62417	1.58977	1.59297	1.61882	1.62322	1.58882	1.59202	
2005-04-23T06:00:00	1.61387	1.62597	1.60467	1.61977	1.61292	1.62502	1.60372	1.61882	
2005-04-16T06:00:00	1.61097	1.62867	1.60607	1.61387	1.61002	1.62772	1.60512	1.61292	
2005-04-09T06:00:00	1.58807	1.61127	1.58497	1.61097	1.58712	1.61032	1.58402	1.61002	
2005-04-02T07:00:00	1.56887	1.58857	1.56547	1.58807	1.56792	1.58762	1.56452	1.58712	
2005-03-26T07:00:00	1.57927	1.57997	1.56297	1.56887	1.57832	1.57902	1.56202	1.56792	
2005-03-19T07:00:00	1.60117	1.60427	1.57087	1.57927	1.60022	1.60332	1.56992	1.57832	
2005-03-12T07:00:00	1.62187	1.62447	1.59817	1.60117	1.62092	1.62352	1.59722	1.60022	
2005-03-05T07:00:00	1.62977	1.63347	1.60967	1.62187	1.62882	1.63252	1.60872	1.62092	
2005-02-26T07:00:00	1.64177	1.64247	1.62567	1.62977	1.64082	1.64152	1.62472	1.62882	
2005-02-19T07:00:00	1.60957	1.65517	1.60397	1.64177	1.60862	1.65422	1.60302	1.64082	
2005-02-12T07:00:00	1.59157	1.61727	1.59057	1.60957	1.59062	1.61632	1.58962	1.60862	
2005-02-05T07:00:00	1.60777	1.61367	1.59047	1.59157	1.60682	1.61272	1.58952	1.59062	
2005-01-29T07:00:00	1.61937	1.62057	1.60627	1.60777	1.61842	1.61962	1.60532	1.60682	
2005-01-22T07:00:00	1.59367	1.62257	1.58927	1.61937	1.59272	1.62162	1.58832	1.61842	
2005-01-15T07:00:00	1.59337	1.60207	1.58757	1.59367	1.59242	1.60112	1.58662	1.59272	
2005-01-08T07:00:00	1.60737	1.61167	1.58387	1.59337	1.60642	1.61072	1.58292	1.59242	
2005-01-01T07:00:00	1.62927	1.63577	1.60717	1.60737	1.62832	1.63482	1.60622	1.60642	
2004-12-25T07:00:00	1.66577	1.66757	1.62437	1.62927	1.66482	1.66662	1.62342	1.62832	
2004-12-18T07:00:00	1.63067	1.67117	1.63067	1.66577	1.62972	1.67022	1.62972	1.66482	
2004-12-11T07:00:00	1.62117	1.65347	1.61687	1.63067	1.62022	1.65252	1.61592	1.62972	
2004-12-04T07:00:00	1.60457	1.63237	1.60077	1.62117	1.60362	1.63142	1.59982	1.62022	
2004-11-27T07:00:00	1.56367	1.60987	1.56167	1.60457	1.56272	1.60892	1.56072	1.60362	
2004-11-20T07:00:00	1.55457	1.56737	1.54297	1.56367	1.55362	1.56642	1.54202	1.56272	
2004-11-13T07:00:00	1.54837	1.57117	1.54627	1.55457	1.54742	1.57022	1.54532	1.55362	
2004-11-06T07:00:00	1.55367	1.55527	1.53877	1.54837	1.55272	1.55432	1.53782	1.54742	
2004-10-30T06:00:00	1.55917	1.56367	1.54277	1.55367	1.55822	1.56272	1.54182	1.55272	
2004-10-23T06:00:00	1.56367	1.56907	1.55057	1.55917	1.56272	1.56812	1.54962	1.55822	
2004-10-16T06:00:00	1.56287	1.57897	1.55887	1.56367	1.56192	1.57802	1.55792	1.56272	
2004-10-09T06:00:00	1.55397	1.56987	1.54687	1.56287	1.55302	1.56892	1.54592	1.56192	
2004-10-02T06:00:00	1.56697	1.56767	1.54177	1.55397	1.56602	1.56672	1.54082	1.55302	
2004-09-25T06:00:00	1.56377	1.58027	1.56247	1.56697	1.56282	1.57932	1.56152	1.56602	
2004-09-18T06:00:00	1.58097	1.58947	1.56147	1.56377	1.58002	1.58852	1.56052	1.56282	
2004-09-11T06:00:00	1.58417	1.59867	1.56727	1.58097	1.58322	1.59772	1.56632	1.58002	
2004-09-04T06:00:00	1.56827	1.58727	1.55327	1.58417	1.56732	1.58632	1.55232	1.58322	
2004-08-28T06:00:00	1.57847	1.60797	1.56557	1.56827	1.57752	1.60702	1.56462	1.56732	
2004-08-21T06:00:00	1.59927	1.60257	1.57357	1.57847	1.59832	1.60162	1.57262	1.57752	
2004-08-14T06:00:00	1.61957	1.62447	1.59477	1.59927	1.61862	1.62352	1.59382	1.59832	
2004-08-07T06:00:00	1.61227	1.63397	1.60907	1.61957	1.61232	1.63302	1.60812	1.61862	
2004-07-31T06:00:00	1.59927	1.61357	1.57877	1.61227	1.59832	1.61262	1.57782	1.61232	
2004-07-24T06:00:00	1.59917	1.62587	1.59127	1.59927	1.59822	1.62492	1.59032	1.59832	
2004-07-17T06:00:00	1.63077	1.63177	1.59717	1.59917	1.62982	1.63082	1.59622	1.59822	
2004-07-10T06:00:00	1.63677	1.64107	1.62237	1.63077	1.63582	1.64012	1.62142	1.62982	
2004-07-03T06:00:00	1.63227	1.64037	1.62247	1.63677	1.63132	1.63942	1.62152	1.63582	
2004-06-26T06:00:00	1.64247	1.64707	1.61437	1.63227	1.64152	1.64612	1.61342	1.63132	
2004-06-19T06:00:00	1.65557	1.65647	1.63037	1.64247	1.65462	1.65552	1.62942	1.64152	
2004-06-12T06:00:00	1.64047	1.66797	1.63377	1.65557	1.63952	1.66702	1.63282	1.65462	
2004-06-05T06:00:00	1.66077	1.66667	1.63257	1.64047	1.65982	1.66572	1.63162	1.63952	
2004-05-29T06:00:00	1.66417	1.67897	1.65037	1.66077	1.66322	1.67802	1.64942	1.65982	
2004-05-22T06:00:00	1.64647	1.67127	1.63487	1.66417	1.64652	1.67032	1.63392	1.66322	
2004-05-15T06:00:00	1.65227	1.68147	1.62977	1.64647	1.65132	1.68052	1.62882	1.64652	
2004-05-08T06:00:00	1.64467	1.65857	1.63817	1.65227	1.64372	1.65762	1.63722	1.65132	
2004-05-01T06:00:00	1.64427	1.67607	1.63677	1.64467	1.64332	1.67512	1.63582	1.64372	
2004-04-24T06:00:00	1.61017	1.65227	1.59857	1.64427	1.61022	1.65132	1.59762	1.64332	
2004-04-17T06:00:00	1.61337	1.62447	1.60147	1.61017	1.61342	1.62352	1.60052	1.61022	
2004-04-10T06:00:00	1.60687	1.61907	1.58727	1.61337	1.60692	1.61912	1.58732	1.61342	
2004-04-03T07:00:00	1.59467	1.60857	1.57197	1.60687	1.59472	1.60862	1.57202	1.60692	
2004-03-27T07:00:00	1.59807	1.62907	1.58587	1.59467	1.59812	1.62912	1.58592	1.59472	
2004-03-20T07:00:00	1.63717	1.64657	1.59367	1.59807	1.63722	1.64662	1.59372	1.59812	
2004-03-13T07:00:00	1.63157	1.65127	1.62507	1.63717	1.63162	1.65132	1.62512	1.63722	
2004-03-06T07:00:00	1.63517	1.64487	1.61367	1.63157	1.63522	1.64492	1.61372	1.63162	
2004-02-28T07:00:00	1.66797	1.67347	1.62097	1.63517	1.66802	1.67352	1.62102	1.63522	
2004-02-21T07:00:00	1.67407	1.68817	1.66127	1.66797	1.67412	1.68822	1.66132	1.66802	
2004-02-14T07:00:00	1.67647	1.69717	1.67087	1.67407	1.67652	1.69722	1.67092	1.67412	
2004-02-07T07:00:00	1.68507	1.69487	1.66927	1.67647	1.68512	1.69492	1.66932	1.67652	
2004-01-31T07:00:00	1.65197	1.68957	1.64907	1.68507	1.65202	1.68962	1.64912	1.68512	
2004-01-24T07:00:00	1.65207	1.66947	1.63147	1.65197	1.65212	1.66952	1.63152	1.65202	
2004-01-17T07:00:00	1.60817	1.67017	1.60517	1.65207	1.60822	1.67022	1.60522	1.65212	
2004-01-10T07:00:00	1.63187	1.63907	1.60567	1.60817	1.63192	1.63912	1.60572	1.60822	
2004-01-03T07:00:00	1.62187	1.64197	1.61737	1.63187	1.62192	1.64202	1.61742	1.63192	
2003-12-27T07:00:00	1.62337	1.63997	1.61657	1.62187	1.62342	1.64002	1.61662	1.62192	
2003-12-20T07:00:00	1.65467	1.66337	1.62207	1.62337	1.65472	1.66342	1.62212	1.62342	
2003-12-13T07:00:00	1.61837	1.66177	1.59847	1.65467	1.61842	1.66182	1.59852	1.65472	
2003-12-06T07:00:00	1.58727	1.62077	1.58237	1.61837	1.58732	1.62082	1.58242	1.61842	
2003-11-29T07:00:00	1.55677	1.59117	1.55287	1.58727	1.55682	1.59122	1.55292	1.58732	
2003-11-22T07:00:00	1.55137	1.56177	1.53837	1.55677	1.55142	1.56182	1.53842	1.55682	
2003-11-15T07:00:00	1.53367	1.55897	1.53367	1.55137	1.53372	1.55902	1.53372	1.55142	
2003-11-08T07:00:00	1.52557	1.53417	1.50067	1.53367	1.52562	1.53422	1.50072	1.53372	
2003-11-01T07:00:00	1.52657	1.54007	1.50897	1.52557	1.52662	1.54012	1.50902	1.52562	
2003-10-25T06:00:00	1.54127	1.54367	1.52137	1.52657	1.54132	1.54372	1.52142	1.52662	
2003-10-18T06:00:00	1.53407	1.54857	1.52997	1.54127	1.53412	1.54862	1.53002	1.54132	
2003-10-11T06:00:00	1.55807	1.56007	1.52217	1.53407	1.55812	1.56012	1.52222	1.53412	
2003-10-04T06:00:00	1.55527	1.57807	1.54807	1.55807	1.55532	1.57812	1.54812	1.55812	
2003-09-27T06:00:00	1.55257	1.58457	1.54947	1.55527	1.55262	1.58462	1.54952	1.55532	
2003-09-20T06:00:00	1.53427	1.55837	1.53277	1.55257	1.53432	1.55842	1.53282	1.55262	
2003-09-13T06:00:00	1.53887	1.54727	1.52577	1.53427	1.53892	1.54732	1.52582	1.53432	
2003-09-06T06:00:00	1.52067	1.54547	1.51317	1.53887	1.52072	1.54552	1.51322	1.53892	
2003-08-30T06:00:00	1.52197	1.52607	1.48917	1.52067	1.52202	1.52612	1.48922	1.52072	
2003-08-23T06:00:00	1.52597	1.53357	1.51167	1.52197	1.52602	1.53362	1.51172	1.52202	
2003-08-16T06:00:00	1.55937	1.56417	1.52387	1.52597	1.55942	1.56422	1.52392	1.52602	
2003-08-09T06:00:00	1.57217	1.57907	1.55427	1.55937	1.57222	1.57912	1.55432	1.55942	
2003-08-02T06:00:00	1.57517	1.60167	1.56917	1.57217	1.57522	1.60172	1.56922	1.57222	
2003-07-26T06:00:00	1.58747	1.59777	1.55967	1.57517	1.58752	1.59782	1.55972	1.57522	
2003-07-19T06:00:00	1.58617	1.61687	1.58187	1.58747	1.58622	1.61692	1.58192	1.58752	
2003-07-12T06:00:00	1.55537	1.59277	1.54517	1.58617	1.55542	1.59282	1.54522	1.58622	
2003-07-05T06:00:00	1.54037	1.57587	1.52247	1.55537	1.54042	1.57592	1.52252	1.55542	
2003-06-28T06:00:00	1.53797	1.56747	1.53127	1.54037	1.53802	1.56752	1.53132	1.54042	
2003-06-21T06:00:00	1.57737	1.58117	1.53687	1.53797	1.57742	1.58122	1.53692	1.53802	
2003-06-14T06:00:00	1.58347	1.59027	1.55157	1.57737	1.58352	1.59032	1.55162	1.57742	
2003-06-07T06:00:00	1.58727	1.60177	1.57567	1.58347	1.58732	1.60182	1.57572	1.58352	
2003-05-31T06:00:00	1.60927	1.61427	1.57887	1.58727	1.60932	1.61432	1.57892	1.58732	
2003-05-24T06:00:00	1.62527	1.63877	1.60817	1.60927	1.62532	1.63882	1.60822	1.60932	
2003-05-17T06:00:00	1.57887	1.63167	1.56937	1.62527	1.57892	1.63172	1.56942	1.62532	
2003-05-10T06:00:00	1.59977	1.61077	1.56907	1.57887	1.59982	1.61082	1.56912	1.57892	
2003-05-03T06:00:00	1.59257	1.61017	1.57797	1.59977	1.59262	1.61022	1.57802	1.59982	
2003-04-26T06:00:00	1.59757	1.60547	1.58727	1.59257	1.59762	1.60552	1.58732	1.59262	
2003-04-19T06:00:00	1.57807	1.61507	1.57427	1.59757	1.57812	1.61512	1.57432	1.59762	
2003-04-12T06:00:00	1.56237	1.59397	1.55687	1.57807	1.56242	1.59402	1.55692	1.57812	
2003-04-05T07:00:00	1.57867	1.58467	1.55697	1.56237	1.57872	1.58472	1.55702	1.56242	
2003-03-29T07:00:00	1.58617	1.61507	1.57187	1.57867	1.58622	1.61512	1.57192	1.57872	
2003-03-22T07:00:00	1.57197	1.58827	1.56047	1.58617	1.57202	1.58832	1.56052	1.58622	
2003-03-15T07:00:00	1.58197	1.59287	1.56217	1.57197	1.58202	1.59292	1.56222	1.57202	
2003-03-08T07:00:00	1.61227	1.63067	1.58107	1.58197	1.61232	1.63072	1.58112	1.58202	
2003-03-01T07:00:00	1.60207	1.62537	1.59747	1.61227	1.60212	1.62542	1.59752	1.61232	
2003-02-22T07:00:00	1.62027	1.62027	1.59877	1.60207	1.62032	1.62032	1.59882	1.60212	
2003-02-15T07:00:00	1.64327	1.64327	1.61717	1.62027	1.64332	1.64332	1.61722	1.62032	
2003-02-08T07:00:00	1.64617	1.64887	1.63257	1.64327	1.64622	1.64892	1.63262	1.64332	
2003-02-01T07:00:00	1.63757	1.65587	1.62437	1.64617	1.63762	1.65592	1.62442	1.64622	
2003-01-25T07:00:00	1.64357	1.66377	1.62997	1.63757	1.64362	1.66382	1.63002	1.63762	
2003-01-18T07:00:00	1.63697	1.64917	1.63037	1.64357	1.63702	1.64922	1.63042	1.64362	
2003-01-11T07:00:00	1.63417	1.63807	1.61837	1.63697	1.63422	1.63812	1.61842	1.63702	
2003-01-04T07:00:00	1.62927	1.64617	1.61927	1.63417	1.62932	1.64622	1.61932	1.63422	
2002-12-28T07:00:00	1.63777	1.65797	1.62157	1.62927	1.63782	1.65802	1.62162	1.62932	
2002-12-21T07:00:00	1.59077	1.64067	1.58287	1.63777	1.59082	1.64072	1.58292	1.63782	
2002-12-14T07:00:00	1.59587	1.61007	1.57797	1.59077	1.59592	1.61012	1.57802	1.59082	
2002-12-07T07:00:00	1.58027	1.59697	1.56347	1.59587	1.58032	1.59702	1.56352	1.59592	
2002-11-30T07:00:00	1.55577	1.58817	1.53427	1.58027	1.55582	1.58822	1.53432	1.58032	
2002-11-23T07:00:00	1.57327	1.57327	1.55257	1.55577	1.57332	1.57332	1.55262	1.55582	
2002-11-16T07:00:00	1.59827	1.61047	1.57207	1.57327	1.59832	1.61052	1.57212	1.57332	
2002-11-09T07:00:00	1.58467	1.59957	1.57537	1.59827	1.58472	1.59962	1.57542	1.59832	
2002-11-02T07:00:00	1.55237	1.58837	1.54337	1.58467	1.55242	1.58842	1.54342	1.58472	
2002-10-26T06:00:00	1.53017	1.55237	1.51827	1.55237	1.53022	1.55242	1.51832	1.55242	
2002-10-19T06:00:00	1.52877	1.53687	1.51757	1.53017	1.52882	1.53692	1.51762	1.53022	
2002-10-12T06:00:00	1.56517	1.56967	1.52067	1.52877	1.56522	1.56972	1.52072	1.52882	
2002-10-05T06:00:00	1.55967	1.58297	1.55307	1.56517	1.55972	1.58302	1.55312	1.56522	
2002-09-28T06:00:00	1.54647	1.57667	1.54647	1.55967	1.54652	1.57672	1.54652	1.55972	
2002-09-21T06:00:00	1.54447	1.56327	1.53307	1.54647	1.54452	1.56332	1.53312	1.54652	
2002-09-14T06:00:00	1.53677	1.55437	1.51537	1.54447	1.53682	1.55442	1.51542	1.54452	
2002-09-07T06:00:00	1.53127	1.55907	1.50237	1.53677	1.53132	1.55912	1.50242	1.53682	
2002-08-31T06:00:00	1.53117	1.56977	1.52637	1.53127	1.53122	1.56982	1.52642	1.53132	
2002-08-24T06:00:00	1.51397	1.54577	1.50757	1.53117	1.51402	1.54582	1.50762	1.53122	
2002-08-17T06:00:00	1.53597	1.54237	1.50467	1.51397	1.53602	1.54242	1.50472	1.51402	
2002-08-10T06:00:00	1.52637	1.54757	1.52107	1.53597	1.52642	1.54762	1.52112	1.53602	
2002-08-03T06:00:00	1.56347	1.57417	1.51947	1.52637	1.56352	1.57422	1.51952	1.52642	
2002-07-27T06:00:00	1.56727	1.57517	1.53477	1.56347	1.56732	1.57522	1.53482	1.56352	
2002-07-20T06:00:00	1.56137	1.58757	1.54937	1.56727	1.56142	1.58762	1.54942	1.56732	
2002-07-13T06:00:00	1.51897	1.56887	1.51827	1.56137	1.51902	1.56892	1.51832	1.56142	
2002-07-06T06:00:00	1.48257	1.51917	1.48177	1.51897	1.48262	1.51922	1.48182	1.51902	
2002-06-29T06:00:00	1.50257	1.51247	1.48077	1.48257	1.50162	1.51152	1.48082	1.48262	
2002-06-22T06:00:00	1.47587	1.50617	1.47087	1.50257	1.47492	1.50522	1.46992	1.50162	
2002-06-15T06:00:00	1.46237	1.48267	1.45817	1.47587	1.46142	1.48172	1.45722	1.47492	
2002-06-08T06:00:00	1.44637	1.47787	1.44077	1.46237	1.44542	1.47692	1.43982	1.46142	
2002-06-01T06:00:00	1.42597	1.45407	1.42597	1.44637	1.42502	1.45312	1.42502	1.44542	
2002-05-25T06:00:00	1.41237	1.44407	1.40977	1.42597	1.41142	1.44312	1.40882	1.42502	
2002-05-18T06:00:00	1.42417	1.42717	1.41077	1.41237	1.42322	1.42622	1.40982	1.41142	
2002-05-11T06:00:00	1.42407	1.42687	1.40227	1.42417	1.42312	1.42592	1.40132	1.42322	
2002-05-04T06:00:00	1.43427	1.44157	1.41867	1.42407	1.43332	1.44062	1.41772	1.42312	
2002-04-27T06:00:00	1.40817	1.43487	1.40547	1.43427	1.40722	1.43392	1.40452	1.43332	
2002-04-20T06:00:00	1.40037	1.40937	1.39277	1.40817	1.39942	1.40842	1.39182	1.40722	
2002-04-13T06:00:00	1.39677	1.40727	1.39267	1.40037	1.39582	1.40632	1.39172	1.39942	
2002-04-06T07:00:00	1.39777	1.40847	1.39347	1.39677	1.39682	1.40752	1.39252	1.39582	
2002-03-30T07:00:00	1.39037	1.41157	1.38967	1.39777	1.38942	1.41062	1.38872	1.39682	
2002-03-23T07:00:00	1.38427	1.40107	1.38227	1.39037	1.38332	1.40012	1.38132	1.38942	
2002-03-16T07:00:00	1.39837	1.40247	1.38007	1.38427	1.39742	1.40152	1.37912	1.38332	
2002-03-09T07:00:00	1.38837	1.41187	1.38057	1.39837	1.38742	1.41092	1.37962	1.39742	
2002-03-02T07:00:00	1.37907	1.39997	1.37417	1.38837	1.37812	1.39902	1.37322	1.38742	
2002-02-23T07:00:00	1.39667	1.40097	1.37637	1.37907	1.39572	1.40002	1.37542	1.37812	
2002-02-16T07:00:00	1.38937	1.40167	1.37937	1.39667	1.38842	1.40072	1.37842	1.39572	
2002-02-09T07:00:00	1.39547	1.40357	1.38037	1.38937	1.39452	1.40262	1.37942	1.38842	
2002-02-02T07:00:00	1.37167	1.40167	1.36907	1.39547	1.37072	1.40072	1.36812	1.39452	
2002-01-26T07:00:00	1.39517	1.39627	1.36007	1.37167	1.39422	1.39532	1.35912	1.37072	
2002-01-19T07:00:00	1.42627	1.43447	1.38737	1.39517	1.42532	1.43352	1.38642	1.39422	
2002-01-12T07:00:00	1.42587	1.43007	1.39907	1.42627	1.42492	1.42912	1.39812	1.42532	
2002-01-05T07:00:00	1.42957	1.43457	1.41567	1.42587	1.42862	1.43362	1.41472	1.42492	
2001-12-29T07:00:00	1.40817	1.44717	1.40307	1.42957	1.40722	1.44622	1.40212	1.42862	
2001-12-22T07:00:00	1.40927	1.41927	1.39727	1.40817	1.40832	1.41832	1.39632	1.40722	
2001-12-15T07:00:00	1.41037	1.42437	1.40297	1.40927	1.40942	1.42342	1.40202	1.40832	
2001-12-08T07:00:00	1.40217	1.41727	1.39377	1.41037	1.40122	1.41632	1.39282	1.40942	
2001-12-01T07:00:00	1.40977	1.41237	1.38997	1.40217	1.40882	1.41142	1.38902	1.40122	
2001-11-24T07:00:00	1.40497	1.41317	1.39707	1.40977	1.40402	1.41222	1.39612	1.40882	
2001-11-17T07:00:00	1.40677	1.41107	1.38907	1.40497	1.40582	1.41012	1.38812	1.40402	
2001-11-10T07:00:00	1.43587	1.44647	1.39397	1.40677	1.43492	1.44552	1.39302	1.40582	
2001-11-03T07:00:00	1.43577	1.44187	1.42247	1.43587	1.43482	1.44092	1.42152	1.43492	
2001-10-27T06:00:00	1.40797	1.45177	1.40737	1.43577	1.40702	1.45082	1.40642	1.43482	
2001-10-20T06:00:00	1.41617	1.41877	1.39537	1.40837	1.41522	1.41782	1.39442	1.40742	
2001-10-13T06:00:00	1.42557	1.43087	1.40887	1.41617	1.42462	1.42992	1.40792	1.41522	
2001-10-06T06:00:00	1.43767	1.44797	1.40577	1.42557	1.43672	1.44702	1.40482	1.42462	
2001-09-29T06:00:00	1.43837	1.45037	1.42847	1.43767	1.43742	1.44942	1.42752	1.43672	
2001-09-22T06:00:00	1.43617	1.45527	1.43097	1.43837	1.43522	1.45432	1.43002	1.43742	
2001-09-15T06:00:00	1.44367	1.46657	1.42157	1.43617	1.44272	1.46562	1.42062	1.43522	
2001-09-08T06:00:00	1.42107	1.45227	1.39637	1.44367	1.42012	1.45132	1.39542	1.44272	
2001-09-01T06:00:00	1.41037	1.42247	1.37467	1.42107	1.40942	1.42152	1.37372	1.42012	
2001-08-25T06:00:00	1.40907	1.42347	1.37687	1.41037	1.40812	1.42252	1.37592	1.40942	
2001-08-18T06:00:00	1.41647	1.43567	1.39987	1.40907	1.41552	1.43472	1.39892	1.40812	
2001-08-11T06:00:00	1.37697	1.41837	1.37417	1.41647	1.37602	1.41742	1.37322	1.41552	
2001-08-04T06:00:00	1.35287	1.38147	1.33727	1.37697	1.35192	1.38052	1.33632	1.37602	
2001-07-28T06:00:00	1.34397	1.36377	1.33407	1.35287	1.34302	1.36282	1.33312	1.35192	
2001-07-21T06:00:00	1.34497	1.35697	1.33307	1.34397	1.34402	1.35602	1.33212	1.34302	
2001-07-14T06:00:00	1.31337	1.35627	1.30197	1.34497	1.31242	1.35532	1.30102	1.34402	
2001-07-07T06:00:00	1.29077	1.31897	1.27677	1.31337	1.28982	1.31802	1.27582	1.31242	
2001-06-30T06:00:00	1.28827	1.29237	1.26107	1.29077	1.28732	1.29142	1.26012	1.28982	
2001-06-23T06:00:00	1.30517	1.31457	1.28347	1.28827	1.30422	1.31362	1.28252	1.28732	
2001-06-16T06:00:00	1.31597	1.32367	1.29677	1.30517	1.31502	1.32272	1.29582	1.30422	
2001-06-09T06:00:00	1.29237	1.32697	1.27727	1.31597	1.29142	1.32602	1.27632	1.31502	
2001-06-02T06:00:00	1.30067	1.31117	1.28537	1.29237	1.29972	1.31022	1.28442	1.29142	
2001-05-26T06:00:00	1.33017	1.33237	1.29327	1.30067	1.32922	1.33142	1.29232	1.29972	
2001-05-19T06:00:00	1.34977	1.35227	1.32077	1.33017	1.34882	1.35132	1.31982	1.32922	
2001-05-12T06:00:00	1.35827	1.37137	1.34367	1.34977	1.35732	1.37042	1.34272	1.34882	
2001-05-05T06:00:00	1.37157	1.37587	1.34957	1.35827	1.37062	1.37492	1.34862	1.35732	
2001-04-28T06:00:00	1.37667	1.37907	1.35687	1.37157	1.37572	1.37812	1.35592	1.37062	
2001-04-21T06:00:00	1.39427	1.40387	1.37067	1.37667	1.39332	1.40292	1.36972	1.37572	
2001-04-14T06:00:00	1.39017	1.39887	1.36537	1.39427	1.38922	1.39792	1.36442	1.39332	
2001-04-07T06:00:00	1.41447	1.41547	1.37587	1.39017	1.41352	1.41452	1.37492	1.38922	
2001-03-31T07:00:00	1.38007	1.43327	1.37697	1.41447	1.37912	1.43232	1.37602	1.41352	
2001-03-24T07:00:00	1.39447	1.40787	1.37527	1.38007	1.39352	1.40692	1.37432	1.37912	
2001-03-17T07:00:00	1.40847	1.42977	1.38807	1.39447	1.40752	1.42882	1.38712	1.39352	
2001-03-10T07:00:00	1.44187	1.44727	1.39427	1.40847	1.44092	1.44632	1.39332	1.40752	
2001-03-03T07:00:00	1.44677	1.45407	1.42547	1.44187	1.44582	1.45312	1.42452	1.44092	
2001-02-24T07:00:00	1.41117	1.45397	1.38597	1.44677	1.41022	1.45302	1.38502	1.44582	
2001-02-17T07:00:00	1.40537	1.42607	1.38517	1.41117	1.40442	1.42512	1.38422	1.41022	
2001-02-10T07:00:00	1.40067	1.42157	1.38127	1.40537	1.39972	1.42062	1.38032	1.40442	
2001-02-03T07:00:00	1.39957	1.41827	1.38037	1.40067	1.39862	1.41732	1.37942	1.39972	
2001-01-27T07:00:00	1.39337	1.41517	1.37307	1.39957	1.39242	1.41422	1.37212	1.39862	
2001-01-20T07:00:00	1.41337	1.42567	1.37957	1.39337	1.41242	1.42472	1.37862	1.39242	
2001-01-13T07:00:00	1.42947	1.43887	1.40417	1.41337	1.42852	1.43792	1.40322	1.41242	
2001-01-06T07:00:00	1.43597	1.43787	1.40227	1.42947	1.43502	1.43692	1.40132	1.42852	
2000-12-30T07:00:00	1.41247	1.44307	1.38837	1.43597	1.41152	1.44212	1.38742	1.43502	
2000-12-23T07:00:00	1.40227	1.41567	1.39007	1.41247	1.40132	1.41472	1.38912	1.41152	
2000-12-16T07:00:00	1.36047	1.40997	1.35307	1.40227	1.35952	1.40902	1.35212	1.40132	
2000-12-09T07:00:00	1.33917	1.36777	1.33077	1.36047	1.33822	1.36682	1.32982	1.35952	
2000-12-02T07:00:00	1.36037	1.38827	1.33747	1.33917	1.35942	1.38732	1.33652	1.33822	
2000-11-25T07:00:00	1.29247	1.36167	1.28937	1.36037	1.29152	1.36072	1.28842	1.35942	
2000-11-18T07:00:00	1.32257	1.32997	1.28987	1.29247	1.32162	1.32902	1.28892	1.29152	
2000-11-11T07:00:00	1.33197	1.33807	1.31837	1.32257	1.33102	1.33712	1.31742	1.32162	
2000-11-04T07:00:00	1.32767	1.34527	1.30417	1.33197	1.32672	1.34432	1.30322	1.33102	
2000-10-28T06:00:00	1.28757	1.34607	1.28307	1.32767	1.28662	1.34512	1.28212	1.32672	
2000-10-21T06:00:00	1.27307	1.28917	1.24577	1.28757	1.27212	1.28822	1.24482	1.28662	
2000-10-14T06:00:00	1.29077	1.31087	1.26257	1.27307	1.28982	1.30992	1.26162	1.27212	
2000-10-07T06:00:00	1.30597	1.32047	1.26327	1.29077	1.30502	1.31952	1.26232	1.28982	
2000-09-30T06:00:00	1.32997	1.33917	1.29357	1.30597	1.32902	1.33822	1.29262	1.30502	
2000-09-23T06:00:00	1.31057	1.33437	1.29827	1.32997	1.30962	1.33342	1.29732	1.32902	
2000-09-16T06:00:00	1.26447	1.34197	1.25317	1.31057	1.26352	1.34102	1.25222	1.30962	
2000-09-09T06:00:00	1.27727	1.29977	1.26247	1.26447	1.27632	1.29882	1.26152	1.26352	
2000-09-02T06:00:00	1.32787	1.33447	1.27317	1.27727	1.32692	1.33352	1.27222	1.27632	
2000-08-26T06:00:00	1.33937	1.34677	1.30387	1.32787	1.33842	1.34582	1.30292	1.32692	
2000-08-19T06:00:00	1.34017	1.35167	1.31907	1.33937	1.33922	1.35072	1.31812	1.33842	
2000-08-12T06:00:00	1.34247	1.36047	1.33287	1.34017	1.34152	1.35952	1.33192	1.33922	
2000-08-05T06:00:00	1.35217	1.36027	1.33107	1.34247	1.35122	1.35932	1.33012	1.34152	
2000-07-29T06:00:00	1.36647	1.38287	1.33297	1.35217	1.36552	1.38192	1.33202	1.35122	
2000-07-22T06:00:00	1.37897	1.38677	1.36217	1.36647	1.37802	1.38582	1.36122	1.36552	
2000-07-15T06:00:00	1.39357	1.39787	1.35747	1.37897	1.39262	1.39692	1.35652	1.37802	
2000-07-08T06:00:00	1.40577	1.41537	1.38217	1.39357	1.40482	1.41442	1.38122	1.39262	
2000-07-01T06:00:00	1.40957	1.43117	1.40277	1.40577	1.40862	1.43022	1.40182	1.40482	
2000-06-24T06:00:00	1.38917	1.42487	1.38297	1.40957	1.38822	1.42392	1.38202	1.40862	
2000-06-17T06:00:00	1.41487	1.42487	1.38047	1.38917	1.41392	1.42392	1.37952	1.38822	
2000-06-10T06:00:00	1.40727	1.42217	1.39747	1.41487	1.40632	1.42122	1.39652	1.41392	
2000-06-03T06:00:00	1.39757	1.43437	1.37937	1.40727	1.39662	1.43342	1.37842	1.40632	
2000-05-27T06:00:00	1.40277	1.41277	1.38377	1.39757	1.40182	1.41182	1.38282	1.39662	
2000-05-20T06:00:00	1.34407	1.40607	1.34127	1.40277	1.34312	1.40512	1.34032	1.40182	
2000-05-13T06:00:00	1.36527	1.36747	1.32537	1.34407	1.36432	1.36652	1.32442	1.34312	
2000-05-06T06:00:00	1.33787	1.36977	1.33007	1.36527	1.33692	1.36882	1.32912	1.36432	
2000-04-29T06:00:00	1.35107	1.35727	1.32307	1.33787	1.35012	1.35632	1.32212	1.33692	
2000-04-22T06:00:00	1.38387	1.39587	1.33387	1.35107	1.38292	1.39492	1.33292	1.35012	
2000-04-15T06:00:00	1.42527	1.43207	1.37877	1.38387	1.42432	1.43112	1.37782	1.38292	
2000-04-08T06:00:00	1.39277	1.42527	1.39147	1.42527	1.39182	1.42432	1.39052	1.42432	
2000-04-01T07:00:00	1.38707	1.41717	1.37977	1.39277	1.38612	1.41622	1.37882	1.39182	
2000-03-25T07:00:00	1.42967	1.43247	1.38047	1.38707	1.42872	1.43152	1.37952	1.38612	
2000-03-18T07:00:00	1.43087	1.43347	1.40747	1.42967	1.42992	1.43252	1.40652	1.42872	
2000-03-11T07:00:00	1.40317	1.43417	1.40187	1.43087	1.40222	1.43322	1.40092	1.42992	
2000-03-04T07:00:00	1.38897	1.41407	1.38517	1.40317	1.38802	1.41312	1.38422	1.40222	
2000-02-26T07:00:00	1.41257	1.42227	1.36867	1.38897	1.41162	1.42132	1.36772	1.38802	
2000-02-19T07:00:00	1.43047	1.47737	1.41137	1.41257	1.42952	1.47642	1.41042	1.41162	
2000-02-12T07:00:00	1.43237	1.44737	1.42257	1.43047	1.43142	1.44642	1.42162	1.42952	
2000-02-05T07:00:00	1.41737	1.44127	1.40327	1.43237	1.41642	1.44032	1.40232	1.43142	
2000-01-29T07:00:00	1.41347	1.43457	1.39867	1.41737	1.41252	1.43362	1.39772	1.41642	
2000-01-22T07:00:00	1.44557	1.45817	1.40447	1.41347	1.44462	1.45722	1.40352	1.41252	
2000-01-15T07:00:00	1.47077	1.47597	1.44557	1.44557	1.46982	1.47502	1.44462	1.44462	
2000-01-08T07:00:00	1.49947	1.51157	1.46667	1.47077	1.49852	1.51062	1.46572	1.46982	
2000-01-01T07:00:00	1.46107	1.52147	1.45077	1.49947	1.46012	1.52052	1.44982	1.49852	
1999-12-25T07:00:00	1.48787	1.57087	1.45347	1.46107	1.48692	1.56992	1.45252	1.46012	
1999-12-18T07:00:00	1.49097	1.58747	1.48627	1.48787	1.49002	1.58652	1.48532	1.48692	
1999-12-11T07:00:00	1.49927	1.59547	1.48417	1.49097	1.49832	1.59452	1.48322	1.49002	
1999-12-04T07:00:00	1.48507	1.59617	1.48027	1.49927	1.48412	1.59522	1.47932	1.49832	
1999-11-27T07:00:00	1.49217	1.50057	1.47367	1.48507	1.49122	1.49962	1.47272	1.48412	
1999-11-20T07:00:00	1.50797	1.51737	1.47997	1.49217	1.50702	1.51642	1.47902	1.49122	
1999-11-13T07:00:00	1.51197	1.54137	1.49917	1.50797	1.51102	1.54042	1.49822	1.50702	
1999-11-06T07:00:00	1.53277	1.53937	1.50557	1.51197	1.53182	1.53842	1.50462	1.51102	
1999-10-30T06:00:00	1.55397	1.55687	1.51137	1.53277	1.55302	1.55592	1.51042	1.53182	
1999-10-23T06:00:00	1.58097	1.58667	1.53757	1.55397	1.58002	1.58572	1.53662	1.55302	
1999-10-16T06:00:00	1.62397	1.62667	1.57417	1.58097	1.62302	1.62572	1.57322	1.58002	
1999-10-09T06:00:00	1.56347	1.62507	1.56267	1.62397	1.56252	1.62412	1.56172	1.62302	
1999-10-02T06:00:00	1.58207	1.58937	1.56307	1.56347	1.58112	1.58842	1.56212	1.56252	
1999-09-25T06:00:00	1.53787	1.58817	1.52757	1.58207	1.53692	1.58722	1.52662	1.58112	
1999-09-18T06:00:00	1.53267	1.55467	1.52857	1.53787	1.53172	1.55372	1.52762	1.53692	
1999-09-11T06:00:00	1.52997	1.55587	1.51447	1.53267	1.52902	1.55492	1.51352	1.53172	
1999-09-04T06:00:00	1.57877	1.58607	1.52747	1.52997	1.57782	1.58512	1.52652	1.52902	
1999-08-28T06:00:00	1.56037	1.60657	1.55367	1.57877	1.55942	1.60562	1.55272	1.57782	
1999-08-21T06:00:00	1.59647	1.59867	1.55567	1.56037	1.59552	1.59772	1.55472	1.55942	
1999-08-14T06:00:00	1.56307	1.60187	1.55107	1.59647	1.56212	1.60092	1.55012	1.59552	
1999-08-07T06:00:00	1.61577	1.61627	1.56107	1.56307	1.61482	1.61532	1.56012	1.56212	
1999-07-31T06:00:00	1.61137	1.62287	1.59287	1.61577	1.61042	1.62192	1.59192	1.61482	
1999-07-24T06:00:00	1.58817	1.62657	1.58267	1.61137	1.58722	1.62562	1.58172	1.61042	
1999-07-17T06:00:00	1.51147	1.59627	1.50247	1.58817	1.51052	1.59532	1.50152	1.58722	
1999-07-10T06:00:00	1.50227	1.51887	1.49187	1.51147	1.50132	1.51792	1.49092	1.51052	
1999-07-03T06:00:00	1.50167	1.51597	1.49277	1.50227	1.50072	1.51502	1.49182	1.50132	
1999-06-26T06:00:00	1.52617	1.53097	1.49827	1.50167	1.52522	1.53002	1.49732	1.50072	
1999-06-19T06:00:00	1.52027	1.53897	1.51067	1.52617	1.51932	1.53802	1.50972	1.52522	
1999-06-12T06:00:00	1.53737	1.54187	1.50257	1.52027	1.53642	1.54092	1.50162	1.51932	
1999-06-05T06:00:00	1.52377	1.54817	1.50947	1.53737	1.52282	1.54722	1.50852	1.53642	
1999-05-29T06:00:00	1.54027	1.55567	1.51367	1.52377	1.53932	1.55472	1.51272	1.52282	
1999-05-22T06:00:00	1.54467	1.61567	1.52847	1.54027	1.54372	1.61472	1.52752	1.53932	
1999-05-15T06:00:00	1.56107	1.62437	1.54027	1.54467	1.56012	1.62342	1.53932	1.54372	
1999-05-08T06:00:00	1.56697	1.61817	1.54517	1.56107	1.56602	1.61722	1.54422	1.56012	
1999-05-01T06:00:00	1.54317	1.58057	1.52897	1.56697	1.54222	1.57962	1.52802	1.56602	
1999-04-24T06:00:00	1.56507	1.58447	1.53767	1.54317	1.56412	1.58352	1.53672	1.54222	
1999-04-17T06:00:00	1.58007	1.61097	1.56217	1.56507	1.57912	1.61002	1.56122	1.56412	
1999-04-10T06:00:00	1.62377	1.63337	1.58007	1.58007	1.62282	1.63242	1.57912	1.57912	
1999-04-03T07:00:00	1.61517	1.63227	1.60407	1.62377	1.61422	1.63132	1.60312	1.62282	
1999-03-27T07:00:00	1.62687	1.64727	1.61377	1.61517	1.62592	1.64632	1.61282	1.61422	
1999-03-20T07:00:00	1.65387	1.65467	1.62237	1.62687	1.65292	1.65372	1.62142	1.62592	
1999-03-13T07:00:00	1.66267	1.68497	1.64957	1.65387	1.66172	1.68402	1.64862	1.65292	
1999-03-06T07:00:00	1.64487	1.68537	1.64127	1.66267	1.64392	1.68442	1.64032	1.66172	
1999-02-27T07:00:00	1.65847	1.67177	1.63927	1.64487	1.65752	1.67082	1.63832	1.64392	
1999-02-20T07:00:00	1.64717	1.67737	1.63277	1.65847	1.64622	1.67642	1.63182	1.65752	
1999-02-13T07:00:00	1.68717	1.69597	1.64517	1.64717	1.68622	1.69502	1.64422	1.64622	
1999-02-06T07:00:00	1.67807	1.69987	1.66737	1.68717	1.67712	1.69892	1.66642	1.68622	
1999-01-30T07:00:00	1.72127	1.72817	1.67477	1.67807	1.72032	1.72722	1.67382	1.67712	
1999-01-23T07:00:00	1.76127	1.77087	1.71337	1.72127	1.76032	1.76992	1.71242	1.72032	
1999-01-16T07:00:00	1.76547	1.78597	1.74437	1.76127	1.76452	1.78502	1.74342	1.76032	
1999-01-09T07:00:00	1.75187	1.81667	1.72537	1.76547	1.75092	1.81572	1.72442	1.76452	
1999-01-02T07:00:00	1.80027	1.82757	1.74757	1.75187	1.79932	1.82662	1.74662	1.75092	
1998-12-26T07:00:00	1.80987	1.82837	1.77957	1.80027	1.80892	1.82742	1.77862	1.79932	
1998-12-19T07:00:00	1.82977	1.83877	1.80707	1.80987	1.82882	1.83782	1.80612	1.80892	
1998-12-12T07:00:00	1.83637	1.84447	1.80827	1.82977	1.83542	1.84352	1.80732	1.82882	
1998-12-05T07:00:00	1.80057	1.84247	1.78707	1.83637	1.79962	1.84152	1.78612	1.83542	
1998-11-28T07:00:00	1.76347	1.81657	1.74567	1.80057	1.76252	1.81562	1.74472	1.79962	
1998-11-21T07:00:00	1.79537	1.80127	1.74907	1.76347	1.79442	1.80032	1.74812	1.76252	
1998-11-14T07:00:00	1.81307	1.84287	1.79097	1.79537	1.81212	1.84192	1.79002	1.79442	
1998-11-07T07:00:00	1.79537	1.81887	1.77557	1.81307	1.79442	1.81792	1.77462	1.81212	
1998-10-31T07:00:00	1.83807	1.84657	1.77997	1.79537	1.83712	1.84562	1.77902	1.79442	
1998-10-24T06:00:00	1.84277	1.85577	1.81487	1.83807	1.84182	1.85482	1.81392	1.83712	
1998-10-17T06:00:00	1.88237	1.89417	1.83157	1.84277	1.88142	1.89322	1.83062	1.84182	
1998-10-10T06:00:00	1.86787	1.89557	1.82857	1.88237	1.86692	1.89462	1.82762	1.88142	
1998-10-03T06:00:00	1.85567	1.92207	1.80187	1.86787	1.85472	1.92112	1.80092	1.86692	
1998-09-26T06:00:00	1.76887	1.88037	1.75227	1.85567	1.76792	1.87942	1.75132	1.85472	
1998-09-19T06:00:00	1.77077	1.80017	1.74927	1.76887	1.76982	1.79922	1.74832	1.76792	
1998-09-12T06:00:00	1.75587	1.80057	1.72817	1.77077	1.75492	1.79962	1.72722	1.76982	
1998-09-05T06:00:00	1.72987	1.78757	1.71217	1.75587	1.72892	1.78662	1.71122	1.75492	
1998-08-29T06:00:00	1.74237	1.77967	1.71087	1.72987	1.74142	1.77872	1.70992	1.72892	
1998-08-22T06:00:00	1.68957	1.76847	1.68637	1.74237	1.68862	1.76752	1.68542	1.74142	
1998-08-15T06:00:00	1.66437	1.70207	1.64917	1.68957	1.66342	1.70112	1.64822	1.68862	
1998-08-08T06:00:00	1.68257	1.69577	1.65577	1.66437	1.68162	1.69482	1.65482	1.66342	
1998-08-01T06:00:00	1.67927	1.70977	1.66417	1.68257	1.67832	1.70882	1.66322	1.68162	
1998-07-25T06:00:00	1.66567	1.68627	1.65597	1.67927	1.66472	1.68532	1.65502	1.67832	
1998-07-18T06:00:00	1.65307	1.66747	1.63917	1.66567	1.65212	1.66652	1.63822	1.66472	
1998-07-11T06:00:00	1.61117	1.65447	1.60807	1.65307	1.61022	1.65352	1.60712	1.65212	
1998-07-04T06:00:00	1.59957	1.61507	1.58667	1.61117	1.59862	1.61412	1.58572	1.61022	
1998-06-27T06:00:00	1.60647	1.61757	1.58367	1.59957	1.60552	1.61662	1.58272	1.59862	
1998-06-20T06:00:00	1.62657	1.63037	1.59767	1.60647	1.62562	1.62942	1.59672	1.60552	
1998-06-13T06:00:00	1.60527	1.63597	1.59417	1.62657	1.60432	1.63502	1.59322	1.62562	
1998-06-06T06:00:00	1.61707	1.62657	1.59547	1.60527	1.61612	1.62562	1.59452	1.60432	
1998-05-30T06:00:00	1.60957	1.63167	1.60097	1.61707	1.60862	1.63072	1.60002	1.61612	
1998-05-23T06:00:00	1.62087	1.63057	1.59617	1.60957	1.61992	1.62962	1.59522	1.60862	
