日時	EUR/TRY(始値, 買い)	EUR/TRY(高値, 買い)	EUR/TRY(安値, 買い)	EUR/TRY(終値, 買い)	EUR/TRY(始値, 売り)	EUR/TRY(高値, 売り)	EUR/TRY(安値, 売り)	EUR/TRY(終値, 売り)	
2014-02-01T07:00:00	3.05182	3.09903	3.01878	3.03183	3.03876	3.09286	3.01677	3.02790	
2014-01-25T07:00:00	3.20050	3.27414	2.95638	3.05182	3.18734	3.27272	2.95284	3.03876	
2014-01-18T07:00:00	3.03221	3.21653	3.01603	3.20050	3.01889	3.20715	3.00338	3.18734	
2014-01-11T07:00:00	2.96386	3.03268	2.95766	3.03221	2.95351	3.02511	2.95296	3.01889	
2014-01-04T07:00:00	2.96655	2.98768	2.93844	2.96386	2.94977	2.98656	2.93721	2.95351	
2013-12-28T07:00:00	2.97143	2.99862	2.91439	2.96655	2.95175	2.99713	2.90826	2.94977	
2013-12-21T07:00:00	2.86881	3.02013	2.83914	2.97143	2.85043	3.01462	2.83716	2.95175	
2013-12-14T07:00:00	2.81017	2.86901	2.78621	2.86881	2.79369	2.86756	2.78348	2.85043	
2013-12-07T07:00:00	2.78369	2.82279	2.77232	2.81017	2.76978	2.82121	2.76633	2.79369	
2013-11-30T07:00:00	2.74848	2.80293	2.74562	2.78369	2.74166	2.80088	2.74205	2.76978	
2013-11-23T07:00:00	2.72575	2.75643	2.69600	2.74848	2.71121	2.75554	2.69511	2.74166	
2013-11-16T07:00:00	2.74259	2.75163	2.69511	2.72575	2.73646	2.74621	2.69048	2.71121	
2013-11-09T07:00:00	2.73340	2.76946	2.72014	2.74259	2.71470	2.76777	2.71725	2.73646	
2013-11-02T06:00:00	2.72558	2.76028	2.70133	2.73340	2.71841	2.75924	2.70026	2.71470	
2013-10-26T06:00:00	2.74306	2.74835	2.70247	2.72558	2.73451	2.74710	2.70177	2.71841	
2013-10-19T06:00:00	2.69907	2.74811	2.69226	2.74306	2.68761	2.74730	2.68952	2.73451	
2013-10-12T06:00:00	2.68704	2.70790	2.66308	2.69907	2.67756	2.70675	2.66171	2.68761	
2013-10-05T06:00:00	2.69648	2.72037	2.67228	2.68704	2.69071	2.71968	2.66636	2.67756	
2013-09-28T06:00:00	2.75122	2.75909	2.69387	2.69648	2.74083	2.75801	2.68861	2.69071	
2013-09-21T06:00:00	2.68457	2.76163	2.67430	2.75122	2.67588	2.76041	2.67081	2.74083	
2013-09-14T06:00:00	2.70340	2.71553	2.62073	2.68457	2.69481	2.70035	2.61581	2.67588	
2013-09-07T06:00:00	2.70908	2.70933	2.65997	2.70340	2.69951	2.70691	2.65915	2.69481	
2013-08-31T06:00:00	2.69992	2.75077	2.65675	2.70908	2.68962	2.74941	2.65577	2.69951	
2013-08-24T06:00:00	2.66400	2.77313	2.65892	2.69992	2.65469	2.76901	2.65254	2.68962	
2013-08-17T06:00:00	2.59689	2.67398	2.58448	2.66400	2.58741	2.67321	2.57900	2.65469	
2013-08-10T06:00:00	2.56841	2.59689	2.54905	2.59689	2.55526	2.59511	2.54823	2.58741	
2013-08-03T06:00:00	2.56135	2.58247	2.55406	2.56841	2.55404	2.57698	2.55235	2.55526	
2013-07-27T06:00:00	2.56188	2.59132	2.54769	2.56135	2.55513	2.58376	2.53719	2.55404	
2013-07-20T06:00:00	2.52404	2.56333	2.51033	2.56188	2.51443	2.56062	2.50707	2.55513	
2013-07-13T06:00:00	2.56058	2.56379	2.50528	2.52404	2.54474	2.55318	2.50266	2.51443	
2013-07-06T06:00:00	2.52869	2.56648	2.47773	2.56058	2.52118	2.56492	2.47581	2.54474	
2013-06-29T06:00:00	2.51038	2.54836	2.50251	2.52869	2.50741	2.54695	2.49805	2.52118	
2013-06-22T06:00:00	2.54848	2.56579	2.50072	2.51038	2.54054	2.56457	2.49807	2.50741	
2013-06-15T06:00:00	2.48426	2.57922	2.48614	2.54848	2.47826	2.57741	2.48510	2.54054	
2013-06-08T06:00:00	2.48806	2.53341	2.46600	2.48426	2.47147	2.53260	2.46506	2.47826	
2013-06-01T06:00:00	2.44088	2.52136	2.44088	2.48806	2.43664	2.52002	2.43664	2.47147	
2013-05-25T06:00:00	2.39200	2.46056	2.37956	2.44088	2.38612	2.45980	2.37723	2.43664	
2013-05-18T06:00:00	2.36759	2.39637	2.35850	2.39200	2.36116	2.39585	2.35631	2.38612	
2013-05-11T06:00:00	2.34130	2.37474	2.33748	2.36759	2.33881	2.37334	2.33614	2.36116	
2013-05-04T06:00:00	2.35388	2.36378	2.33533	2.34130	2.35161	2.36321	2.33426	2.33881	
2013-04-27T06:00:00	2.34418	2.37328	2.34058	2.35388	2.34221	2.37181	2.33560	2.35161	
2013-04-20T06:00:00	2.35358	2.36418	2.33831	2.34418	2.34791	2.36032	2.33424	2.34221	
2013-04-13T06:00:00	2.34798	2.36255	2.33666	2.35358	2.34031	2.36189	2.33455	2.34791	
2013-04-06T06:00:00	2.33167	2.35116	2.32228	2.34798	2.33034	2.34985	2.32106	2.34031	
2013-03-30T06:00:00	2.32408	2.34385	2.30668	2.33167	2.31461	2.34310	2.30620	2.33034	
2013-03-23T06:00:00	2.35888	2.36798	2.31523	2.32408	2.35381	2.36411	2.31421	2.31461	
2013-03-16T06:00:00	2.36328	2.36348	2.34102	2.35888	2.36071	2.36255	2.32561	2.35381	
2013-03-09T07:00:00	2.35228	2.37038	2.34231	2.36328	2.34300	2.36901	2.33891	2.36071	
2013-03-02T07:00:00	2.34188	2.36552	2.33192	2.35228	2.33951	2.35751	2.33061	2.34300	
2013-02-23T07:00:00	2.37818	2.39579	2.33718	2.34188	2.37221	2.39062	2.33615	2.33951	
2013-02-16T07:00:00	2.36558	2.38695	2.35658	2.37818	2.35791	2.38639	2.35105	2.37221	
2013-02-09T07:00:00	2.36738	2.38826	2.35450	2.36558	2.36591	2.38781	2.35380	2.35791	
2013-02-02T07:00:00	2.38668	2.40213	2.36546	2.36738	2.38521	2.40151	2.36401	2.36591	
2013-01-26T07:00:00	2.37888	2.40496	2.37152	2.38668	2.37711	2.40393	2.37090	2.38521	
2013-01-19T07:00:00	2.34583	2.38168	2.34180	2.37888	2.34110	2.38045	2.33964	2.37711	
2013-01-12T07:00:00	2.36573	2.37178	2.34124	2.34583	2.35978	2.37061	2.34025	2.34110	
2013-01-05T07:00:00	2.33076	2.36821	2.31748	2.36573	2.32787	2.36731	2.31600	2.35978	
2012-12-29T07:00:00	2.36562	2.37178	2.32586	2.33076	2.36387	2.36772	2.31613	2.32787	
2012-12-22T07:00:00	2.37151	2.38206	2.35834	2.36562	2.36802	2.38122	2.35741	2.36387	
2012-12-15T07:00:00	2.34228	2.37692	2.33855	2.37151	2.33887	2.37601	2.32470	2.36802	
2012-12-08T07:00:00	2.31318	2.34278	2.30538	2.34228	2.31239	2.34157	2.29336	2.33887	
2012-12-01T07:00:00	2.32246	2.34318	2.30669	2.31318	2.31937	2.34253	2.30017	2.31239	
2012-11-24T07:00:00	2.32964	2.33810	2.30951	2.32246	2.32754	2.33516	2.30893	2.31937	
2012-11-17T07:00:00	2.29493	2.33408	2.28994	2.32964	2.29206	2.33031	2.28761	2.32754	
2012-11-10T07:00:00	2.27748	2.30583	2.27214	2.29493	2.27561	2.30494	2.27153	2.29206	
2012-11-03T06:00:00	2.30181	2.30458	2.26850	2.27748	2.30012	2.30337	2.26741	2.27561	
2012-10-27T06:00:00	2.33148	2.33597	2.29714	2.30181	2.32671	2.33525	2.29187	2.30012	
2012-10-20T06:00:00	2.33852	2.35132	2.32541	2.33148	2.33576	2.35024	2.32418	2.32671	
2012-10-13T06:00:00	2.34202	2.36618	2.33577	2.33852	2.34071	2.36571	2.32655	2.33576	
2012-10-06T06:00:00	2.35800	2.35800	2.33158	2.34202	2.34859	2.35489	2.33107	2.34071	
2012-09-29T06:00:00	2.31315	2.35812	2.30288	2.35800	2.30829	2.35428	2.29185	2.34859	
2012-09-22T06:00:00	2.33043	2.33478	2.29938	2.31315	2.32931	2.33104	2.29871	2.30829	
2012-09-15T06:00:00	2.35930	2.37346	2.32843	2.33043	2.35845	2.36588	2.32663	2.32931	
2012-09-08T06:00:00	2.31199	2.36058	2.29857	2.35930	2.29363	2.35880	2.29317	2.35845	
2012-09-01T06:00:00	2.29604	2.31199	2.28194	2.31199	2.27565	2.30516	2.27565	2.29363	
2012-08-25T06:00:00	2.25533	2.29696	2.24836	2.29604	2.24270	2.29610	2.24270	2.27565	
2012-08-18T06:00:00	2.22862	2.26003	2.21485	2.25533	2.21334	2.25734	2.20542	2.24270	
2012-08-11T06:00:00	2.19009	2.22862	2.18936	2.22862	2.18753	2.22785	2.18753	2.21334	
2012-08-04T06:00:00	2.20975	2.22339	2.18964	2.19009	2.19611	2.22036	2.18636	2.18753	
2012-07-28T06:00:00	2.23528	2.23528	2.18193	2.20975	2.23033	2.23253	2.17603	2.19611	
2012-07-21T06:00:00	2.20308	2.24532	2.19733	2.23528	2.19312	2.24332	2.18698	2.23033	
2012-07-14T06:00:00	2.22381	2.23805	2.19833	2.20308	2.21288	2.22732	2.18954	2.19312	
2012-07-07T06:00:00	2.24112	2.25077	2.21163	2.22381	2.22779	2.24961	2.20912	2.21288	
2012-06-30T06:00:00	2.30087	2.30338	2.22929	2.24112	2.28467	2.29091	2.22331	2.22779	
2012-06-23T06:00:00	2.28277	2.30332	2.25834	2.30087	2.28033	2.30073	2.25621	2.28467	
2012-06-16T06:00:00	2.29418	2.31521	2.26342	2.28277	2.28919	2.29842	2.25826	2.28033	
2012-06-09T06:00:00	2.28844	2.30125	2.27743	2.29418	2.27731	2.29698	2.27605	2.28919	
2012-06-02T06:00:00	2.31047	2.32498	2.27524	2.28844	2.30695	2.32341	2.27455	2.27731	
2012-05-26T06:00:00	2.31589	2.32558	2.28300	2.31047	2.31345	2.32179	2.28114	2.30695	
2012-05-19T06:00:00	2.34746	2.34968	2.30650	2.31589	2.34585	2.34754	2.30566	2.31345	
2012-05-12T06:00:00	2.31131	2.35348	2.30327	2.34746	2.29968	2.35057	2.29968	2.34585	
2012-05-05T06:00:00	2.30177	2.32954	2.29029	2.31131	2.29821	2.32881	2.28851	2.29968	
2012-04-28T06:00:00	2.33648	2.34094	2.30033	2.30177	2.33305	2.33838	2.29461	2.29821	
2012-04-21T06:00:00	2.37699	2.37699	2.32698	2.33648	2.36083	2.36723	2.32331	2.33305	
2012-04-14T06:00:00	2.35248	2.37699	2.34091	2.37699	2.35039	2.36977	2.33921	2.36083	
2012-04-07T06:00:00	2.35573	2.38188	2.33985	2.35248	2.34839	2.38051	2.33562	2.35039	
2012-03-31T06:00:00	2.37984	2.38578	2.34166	2.35573	2.37732	2.38173	2.32905	2.34839	
2012-03-24T06:00:00	2.39091	2.39468	2.36721	2.37984	2.38813	2.39153	2.36452	2.37732	
2012-03-17T06:00:00	2.37092	2.42338	2.36251	2.39091	2.35902	2.42034	2.35695	2.38813	
2012-03-10T07:00:00	2.34750	2.37254	2.33693	2.37092	2.34454	2.37171	2.32783	2.35902	
2012-03-03T07:00:00	2.33639	2.36628	2.33379	2.34750	2.33151	2.36242	2.32391	2.34454	
2012-02-25T07:00:00	2.37885	2.38860	2.32597	2.33639	2.37482	2.38766	2.32516	2.33151	
2012-02-18T07:00:00	2.31477	2.38368	2.30035	2.37885	2.29744	2.38051	2.29167	2.37482	
2012-02-11T07:00:00	2.32967	2.33688	2.30363	2.31477	2.32443	2.33551	2.29744	2.29744	
2012-02-04T07:00:00	2.31101	2.34038	2.29864	2.32967	2.30504	2.33863	2.29565	2.32443	
2012-01-28T07:00:00	2.34892	2.36634	2.29396	2.31101	2.34682	2.35503	2.29281	2.30504	
2012-01-21T07:00:00	2.36836	2.38117	2.33572	2.34892	2.36462	2.37927	2.33227	2.34682	
2012-01-14T07:00:00	2.36820	2.38208	2.34439	2.36836	2.35316	2.37445	2.33751	2.36462	
2012-01-07T07:00:00	2.39412	2.40238	2.35198	2.36820	2.38765	2.39875	2.35102	2.35316	
2011-12-31T07:00:00	2.45839	2.46878	2.38517	2.39412	2.44066	2.46071	2.38441	2.38765	
2011-12-24T07:00:00	2.48613	2.49976	2.40228	2.45839	2.47130	2.48881	2.39951	2.44066	
2011-12-17T07:00:00	2.46341	2.48830	2.45105	2.48613	2.46059	2.48737	2.44183	2.47130	
2011-12-10T07:00:00	2.46932	2.48008	2.44008	2.46341	2.46663	2.47406	2.43611	2.46059	
2011-12-03T07:00:00	2.45815	2.48018	2.44947	2.46932	2.45079	2.47941	2.43541	2.46663	
2011-11-26T07:00:00	2.49843	2.54900	2.44870	2.45815	2.49362	2.51132	2.43048	2.45079	
2011-11-19T07:00:00	2.47534	2.52600	2.46780	2.49843	2.47167	2.51361	2.45491	2.49362	
2011-11-12T07:00:00	2.44318	2.48570	2.42448	2.47534	2.44109	2.47691	2.41791	2.47167	
2011-11-05T06:00:00	2.43771	2.47275	2.42268	2.44318	2.43341	2.46181	2.41541	2.44109	
2011-10-29T06:00:00	2.47378	2.48668	2.41461	2.43771	2.46907	2.48471	2.40737	2.43341	
2011-10-22T06:00:00	2.55334	2.56688	2.43558	2.47378	2.54718	2.55106	2.43411	2.46907	
2011-10-15T06:00:00	2.54597	2.58678	2.53468	2.55334	2.54260	2.58481	2.52711	2.54718	
2011-10-08T06:00:00	2.48478	2.55828	2.47626	2.54597	2.47431	2.55721	2.46311	2.54260	
2011-10-01T06:00:00	2.49468	2.53619	2.44468	2.48478	2.48451	2.53124	2.44221	2.47431	
2011-09-24T06:00:00	2.49008	2.56534	2.46310	2.49468	2.47731	2.53471	2.45825	2.48451	
2011-09-17T06:00:00	2.45028	2.50678	2.42428	2.49008	2.44611	2.49651	2.41231	2.47731	
2011-09-10T06:00:00	2.45078	2.48368	2.41378	2.45028	2.44551	2.47871	2.40631	2.44611	
2011-09-03T06:00:00	2.48768	2.52328	2.44978	2.45078	2.48121	2.52021	2.44411	2.44551	
2011-08-27T06:00:00	2.54198	2.55708	2.45478	2.48768	2.53391	2.54411	2.45061	2.48121	
2011-08-20T06:00:00	2.57848	2.58958	2.51718	2.54198	2.56951	2.58831	2.51471	2.53391	
2011-08-13T06:00:00	2.54298	2.58128	2.52338	2.57848	2.53161	2.57731	2.51951	2.56951	
2011-08-06T06:00:00	2.48508	2.61388	2.48128	2.54298	2.48121	2.59101	2.47741	2.53161	
2011-07-30T06:00:00	2.43518	2.48788	2.39388	2.48508	2.42161	2.48231	2.39241	2.48121	
2011-07-23T06:00:00	2.44298	2.49998	2.39128	2.43518	2.43911	2.49891	2.38951	2.42161	
2011-07-16T06:00:00	2.33988	2.44398	2.32718	2.44298	2.33591	2.43971	2.31661	2.43911	
2011-07-09T06:00:00	2.32298	2.35468	2.29398	2.33988	2.31891	2.34691	2.29211	2.33591	
2011-07-02T06:00:00	2.33618	2.36158	2.31158	2.32298	2.33231	2.36051	2.31031	2.31891	
2011-06-25T06:00:00	2.32268	2.36798	2.31318	2.33618	2.31881	2.36581	2.29921	2.33231	
2011-06-18T06:00:00	2.28358	2.33718	2.27508	2.32268	2.27911	2.33011	2.25931	2.31881	
2011-06-11T06:00:00	2.26488	2.30228	2.24798	2.28358	2.26071	2.30061	2.23671	2.27911	
2011-06-04T06:00:00	2.30498	2.33108	2.26248	2.26488	2.30051	2.32981	2.25691	2.26071	
2011-05-28T06:00:00	2.29958	2.31818	2.28348	2.30498	2.29501	2.30391	2.27961	2.30051	
2011-05-21T06:00:00	2.25218	2.30368	2.24228	2.29958	2.24791	2.29711	2.22621	2.29501	
2011-05-14T06:00:00	2.25438	2.30428	2.23808	2.25218	2.25081	2.26561	2.22871	2.24791	
2011-05-07T06:00:00	2.22018	2.27608	2.20798	2.25438	2.21591	2.27421	2.19711	2.25081	
2011-04-30T06:00:00	2.25608	2.30648	2.21158	2.22018	2.25151	2.29981	2.20841	2.21591	
2011-04-23T06:00:00	2.21188	2.26968	2.20628	2.25608	2.20541	2.26461	2.19271	2.25151	
2011-04-16T06:00:00	2.18668	2.22778	2.17728	2.21188	2.18231	2.22621	2.16491	2.20541	
2011-04-09T06:00:00	2.19208	2.21138	2.17968	2.18668	2.18571	2.20801	2.17801	2.18231	
2011-04-02T06:00:00	2.18048	2.19258	2.15528	2.19208	2.17631	2.18761	2.15401	2.18571	
2011-03-26T06:00:00	2.19235	2.21078	2.16458	2.18048	2.18985	2.20971	2.16091	2.17631	
2011-03-19T06:00:00	2.23925	2.24704	2.18542	2.19235	2.23741	2.24394	2.18359	2.18985	
2011-03-12T07:00:00	2.20252	2.24528	2.19088	2.23925	2.20002	2.24001	2.18425	2.23741	
2011-03-05T07:00:00	2.23826	2.25038	2.18078	2.20252	2.23575	2.24934	2.17941	2.20002	
2011-02-26T07:00:00	2.19818	2.24988	2.19368	2.23826	2.19570	2.24613	2.18491	2.23575	
2011-02-19T07:00:00	2.16051	2.22343	2.15798	2.19818	2.15805	2.22131	2.15361	2.19570	
2011-02-12T07:00:00	2.15260	2.16650	2.13368	2.16051	2.15028	2.16541	2.13242	2.15805	
2011-02-05T07:00:00	2.15289	2.18958	2.12837	2.15260	2.15044	2.18833	2.12721	2.15028	
2011-01-29T07:00:00	2.19765	2.20698	2.14871	2.15289	2.19519	2.20311	2.14761	2.15044	
2011-01-22T07:00:00	2.14438	2.20888	2.12286	2.19765	2.14031	2.20101	2.12171	2.19519	
2011-01-15T07:00:00	2.07797	2.15238	2.04388	2.14438	2.07555	2.15091	2.04081	2.14031	
2011-01-08T07:00:00	2.03258	2.07928	2.03032	2.07797	2.02866	2.07811	2.02391	2.07555	
2011-01-01T07:00:00	2.08335	2.08791	2.01737	2.03258	2.08191	2.08610	2.01231	2.02866	
2010-12-25T07:00:00	2.03228	2.10168	2.02738	2.06440	2.02971	2.07621	2.01750	2.06197	
2010-12-18T07:00:00	2.03572	2.06028	2.02598	2.03228	2.03333	2.05381	2.00621	2.02971	
2010-12-11T07:00:00	1.99458	2.05178	1.98804	2.03572	1.98341	2.05031	1.97041	2.03333	
2010-12-04T07:00:00	1.98098	2.00488	1.96388	1.99458	1.97856	2.00201	1.95891	1.98341	
2010-11-27T07:00:00	1.97558	2.01498	1.95128	1.98098	1.96581	1.98621	1.94901	1.97856	
2010-11-20T07:00:00	1.97845	1.99848	1.96418	1.97558	1.97590	1.99631	1.95801	1.96581	
2010-11-13T07:00:00	1.98038	1.99118	1.96314	1.97845	1.96553	1.98501	1.95411	1.97590	
2010-11-06T06:00:00	1.96578	1.99038	1.94436	1.98078	1.95601	1.97661	1.94321	1.97061	
2010-10-30T06:00:00	1.99782	2.01728	1.96022	1.96578	1.99535	2.00011	1.95571	1.95601	
2010-10-23T06:00:00	1.98898	2.00208	1.97508	1.99782	1.97941	1.99563	1.97091	1.99535	
2010-10-16T06:00:00	1.97998	1.99630	1.96809	1.98898	1.97081	1.99389	1.95518	1.97941	
2010-10-09T06:00:00	1.97108	1.99848	1.96165	1.97998	1.96091	1.98679	1.95631	1.97081	
2010-10-02T06:00:00	1.99298	2.02529	1.96259	1.97108	1.98871	2.01285	1.96001	1.96091	
2010-09-25T06:00:00	1.99438	2.01288	1.96998	1.99298	1.99081	1.99279	1.96624	1.98871	
2010-09-18T06:00:00	1.94948	1.99818	1.94617	1.99438	1.94581	1.99701	1.94215	1.99081	
2010-09-11T06:00:00	1.92218	1.96978	1.90206	1.94948	1.91591	1.96866	1.89328	1.94581	
2010-09-04T06:00:00	1.93498	1.94161	1.91198	1.92218	1.93161	1.93821	1.91090	1.91591	
2010-08-28T06:00:00	1.93348	1.95510	1.92765	1.93498	1.93001	1.95411	1.92082	1.93161	
2010-08-21T06:00:00	1.92828	1.94758	1.92376	1.93348	1.92501	1.94522	1.92131	1.93001	
2010-08-14T06:00:00	1.93888	1.94578	1.92188	1.92828	1.93361	1.94291	1.91831	1.92501	
2010-08-07T06:00:00	1.98378	1.99153	1.93415	1.93888	1.97901	1.98423	1.93301	1.93361	
2010-07-31T06:00:00	1.96618	1.98938	1.95778	1.98378	1.96301	1.98851	1.95670	1.97901	
2010-07-24T06:00:00	1.96788	1.98338	1.96067	1.96618	1.96461	1.98189	1.95374	1.96301	
2010-07-17T06:00:00	1.99348	2.00248	1.95112	1.96788	1.99031	2.00145	1.94961	1.96461	
2010-07-10T06:00:00	1.96578	2.00002	1.95378	1.99348	1.96111	1.99653	1.95026	1.99031	
2010-07-03T06:00:00	1.96508	1.98428	1.95698	1.96578	1.96171	1.97136	1.94761	1.96111	
2010-06-26T06:00:00	1.95176	1.98450	1.92798	1.96508	1.94880	1.98249	1.92721	1.96171	
2010-06-19T06:00:00	1.92356	1.95522	1.91661	1.95176	1.92361	1.95373	1.91321	1.94880	
2010-06-12T06:00:00	1.90785	1.93976	1.90785	1.92356	1.90790	1.93981	1.90790	1.92361	
2010-06-05T06:00:00	1.91886	1.93057	1.90346	1.90785	1.91891	1.93062	1.90351	1.90790	
2010-05-29T06:00:00	1.92748	1.94496	1.91222	1.91886	1.91781	1.94501	1.91049	1.91891	
2010-05-22T06:00:00	1.98618	1.99098	1.91762	1.92748	1.97971	1.97971	1.91321	1.91781	
2010-05-15T06:00:00	1.91518	2.02088	1.89834	1.98618	1.91181	2.01361	1.88492	1.97971	
2010-05-08T06:00:00	1.99278	2.02204	1.90541	1.91518	1.98611	2.00108	1.90331	1.91181	
2010-05-01T06:00:00	1.98295	2.06298	1.86898	1.99278	1.98216	2.03651	1.83421	1.98611	
2010-04-24T06:00:00	1.98304	1.99596	1.96218	1.98295	1.98225	1.99542	1.96001	1.98216	
2010-04-17T06:00:00	2.00400	2.02078	1.96475	1.98304	2.00321	2.01938	1.96396	1.98225	
2010-04-10T06:00:00	2.01028	2.03350	1.99319	2.00400	2.00955	2.03253	1.99191	2.00321	
2010-04-03T06:00:00	2.04598	2.06218	1.99355	2.01028	2.04151	2.04588	1.99271	2.00955	
2010-03-27T06:00:00	2.06467	2.07378	2.04237	2.04598	2.06286	2.06801	2.04021	2.04151	
2010-03-20T06:00:00	2.08053	2.09693	2.04703	2.06467	2.07956	2.09418	2.04541	2.06286	
2010-03-13T07:00:00	2.10578	2.12078	2.07261	2.08053	2.10241	2.10241	2.07001	2.07956	
2010-03-06T07:00:00	2.09688	2.11238	2.08236	2.10578	2.09361	2.10394	2.07984	2.10241	
2010-02-27T07:00:00	2.10838	2.12511	2.07426	2.09688	2.10001	2.11631	2.07321	2.09361	
2010-02-20T07:00:00	2.06218	2.11466	2.05873	2.10838	2.05511	2.11285	2.04201	2.10001	
2010-02-13T07:00:00	2.06938	2.08048	2.05157	2.06218	2.06231	2.07581	2.04461	2.05511	
2010-02-06T07:00:00	2.09098	2.09748	2.05808	2.06938	2.08741	2.08761	2.04911	2.06231	
2010-01-30T07:00:00	2.07768	2.10498	2.06228	2.09098	2.07411	2.09611	2.05571	2.08741	
2010-01-23T07:00:00	2.10768	2.12218	2.06948	2.07768	2.10411	2.11741	2.06461	2.07411	
2010-01-16T07:00:00	2.09728	2.11788	2.06978	2.10447	2.09351	2.11631	2.06161	2.10212	
2010-01-09T07:00:00	2.10608	2.12958	2.08838	2.09728	2.10231	2.12311	2.08631	2.09351	
2010-01-02T07:00:00	2.14568	2.16068	2.09328	2.10608	2.14161	2.14401	2.09181	2.10231	
2009-12-26T07:00:00	2.17938	2.20208	2.14528	2.14568	2.17561	2.18171	2.13551	2.14161	
2009-12-19T07:00:00	2.18238	2.19378	2.17258	2.17938	2.17871	2.18891	2.16561	2.17561	
2009-12-12T07:00:00	2.21088	2.21688	2.17368	2.18238	2.20711	2.21261	2.16841	2.17871	
2009-12-05T07:00:00	2.21458	2.22988	2.19678	2.21088	2.21081	2.22781	2.19301	2.20711	
2009-11-28T07:00:00	2.28328	2.31378	2.21118	2.21458	2.27911	2.30121	2.20811	2.21081	
2009-11-21T07:00:00	2.23018	2.32118	2.22998	2.28328	2.22551	2.31121	2.22031	2.27911	
2009-11-14T07:00:00	2.20768	2.23658	2.20008	2.23018	2.20401	2.22921	2.19331	2.22551	
2009-11-07T07:00:00	2.20718	2.22708	2.20198	2.20768	2.20301	2.21471	2.18521	2.20401	
2009-10-31T06:00:00	2.21608	2.23968	2.20178	2.20718	2.21221	2.23541	2.19081	2.20301	
2009-10-24T06:00:00	2.20858	2.23028	2.20388	2.21608	2.20471	2.22781	2.19921	2.21221	
2009-10-17T06:00:00	2.17858	2.21258	2.16958	2.20858	2.17471	2.21001	2.16321	2.20471	
2009-10-10T06:00:00	2.16048	2.18578	2.15088	2.17858	2.15341	2.18431	2.13811	2.17471	
2009-10-03T06:00:00	2.17648	2.18798	2.15308	2.16048	2.17271	2.18131	2.14851	2.15341	
2009-09-26T06:00:00	2.18408	2.19508	2.16628	2.17648	2.18031	2.19031	2.16101	2.17271	
2009-09-19T06:00:00	2.17828	2.20378	2.17368	2.18408	2.17441	2.19931	2.15251	2.18031	
2009-09-12T06:00:00	2.17928	2.20428	2.15818	2.17828	2.17541	2.19261	2.15431	2.17441	
2009-09-05T06:00:00	2.13638	2.19818	2.13408	2.17928	2.12801	2.19681	2.12701	2.17541	
2009-08-29T06:00:00	2.14758	2.17038	2.12858	2.13638	2.14391	2.16331	2.12341	2.12801	
2009-08-22T06:00:00	2.12948	2.16678	2.11958	2.14758	2.12521	2.16191	2.11681	2.14391	
2009-08-15T06:00:00	2.12358	2.14228	2.11008	2.12948	2.11631	2.14021	2.09701	2.12521	
2009-08-08T06:00:00	2.08188	2.14728	2.07978	2.12358	2.06911	2.14511	2.06091	2.11631	
2009-08-01T06:00:00	2.09908	2.14798	2.07528	2.08188	2.09481	2.13251	2.06831	2.06911	
2009-07-25T06:00:00	2.10678	2.11498	2.07558	2.09908	2.10241	2.11321	2.07261	2.09481	
2009-07-18T06:00:00	2.15538	2.17068	2.10678	2.10678	2.15171	2.15881	2.09351	2.10241	
2009-07-11T06:00:00	2.16628	2.18098	2.14478	2.15538	2.16241	2.17781	2.14081	2.15171	
2009-07-04T06:00:00	2.15088	2.18108	2.14918	2.16628	2.14651	2.17731	2.13631	2.16241	
2009-06-27T06:00:00	2.16078	2.18268	2.14568	2.15088	2.15671	2.17241	2.14041	2.14651	
2009-06-20T06:00:00	2.17388	2.21768	2.15098	2.16078	2.16821	2.21451	2.14771	2.15671	
2009-06-13T06:00:00	2.14698	2.18928	2.13378	2.17388	2.14281	2.18761	2.12751	2.16821	
2009-06-06T06:00:00	2.15088	2.18638	2.14588	2.14698	2.14621	2.18061	2.13811	2.14281	
2009-05-30T06:00:00	2.17168	2.19928	2.14768	2.15088	2.16701	2.19781	2.14311	2.14621	
2009-05-23T06:00:00	2.17368	2.19648	2.15088	2.17168	2.16941	2.18991	2.13831	2.16701	
2009-05-16T06:00:00	2.12168	2.18378	2.08128	2.17368	2.11801	2.18061	2.07771	2.16941	
2009-05-09T06:00:00	2.10198	2.15578	2.10068	2.12168	2.09831	2.14781	2.09341	2.11801	
2009-05-02T06:00:00	2.11118	2.11168	2.04628	2.10198	2.10721	2.11091	2.04121	2.09831	
2009-04-25T06:00:00	2.13248	2.14648	2.11008	2.11118	2.12651	2.14201	2.10181	2.10721	
2009-04-18T06:00:00	2.11138	2.16588	2.11138	2.13248	2.09871	2.15991	2.09021	2.12651	
2009-04-11T06:00:00	2.07108	2.13188	2.07108	2.11138	2.06391	2.12651	2.05381	2.09871	
2009-04-04T06:00:00	2.14038	2.15248	2.05668	2.07108	2.12761	2.14811	2.04651	2.06391	
2009-03-28T06:00:00	2.23508	2.26398	2.12558	2.14038	2.22911	2.26121	2.11931	2.12761	
2009-03-21T06:00:00	2.29438	2.31948	2.21548	2.23508	2.28841	2.30661	2.21011	2.22911	
2009-03-14T06:00:00	2.20258	2.36118	2.19208	2.29438	2.19791	2.35821	2.18721	2.28841	
2009-03-07T07:00:00	2.26577	2.29877	2.18318	2.20258	2.26192	2.29632	2.17251	2.19791	
2009-02-28T07:00:00	2.15807	2.28487	2.14377	2.26577	2.15352	2.28062	2.12972	2.26192	
2009-02-21T07:00:00	2.19007	2.20757	2.13997	2.15807	2.18232	2.19502	2.13842	2.15352	
2009-02-14T07:00:00	2.12847	2.20577	2.10577	2.19007	2.11802	2.20112	2.09712	2.18232	
2009-02-07T07:00:00	2.09297	2.13967	2.07417	2.12847	2.08902	2.13252	2.06842	2.11802	
2009-01-31T07:00:00	2.10737	2.15347	2.07867	2.09297	2.10242	2.14602	2.07472	2.08902	
2009-01-24T07:00:00	2.17367	2.17367	2.09197	2.10737	2.16672	2.16672	2.08822	2.10242	
2009-01-17T07:00:00	2.17077	2.19817	2.12967	2.17367	2.16152	2.18012	2.12702	2.16672	
2009-01-10T07:00:00	2.10267	2.17847	2.09457	2.17077	2.09392	2.17162	2.08222	2.16152	
2009-01-03T07:00:00	2.12977	2.16057	2.02417	2.10267	2.12592	2.15772	2.02172	2.09392	
2008-12-27T07:00:00	2.12837	2.17667	2.11607	2.12977	2.11912	2.17412	2.10592	2.12592	
2008-12-20T07:00:00	2.13367	2.15687	2.11147	2.12837	2.12032	2.15022	2.10762	2.11912	
2008-12-13T07:00:00	2.08657	2.25217	2.08657	2.13367	2.08032	2.24752	2.07552	2.12032	
2008-12-06T07:00:00	2.03317	2.10287	2.00577	2.08657	2.03042	2.10012	2.00242	2.08032	
2008-11-29T07:00:00	1.98727	2.05177	1.98137	2.03317	1.98462	2.04842	1.96642	2.03042	
2008-11-22T07:00:00	2.09447	2.10557	1.98377	1.98727	2.08452	2.08892	1.97872	1.98462	
2008-11-15T07:00:00	2.05517	2.19567	2.03237	2.09447	2.04502	2.19052	2.01182	2.08452	
2008-11-08T07:00:00	1.98017	2.11247	1.95247	2.05517	1.97362	2.10532	1.94942	2.04502	
2008-11-01T06:00:00	1.96877	2.01237	1.90967	1.98027	1.96312	1.99902	1.89782	1.97372	
2008-10-25T06:00:00	2.14347	2.16597	1.92887	1.96877	2.13372	2.15002	1.91882	1.96312	
2008-10-18T06:00:00	2.14347	2.14347	2.14347	2.14347	2.13372	2.13372	2.13372	2.13372	
2008-05-31T06:00:00	1.88867	1.98027	1.88867	1.98017	1.88872	1.97372	1.88872	1.97362	
2008-05-24T06:00:00	1.96397	1.98556	1.86747	1.88867	1.96402	1.98561	1.86752	1.88872	
2008-05-17T06:00:00	1.90887	1.98677	1.90887	1.96397	1.90892	1.98682	1.90892	1.96402	
2008-05-10T06:00:00	1.95852	1.95852	1.89807	1.90887	1.95857	1.95857	1.89812	1.90892	
2008-05-03T06:00:00	1.94147	1.97557	1.91230	1.95852	1.94152	1.97562	1.91235	1.95857	
2008-04-26T06:00:00	2.02687	2.02687	1.93297	1.94147	2.02692	2.02692	1.93302	1.94152	
2008-04-19T06:00:00	2.06297	2.10187	2.00447	2.02687	2.06302	2.10192	2.00452	2.02692	
2008-04-12T06:00:00	2.06942	2.13332	2.05302	2.06297	2.06947	2.13337	2.05307	2.06302	
2008-04-05T06:00:00	2.06594	2.09707	2.04197	2.06942	2.06599	2.09712	2.04202	2.06947	
