日時	EUR/USD(始値, 買い)	EUR/USD(高値, 買い)	EUR/USD(安値, 買い)	EUR/USD(終値, 買い)	EUR/USD(始値, 売り)	EUR/USD(高値, 売り)	EUR/USD(安値, 売り)	EUR/USD(終値, 売り)	
2014-02-01T07:00:00	1.34900	1.35393	1.34774	1.35169	1.34881	1.35385	1.34768	1.35161	
2014-01-25T07:00:00	1.36813	1.37169	1.34795	1.34900	1.36746	1.37163	1.34789	1.34881	
2014-01-18T07:00:00	1.35407	1.37395	1.35080	1.36813	1.35366	1.37390	1.35073	1.36746	
2014-01-11T07:00:00	1.36707	1.36995	1.35176	1.35407	1.36671	1.36991	1.35169	1.35366	
2014-01-04T07:00:00	1.35918	1.36875	1.35488	1.36707	1.35846	1.36871	1.35482	1.36671	
2013-12-28T07:00:00	1.37493	1.38191	1.35829	1.35918	1.37432	1.38188	1.35819	1.35846	
2013-12-21T07:00:00	1.36770	1.38939	1.36556	1.37493	1.36696	1.38932	1.36548	1.37432	
2013-12-14T07:00:00	1.37449	1.38115	1.36253	1.36770	1.37366	1.38113	1.36249	1.36696	
2013-12-07T07:00:00	1.37063	1.38110	1.36945	1.37449	1.37025	1.38104	1.36939	1.37366	
2013-11-30T07:00:00	1.35943	1.37068	1.35248	1.37063	1.35886	1.37060	1.35240	1.37025	
2013-11-23T07:00:00	1.35582	1.36220	1.34906	1.35943	1.35539	1.36214	1.34899	1.35886	
2013-11-16T07:00:00	1.34969	1.35797	1.33997	1.35582	1.34948	1.35796	1.33991	1.35539	
2013-11-09T07:00:00	1.33704	1.35058	1.33452	1.34969	1.33707	1.35051	1.33445	1.34948	
2013-11-02T06:00:00	1.34923	1.35478	1.32956	1.33704	1.34884	1.35473	1.32955	1.33707	
2013-10-26T06:00:00	1.38049	1.38181	1.34802	1.34923	1.38017	1.38175	1.34798	1.34884	
2013-10-19T06:00:00	1.36876	1.38326	1.36514	1.38049	1.36826	1.38322	1.36508	1.38017	
2013-10-12T06:00:00	1.35414	1.37041	1.34732	1.36876	1.35391	1.37037	1.34730	1.36826	
2013-10-05T06:00:00	1.35549	1.36076	1.34865	1.35414	1.35516	1.36069	1.34854	1.35391	
2013-09-28T06:00:00	1.35235	1.36465	1.34780	1.35549	1.35199	1.36460	1.34688	1.35516	
2013-09-21T06:00:00	1.35242	1.35647	1.34622	1.35235	1.35248	1.35642	1.34616	1.35199	
2013-09-14T06:00:00	1.32985	1.35689	1.33025	1.35242	1.32968	1.35683	1.32974	1.35248	
2013-09-07T06:00:00	1.31821	1.33251	1.31608	1.32985	1.31762	1.33245	1.31535	1.32968	
2013-08-31T06:00:00	1.32253	1.32409	1.31052	1.31821	1.32208	1.32329	1.31045	1.31762	
2013-08-24T06:00:00	1.33790	1.34019	1.31737	1.32253	1.33756	1.33986	1.31729	1.32208	
2013-08-17T06:00:00	1.33296	1.34523	1.32986	1.33790	1.33261	1.34517	1.32979	1.33756	
2013-08-10T06:00:00	1.33439	1.33805	1.32057	1.33296	1.33395	1.33800	1.32051	1.33261	
2013-08-03T06:00:00	1.32835	1.34008	1.32331	1.33439	1.32801	1.34005	1.32324	1.33395	
2013-07-27T06:00:00	1.32793	1.33453	1.31899	1.32835	1.32770	1.33444	1.31875	1.32801	
2013-07-20T06:00:00	1.31389	1.32972	1.31368	1.32793	1.31351	1.32968	1.31264	1.32770	
2013-07-13T06:00:00	1.30680	1.31789	1.29936	1.31389	1.30665	1.31780	1.29931	1.31351	
2013-07-06T06:00:00	1.28334	1.32062	1.27558	1.30680	1.28295	1.32064	1.27549	1.30665	
2013-06-29T06:00:00	1.30121	1.30784	1.28064	1.28334	1.30100	1.30780	1.28057	1.28295	
2013-06-22T06:00:00	1.31229	1.31510	1.29849	1.30121	1.31195	1.31505	1.29847	1.30100	
2013-06-15T06:00:00	1.33451	1.34206	1.30989	1.31229	1.33424	1.34164	1.30983	1.31195	
2013-06-08T06:00:00	1.32159	1.33907	1.31780	1.33451	1.32125	1.33900	1.31772	1.33424	
2013-06-01T06:00:00	1.29982	1.33068	1.29557	1.32159	1.29953	1.33058	1.29552	1.32125	
2013-05-25T06:00:00	1.29380	1.30618	1.28382	1.29982	1.29340	1.30611	1.28375	1.29953	
2013-05-18T06:00:00	1.28369	1.29984	1.28198	1.29380	1.28343	1.29979	1.28102	1.29340	
2013-05-11T06:00:00	1.29938	1.30293	1.27967	1.28369	1.29907	1.30290	1.27961	1.28343	
2013-05-04T06:00:00	1.31171	1.31946	1.29357	1.29938	1.31138	1.31942	1.29350	1.29907	
2013-04-27T06:00:00	1.30275	1.32429	1.30275	1.31171	1.30280	1.32426	1.30186	1.31138	
2013-04-20T06:00:00	1.30531	1.30938	1.29550	1.30275	1.30524	1.30932	1.29539	1.30280	
2013-04-13T06:00:00	1.31097	1.32020	1.30015	1.30531	1.31075	1.32013	1.30009	1.30524	
2013-04-06T06:00:00	1.29979	1.31386	1.29649	1.31097	1.29969	1.31380	1.29638	1.31075	
2013-03-30T06:00:00	1.28194	1.30400	1.27455	1.29979	1.28152	1.30395	1.27446	1.29969	
2013-03-23T06:00:00	1.29909	1.30500	1.27509	1.28194	1.29889	1.30479	1.27505	1.28152	
2013-03-16T06:00:00	1.30763	1.30763	1.28441	1.29909	1.30742	1.30742	1.28431	1.29889	
2013-03-09T07:00:00	1.30029	1.31075	1.29119	1.30763	1.29999	1.31068	1.29110	1.30742	
2013-03-02T07:00:00	1.30214	1.31348	1.29558	1.30029	1.30201	1.31342	1.29550	1.29999	
2013-02-23T07:00:00	1.31899	1.33192	1.29669	1.30214	1.31867	1.33187	1.29661	1.30201	
2013-02-16T07:00:00	1.33674	1.34345	1.31454	1.31899	1.33627	1.34337	1.31447	1.31867	
2013-02-09T07:00:00	1.33638	1.35203	1.33068	1.33674	1.33626	1.35196	1.33061	1.33627	
2013-02-02T07:00:00	1.36429	1.36607	1.33537	1.33638	1.36387	1.36595	1.33530	1.33626	
2013-01-26T07:00:00	1.34564	1.37113	1.34147	1.36429	1.34566	1.37106	1.34140	1.36387	
2013-01-19T07:00:00	1.33196	1.34796	1.32648	1.34564	1.33116	1.34789	1.32640	1.34566	
2013-01-12T07:00:00	1.33439	1.34045	1.32565	1.33196	1.33424	1.34041	1.32560	1.33116	
2013-01-05T07:00:00	1.30699	1.33662	1.30170	1.33439	1.30676	1.33655	1.30165	1.33424	
2012-12-29T07:00:00	1.32196	1.32942	1.29980	1.30699	1.32174	1.32932	1.29971	1.30676	
2012-12-22T07:00:00	1.31850	1.32841	1.31664	1.32196	1.31861	1.32833	1.31654	1.32174	
2012-12-15T07:00:00	1.31626	1.33087	1.31445	1.31850	1.31609	1.33080	1.31438	1.31861	
2012-12-08T07:00:00	1.29283	1.31735	1.28864	1.31626	1.29268	1.31730	1.28855	1.31609	
2012-12-01T07:00:00	1.29872	1.31269	1.28767	1.29283	1.29851	1.31264	1.28759	1.29268	
2012-11-24T07:00:00	1.29786	1.30279	1.28805	1.29872	1.29763	1.30275	1.28796	1.29851	
2012-11-17T07:00:00	1.27435	1.29912	1.27368	1.29786	1.27420	1.29906	1.27360	1.29763	
2012-11-10T07:00:00	1.27160	1.28025	1.26620	1.27435	1.27142	1.28018	1.26599	1.27420	
2012-11-03T06:00:00	1.28389	1.28767	1.26904	1.27160	1.28379	1.28760	1.26895	1.27142	
2012-10-27T06:00:00	1.29419	1.30207	1.28217	1.28389	1.29402	1.30201	1.28209	1.28379	
2012-10-20T06:00:00	1.30233	1.30837	1.28830	1.29419	1.30215	1.30831	1.28821	1.29402	
2012-10-13T06:00:00	1.29552	1.31399	1.28913	1.30233	1.29535	1.31392	1.28903	1.30215	
2012-10-06T06:00:00	1.30327	1.30327	1.28260	1.29552	1.30328	1.30328	1.28249	1.29535	
2012-09-29T06:00:00	1.28576	1.30719	1.28043	1.30327	1.28559	1.30712	1.28034	1.30328	
2012-09-22T06:00:00	1.29805	1.29919	1.28291	1.28576	1.29792	1.29889	1.28282	1.28559	
2012-09-15T06:00:00	1.31315	1.31725	1.29198	1.29805	1.31294	1.31716	1.29191	1.29792	
2012-09-08T06:00:00	1.28186	1.31694	1.27552	1.31315	1.28162	1.31684	1.27543	1.31294	
2012-09-01T06:00:00	1.25796	1.28189	1.25022	1.28186	1.25671	1.28165	1.25013	1.28162	
2012-08-25T06:00:00	1.25136	1.26379	1.24660	1.25796	1.25112	1.26371	1.24650	1.25671	
2012-08-18T06:00:00	1.23357	1.25899	1.22959	1.25136	1.23297	1.25891	1.22950	1.25112	
2012-08-11T06:00:00	1.22906	1.23860	1.22564	1.23357	1.22868	1.23853	1.22555	1.23297	
2012-08-04T06:00:00	1.23906	1.24441	1.22419	1.22906	1.23845	1.24428	1.22411	1.22868	
2012-07-28T06:00:00	1.23255	1.24056	1.21339	1.23906	1.23154	1.24048	1.21334	1.23845	
2012-07-21T06:00:00	1.21624	1.23903	1.20426	1.23255	1.21509	1.23897	1.20419	1.23154	
2012-07-14T06:00:00	1.22519	1.23247	1.21448	1.21624	1.22438	1.23242	1.21440	1.21509	
2012-07-07T06:00:00	1.22896	1.23342	1.21628	1.22519	1.22849	1.23334	1.21619	1.22438	
2012-06-30T06:00:00	1.26645	1.26879	1.22607	1.22896	1.26544	1.26777	1.22598	1.22849	
2012-06-23T06:00:00	1.25733	1.26933	1.24077	1.26645	1.25671	1.26924	1.24070	1.26544	
2012-06-16T06:00:00	1.26437	1.27483	1.25199	1.25733	1.26338	1.27471	1.25191	1.25671	
2012-06-09T06:00:00	1.25194	1.26694	1.24431	1.26437	1.25142	1.26679	1.24422	1.26338	
2012-06-02T06:00:00	1.24357	1.26257	1.23863	1.25194	1.24315	1.26252	1.23854	1.25142	
2012-05-26T06:00:00	1.25176	1.26248	1.22885	1.24357	1.25147	1.26242	1.22874	1.24315	
2012-05-19T06:00:00	1.27867	1.28251	1.24967	1.25176	1.27787	1.28240	1.24956	1.25147	
2012-05-12T06:00:00	1.29214	1.29214	1.26428	1.27867	1.29114	1.29114	1.26420	1.27787	
2012-05-05T06:00:00	1.30879	1.30879	1.29056	1.29214	1.30787	1.30787	1.29048	1.29114	
2012-04-28T06:00:00	1.32568	1.32844	1.30808	1.30879	1.32493	1.32841	1.30786	1.30787	
2012-04-21T06:00:00	1.32232	1.32703	1.31051	1.32568	1.32052	1.32698	1.31042	1.32493	
2012-04-14T06:00:00	1.30809	1.32290	1.29954	1.32232	1.30736	1.32277	1.29945	1.32052	
2012-04-07T06:00:00	1.30994	1.32132	1.30339	1.30809	1.30910	1.32124	1.30323	1.30736	
2012-03-31T06:00:00	1.33468	1.33810	1.30357	1.30994	1.33395	1.33802	1.30347	1.30910	
2012-03-24T06:00:00	1.32718	1.33861	1.31924	1.33468	1.32666	1.33852	1.31916	1.33395	
2012-03-17T06:00:00	1.31765	1.32940	1.31343	1.32718	1.31710	1.32932	1.31331	1.32666	
2012-03-10T07:00:00	1.31264	1.31919	1.30046	1.31765	1.31172	1.31909	1.30035	1.31710	
2012-03-03T07:00:00	1.32051	1.32915	1.30968	1.31264	1.31990	1.32908	1.30961	1.31172	
2012-02-25T07:00:00	1.34536	1.34860	1.31875	1.32051	1.34467	1.34852	1.31868	1.31990	
2012-02-18T07:00:00	1.31443	1.34865	1.31443	1.34536	1.31413	1.34861	1.31413	1.34467	
2012-02-11T07:00:00	1.31994	1.32844	1.29748	1.31443	1.31969	1.32838	1.29740	1.31413	
2012-02-04T07:00:00	1.31657	1.33219	1.30280	1.31994	1.31492	1.33220	1.30273	1.31969	
2012-01-28T07:00:00	1.32273	1.32296	1.30264	1.31657	1.32127	1.32242	1.30258	1.31492	
2012-01-21T07:00:00	1.29340	1.32348	1.28767	1.32273	1.29281	1.32335	1.28751	1.32127	
2012-01-14T07:00:00	1.26787	1.29868	1.26263	1.29340	1.26750	1.29861	1.26256	1.29281	
2012-01-07T07:00:00	1.27202	1.28788	1.26246	1.26787	1.27144	1.28780	1.26237	1.26750	
2011-12-31T07:00:00	1.29679	1.30772	1.26970	1.27202	1.29589	1.30768	1.26969	1.27144	
2011-12-24T07:00:00	1.30553	1.30842	1.28586	1.29679	1.30412	1.30830	1.28578	1.29589	
2011-12-17T07:00:00	1.30528	1.31997	1.29835	1.30553	1.30392	1.31989	1.29826	1.30412	
2011-12-10T07:00:00	1.33922	1.33922	1.29456	1.30528	1.33807	1.33814	1.29448	1.30392	
2011-12-03T07:00:00	1.34059	1.34869	1.32820	1.33922	1.34054	1.34860	1.32813	1.33807	
2011-11-26T07:00:00	1.32329	1.35513	1.32329	1.34059	1.32313	1.35493	1.32313	1.34054	
2011-11-19T07:00:00	1.35107	1.35693	1.32129	1.32329	1.35098	1.35684	1.32120	1.32313	
2011-11-12T07:00:00	1.37534	1.38158	1.34220	1.35107	1.37551	1.38091	1.34210	1.35098	
2011-11-05T06:00:00	1.37714	1.38597	1.34842	1.37534	1.37727	1.38586	1.34832	1.37551	
2011-10-29T06:00:00	1.41565	1.41720	1.36089	1.37714	1.41559	1.41722	1.36080	1.37727	
2011-10-22T06:00:00	1.38925	1.42478	1.37987	1.41565	1.38909	1.42472	1.37977	1.41559	
2011-10-15T06:00:00	1.38821	1.39148	1.36532	1.38925	1.38832	1.39140	1.36524	1.38909	
2011-10-08T06:00:00	1.33936	1.38945	1.33784	1.38821	1.33921	1.38939	1.33774	1.38832	
2011-10-01T06:00:00	1.33943	1.35250	1.31458	1.33936	1.33937	1.35243	1.31451	1.33921	
2011-09-24T06:00:00	1.35063	1.36905	1.33628	1.33943	1.35047	1.36898	1.33621	1.33937	
2011-09-17T06:00:00	1.37898	1.38007	1.33850	1.35063	1.37843	1.37963	1.33843	1.35047	
2011-09-10T06:00:00	1.36640	1.39375	1.34950	1.37898	1.36628	1.39365	1.34943	1.37843	
2011-09-03T06:00:00	1.41946	1.42881	1.36275	1.36640	1.41934	1.42860	1.36267	1.36628	
2011-08-27T06:00:00	1.44972	1.45499	1.41844	1.41946	1.44961	1.45489	1.41835	1.41934	
2011-08-20T06:00:00	1.43950	1.45021	1.43283	1.44972	1.43936	1.45013	1.43272	1.44961	
2011-08-13T06:00:00	1.42506	1.45179	1.42506	1.43950	1.42481	1.45170	1.42428	1.43936	
2011-08-06T06:00:00	1.42811	1.44331	1.41040	1.42506	1.42817	1.44308	1.41028	1.42481	
2011-07-30T06:00:00	1.43736	1.44543	1.40559	1.42811	1.43720	1.44536	1.40553	1.42817	
2011-07-23T06:00:00	1.43654	1.45365	1.42301	1.43736	1.43641	1.45358	1.42288	1.43720	
2011-07-16T06:00:00	1.41597	1.44393	1.40147	1.43654	1.41584	1.44372	1.40137	1.43641	
2011-07-09T06:00:00	1.42580	1.42827	1.38378	1.41597	1.42572	1.42819	1.38371	1.41584	
2011-07-02T06:00:00	1.45281	1.45784	1.42062	1.42580	1.45271	1.45777	1.42053	1.42572	
2011-06-25T06:00:00	1.41873	1.45524	1.41033	1.45281	1.41862	1.45519	1.41023	1.45271	
2011-06-18T06:00:00	1.43044	1.44424	1.41270	1.41873	1.43027	1.44415	1.41260	1.41862	
2011-06-11T06:00:00	1.43335	1.44978	1.40738	1.43044	1.43329	1.44971	1.40732	1.43027	
2011-06-04T06:00:00	1.46377	1.46966	1.43230	1.43335	1.46341	1.46960	1.43219	1.43329	
2011-05-28T06:00:00	1.42835	1.46432	1.42574	1.46377	1.42824	1.46422	1.42564	1.46341	
2011-05-21T06:00:00	1.41581	1.43029	1.39696	1.42835	1.41547	1.43024	1.39690	1.42824	
2011-05-14T06:00:00	1.41008	1.43458	1.40491	1.41581	1.41000	1.43451	1.40478	1.41547	
2011-05-07T06:00:00	1.43510	1.44425	1.40670	1.41008	1.43516	1.44418	1.40657	1.41000	
2011-04-30T06:00:00	1.48152	1.49453	1.43160	1.43510	1.48142	1.49397	1.43151	1.43516	
2011-04-23T06:00:00	1.45478	1.48821	1.44943	1.48152	1.45461	1.48817	1.44929	1.48142	
2011-04-16T06:00:00	1.44241	1.46489	1.41577	1.45478	1.44230	1.46482	1.41566	1.45461	
2011-04-09T06:00:00	1.44873	1.45212	1.43658	1.44241	1.44847	1.45201	1.43649	1.44230	
2011-04-02T06:00:00	1.42286	1.44895	1.41520	1.44873	1.42274	1.44872	1.41512	1.44847	
2011-03-26T06:00:00	1.40749	1.42462	1.40214	1.42286	1.40739	1.42453	1.40205	1.42274	
2011-03-19T06:00:00	1.41735	1.42488	1.40542	1.40749	1.41717	1.42479	1.40530	1.40739	
2011-03-12T07:00:00	1.39041	1.41842	1.38560	1.41735	1.39028	1.41833	1.38552	1.41717	
2011-03-05T07:00:00	1.39851	1.40364	1.37527	1.39041	1.39839	1.40358	1.37517	1.39028	
2011-02-26T07:00:00	1.37512	1.40081	1.37118	1.39851	1.37499	1.40070	1.37111	1.39839	
2011-02-19T07:00:00	1.36876	1.38386	1.35252	1.37512	1.36854	1.38378	1.35248	1.37499	
2011-02-12T07:00:00	1.35481	1.37159	1.34290	1.36876	1.35471	1.37149	1.34279	1.36854	
2011-02-05T07:00:00	1.35822	1.37448	1.34977	1.35481	1.35804	1.37439	1.34969	1.35471	
2011-01-29T07:00:00	1.36090	1.38622	1.35440	1.35822	1.36082	1.38615	1.35431	1.35804	
2011-01-22T07:00:00	1.36153	1.37587	1.35409	1.36090	1.36146	1.37579	1.35399	1.36082	
2011-01-15T07:00:00	1.33740	1.36252	1.32443	1.36153	1.33735	1.36246	1.32435	1.36146	
2011-01-08T07:00:00	1.29116	1.34571	1.28740	1.33740	1.29107	1.34567	1.28731	1.33735	
2011-01-01T07:00:00	1.33931	1.34332	1.29061	1.29116	1.33922	1.34337	1.29052	1.29107	
2010-12-25T07:00:00	1.31169	1.34251	1.30734	1.33927	1.31154	1.34238	1.30718	1.33911	
2010-12-18T07:00:00	1.31853	1.32021	1.30560	1.31169	1.31846	1.32018	1.30549	1.31154	
2010-12-11T07:00:00	1.32286	1.34988	1.31337	1.31853	1.32278	1.34980	1.31328	1.31846	
2010-12-04T07:00:00	1.34118	1.34229	1.31647	1.32286	1.34106	1.34222	1.31638	1.32278	
2010-11-27T07:00:00	1.32492	1.34180	1.29693	1.34118	1.32475	1.34167	1.29684	1.34106	
2010-11-20T07:00:00	1.36863	1.37868	1.32009	1.32492	1.36853	1.37859	1.32001	1.32475	
2010-11-13T07:00:00	1.37093	1.37514	1.34472	1.36863	1.37051	1.37507	1.34464	1.36853	
2010-11-06T06:00:00	1.40341	1.40862	1.35741	1.36931	1.40327	1.40854	1.35733	1.36920	
2010-10-30T06:00:00	1.39191	1.42825	1.38644	1.40341	1.39172	1.42819	1.38637	1.40327	
2010-10-23T06:00:00	1.39286	1.40805	1.37344	1.39191	1.39281	1.40799	1.37336	1.39172	
2010-10-16T06:00:00	1.39733	1.40507	1.36982	1.39286	1.39721	1.40501	1.36971	1.39281	
2010-10-09T06:00:00	1.39271	1.41602	1.37756	1.39733	1.39257	1.41584	1.37750	1.39721	
2010-10-02T06:00:00	1.37786	1.40298	1.36378	1.39271	1.37773	1.40290	1.36371	1.39257	
2010-09-25T06:00:00	1.34921	1.37837	1.33806	1.37786	1.34913	1.37827	1.33805	1.37773	
2010-09-18T06:00:00	1.30383	1.34941	1.30295	1.34921	1.30371	1.34939	1.30289	1.34913	
2010-09-11T06:00:00	1.27091	1.31597	1.27051	1.30383	1.27084	1.31593	1.27027	1.30371	
2010-09-04T06:00:00	1.28956	1.29188	1.26445	1.27091	1.28948	1.29189	1.26435	1.27084	
2010-08-28T06:00:00	1.27335	1.28978	1.26259	1.28956	1.27323	1.28970	1.26253	1.28948	
2010-08-21T06:00:00	1.27071	1.27800	1.25878	1.27335	1.27065	1.27792	1.25869	1.27323	
2010-08-14T06:00:00	1.27525	1.29227	1.26639	1.27071	1.27514	1.29220	1.26634	1.27065	
2010-08-07T06:00:00	1.32915	1.33079	1.27524	1.27525	1.32907	1.33076	1.27511	1.27514	
2010-07-31T06:00:00	1.30375	1.33341	1.30375	1.32915	1.30363	1.33342	1.30363	1.32907	
2010-07-24T06:00:00	1.29138	1.31073	1.28781	1.30375	1.29128	1.31070	1.28761	1.30363	
2010-07-17T06:00:00	1.29288	1.30288	1.27329	1.29138	1.29280	1.30282	1.27323	1.29128	
2010-07-10T06:00:00	1.26422	1.30076	1.25227	1.29288	1.26414	1.30070	1.25223	1.29280	
2010-07-03T06:00:00	1.25503	1.27226	1.24807	1.26422	1.25493	1.27223	1.24799	1.26414	
2010-06-26T06:00:00	1.23932	1.26119	1.21520	1.25503	1.23916	1.26113	1.21513	1.25493	
2010-06-19T06:00:00	1.23750	1.24714	1.22099	1.23932	1.23767	1.24671	1.22089	1.23916	
2010-06-12T06:00:00	1.20949	1.24147	1.20949	1.23750	1.20966	1.24164	1.20966	1.23767	
2010-06-05T06:00:00	1.19654	1.21506	1.18745	1.20949	1.19671	1.21523	1.18762	1.20966	
2010-05-29T06:00:00	1.22690	1.23520	1.19533	1.19654	1.22677	1.23537	1.19550	1.19671	
2010-05-22T06:00:00	1.25703	1.25703	1.21541	1.22690	1.25697	1.25697	1.21532	1.22677	
2010-05-15T06:00:00	1.23820	1.26730	1.21442	1.25703	1.23814	1.26719	1.21438	1.25697	
2010-05-08T06:00:00	1.27309	1.30948	1.23589	1.23820	1.27299	1.30941	1.23583	1.23814	
2010-05-01T06:00:00	1.33165	1.33657	1.25177	1.27309	1.33159	1.33601	1.25133	1.27299	
2010-04-24T06:00:00	1.33743	1.34165	1.31148	1.33165	1.33730	1.34157	1.31142	1.33159	
2010-04-17T06:00:00	1.35090	1.35230	1.32025	1.33743	1.35079	1.35224	1.32018	1.33730	
2010-04-10T06:00:00	1.34966	1.36924	1.34728	1.35090	1.34958	1.36917	1.34722	1.35079	
2010-04-03T06:00:00	1.34911	1.35385	1.32828	1.34966	1.34897	1.35378	1.32821	1.34958	
2010-03-27T06:00:00	1.34226	1.35925	1.33846	1.34911	1.34222	1.35907	1.33842	1.34897	
2010-03-20T06:00:00	1.35358	1.35695	1.32682	1.34226	1.35353	1.35690	1.32674	1.34222	
2010-03-13T07:00:00	1.37621	1.38185	1.35031	1.35358	1.37613	1.38180	1.35028	1.35353	
2010-03-06T07:00:00	1.36208	1.37966	1.35378	1.37621	1.36202	1.37959	1.35373	1.37613	
2010-02-27T07:00:00	1.36161	1.37361	1.34359	1.36208	1.36153	1.37359	1.34347	1.36202	
2010-02-20T07:00:00	1.35955	1.36936	1.34519	1.36161	1.35948	1.36921	1.34512	1.36153	
2010-02-13T07:00:00	1.36178	1.37890	1.34451	1.35955	1.36173	1.37883	1.34447	1.35948	
2010-02-06T07:00:00	1.36639	1.38395	1.35321	1.36178	1.36633	1.38389	1.35317	1.36173	
2010-01-30T07:00:00	1.38649	1.40265	1.35859	1.36639	1.38643	1.40258	1.35853	1.36633	
2010-01-23T07:00:00	1.41585	1.41942	1.38631	1.38649	1.41575	1.41939	1.38623	1.38643	
2010-01-16T07:00:00	1.43795	1.44145	1.40296	1.41341	1.43795	1.44138	1.40289	1.41338	
2010-01-09T07:00:00	1.44151	1.45795	1.43371	1.43795	1.44148	1.45789	1.43363	1.43795	
2010-01-02T07:00:00	1.43327	1.44840	1.42582	1.44151	1.43321	1.44840	1.42572	1.44148	
2009-12-26T07:00:00	1.43648	1.44587	1.42740	1.43327	1.43635	1.44579	1.42731	1.43321	
2009-12-19T07:00:00	1.43346	1.44181	1.42179	1.43648	1.43342	1.44176	1.42171	1.43635	
2009-12-12T07:00:00	1.46285	1.46858	1.42618	1.43346	1.46279	1.46852	1.42611	1.43342	
2009-12-05T07:00:00	1.48475	1.49050	1.45864	1.46285	1.48463	1.49050	1.45858	1.46279	
2009-11-28T07:00:00	1.49681	1.51418	1.48219	1.48475	1.49671	1.51409	1.48218	1.48463	
2009-11-21T07:00:00	1.48619	1.51446	1.48288	1.49681	1.48613	1.51439	1.48280	1.49671	
2009-11-14T07:00:00	1.49220	1.50160	1.48014	1.48619	1.49209	1.50152	1.48005	1.48613	
2009-11-07T07:00:00	1.48462	1.50485	1.48219	1.49220	1.48454	1.50479	1.48211	1.49209	
2009-10-31T06:00:00	1.47133	1.49186	1.46269	1.48462	1.47123	1.49176	1.46263	1.48454	
2009-10-24T06:00:00	1.49973	1.50631	1.46835	1.47133	1.49967	1.50628	1.46830	1.47123	
2009-10-17T06:00:00	1.48949	1.50605	1.48291	1.49973	1.48941	1.50602	1.48283	1.49967	
2009-10-10T06:00:00	1.47119	1.49675	1.46771	1.48949	1.47114	1.49674	1.46763	1.48941	
2009-10-03T06:00:00	1.45741	1.48178	1.45741	1.47119	1.45739	1.48170	1.45739	1.47114	
2009-09-26T06:00:00	1.46696	1.47208	1.44817	1.45741	1.46692	1.47197	1.44807	1.45739	
2009-09-19T06:00:00	1.47031	1.48445	1.46118	1.46696	1.47018	1.48439	1.46113	1.46692	
2009-09-12T06:00:00	1.45829	1.47675	1.45161	1.47031	1.45824	1.47669	1.45153	1.47018	
2009-09-05T06:00:00	1.43045	1.46354	1.43007	1.45829	1.43037	1.46350	1.42977	1.45824	
2009-08-29T06:00:00	1.43005	1.43780	1.41774	1.43045	1.42998	1.43775	1.41770	1.43037	
2009-08-22T06:00:00	1.43361	1.44072	1.42066	1.43005	1.43358	1.44062	1.42063	1.42998	
2009-08-15T06:00:00	1.41901	1.43763	1.40459	1.43361	1.41888	1.43760	1.40453	1.43358	
2009-08-08T06:00:00	1.41721	1.43275	1.40870	1.41901	1.41708	1.43267	1.40861	1.41888	
2009-08-01T06:00:00	1.42523	1.44474	1.41546	1.41721	1.42519	1.44468	1.41538	1.41708	
2009-07-25T06:00:00	1.42153	1.43049	1.40081	1.42523	1.42141	1.43041	1.40072	1.42519	
2009-07-18T06:00:00	1.41000	1.42918	1.40982	1.42153	1.40996	1.42909	1.40920	1.42141	
2009-07-11T06:00:00	1.39488	1.41667	1.38979	1.41000	1.39480	1.41657	1.38970	1.40996	
2009-07-04T06:00:00	1.39787	1.40725	1.38333	1.39488	1.39761	1.40718	1.38326	1.39480	
2009-06-27T06:00:00	1.40687	1.42017	1.39301	1.39787	1.40675	1.42007	1.39267	1.39761	
2009-06-20T06:00:00	1.39458	1.41385	1.38270	1.40687	1.39441	1.41381	1.38262	1.40675	
2009-06-13T06:00:00	1.39998	1.40129	1.37489	1.39458	1.39981	1.40118	1.37481	1.39441	
2009-06-06T06:00:00	1.39647	1.41794	1.38057	1.39998	1.39635	1.41779	1.38053	1.39981	
2009-05-30T06:00:00	1.41382	1.43390	1.39329	1.39647	1.41366	1.43383	1.39323	1.39635	
2009-05-23T06:00:00	1.40030	1.41686	1.37933	1.41382	1.40011	1.41682	1.37927	1.41366	
2009-05-16T06:00:00	1.34897	1.40514	1.34243	1.40030	1.34890	1.40505	1.34231	1.40011	
2009-05-09T06:00:00	1.36273	1.37227	1.34626	1.34897	1.36266	1.37218	1.34617	1.34890	
2009-05-02T06:00:00	1.32647	1.36327	1.32129	1.36273	1.32635	1.36319	1.32121	1.36266	
2009-04-25T06:00:00	1.32432	1.33857	1.29651	1.32647	1.32426	1.33858	1.29641	1.32635	
2009-04-18T06:00:00	1.30268	1.33015	1.28854	1.32432	1.30251	1.33009	1.28853	1.32426	
2009-04-11T06:00:00	1.31773	1.33932	1.30183	1.30268	1.31748	1.33913	1.30171	1.30251	
2009-04-04T06:00:00	1.34872	1.35827	1.30898	1.31773	1.34865	1.35815	1.30882	1.31748	
2009-03-28T06:00:00	1.32992	1.35175	1.31132	1.34872	1.32980	1.35174	1.31123	1.34865	
2009-03-21T06:00:00	1.35669	1.37361	1.32569	1.32992	1.35655	1.37357	1.32568	1.32980	
2009-03-14T06:00:00	1.29142	1.37384	1.28352	1.35669	1.29132	1.37377	1.28331	1.35655	
2009-03-07T07:00:00	1.26376	1.29575	1.25565	1.29142	1.26371	1.29575	1.25559	1.29132	
2009-02-28T07:00:00	1.26767	1.27540	1.24567	1.26376	1.26756	1.27537	1.24560	1.26371	
2009-02-21T07:00:00	1.28363	1.29921	1.26046	1.26767	1.28357	1.29914	1.26039	1.26756	
2009-02-14T07:00:00	1.28882	1.28882	1.25138	1.28363	1.28876	1.28876	1.25130	1.28357	
2009-02-07T07:00:00	1.29264	1.30940	1.27220	1.28882	1.29250	1.30935	1.27213	1.28876	
2009-01-31T07:00:00	1.28054	1.30707	1.27070	1.29264	1.28044	1.30706	1.27061	1.29250	
2009-01-24T07:00:00	1.29860	1.33297	1.27782	1.28054	1.29845	1.33296	1.27772	1.28044	
2009-01-17T07:00:00	1.32903	1.33872	1.27650	1.29860	1.32882	1.33853	1.27648	1.29845	
2009-01-10T07:00:00	1.34304	1.34801	1.30259	1.32903	1.34301	1.34730	1.30257	1.32882	
2009-01-03T07:00:00	1.38528	1.39644	1.33130	1.34304	1.38505	1.39629	1.33122	1.34301	
2008-12-27T07:00:00	1.40598	1.43635	1.38407	1.38528	1.40585	1.43631	1.38397	1.38505	
2008-12-20T07:00:00	1.39187	1.41257	1.39023	1.40598	1.39181	1.41246	1.39012	1.40585	
2008-12-13T07:00:00	1.33742	1.47200	1.33699	1.39187	1.33739	1.47192	1.33650	1.39181	
2008-12-06T07:00:00	1.27159	1.34155	1.27159	1.33742	1.27150	1.34155	1.27150	1.33739	
2008-11-29T07:00:00	1.27010	1.28485	1.25497	1.27159	1.27005	1.28479	1.25492	1.27150	
2008-11-22T07:00:00	1.25778	1.30815	1.25668	1.27010	1.25772	1.30809	1.25630	1.27005	
2008-11-15T07:00:00	1.26898	1.28140	1.24241	1.25778	1.26872	1.28140	1.24231	1.25772	
2008-11-08T07:00:00	1.27636	1.29275	1.23892	1.26898	1.27622	1.29268	1.23884	1.26872	
2008-11-01T06:00:00	1.27400	1.31170	1.25271	1.27636	1.27386	1.31162	1.25262	1.27622	
2008-10-25T06:00:00	1.25882	1.32987	1.23301	1.27400	1.25868	1.32976	1.23292	1.27386	
2008-10-18T06:00:00	1.34058	1.35308	1.24964	1.25882	1.34037	1.35304	1.24948	1.25868	
2008-10-11T06:00:00	1.34147	1.37695	1.33470	1.34058	1.34122	1.37688	1.33459	1.34037	
2008-10-04T06:00:00	1.38047	1.38047	1.32611	1.34147	1.38041	1.38041	1.32568	1.34122	
2008-09-27T06:00:00	1.46120	1.46120	1.37031	1.38047	1.46117	1.46117	1.37023	1.38041	
2008-09-20T06:00:00	1.44751	1.48668	1.44383	1.46120	1.44728	1.48664	1.44362	1.46117	
2008-09-13T06:00:00	1.42166	1.45421	1.40744	1.44751	1.42160	1.45408	1.40705	1.44728	
2008-09-06T06:00:00	1.42349	1.44289	1.38825	1.42166	1.42341	1.44286	1.38820	1.42160	
2008-08-30T06:00:00	1.46699	1.47249	1.41964	1.42349	1.46698	1.47210	1.41960	1.42341	
2008-08-23T06:00:00	1.47744	1.48114	1.45709	1.46699	1.47738	1.48111	1.45710	1.46698	
2008-08-16T06:00:00	1.46730	1.49084	1.46304	1.47744	1.46724	1.49078	1.46300	1.47738	
2008-08-09T06:00:00	1.50180	1.50839	1.46596	1.46730	1.50172	1.50831	1.46589	1.46724	
2008-08-02T06:00:00	1.55412	1.56315	1.49982	1.50180	1.55395	1.56307	1.49974	1.50172	
2008-07-26T06:00:00	1.56992	1.57685	1.55154	1.55412	1.56984	1.57677	1.55125	1.55395	
2008-07-19T06:00:00	1.58380	1.59452	1.56288	1.56992	1.58374	1.59436	1.56280	1.56984	
2008-07-12T06:00:00	1.59242	1.60384	1.57832	1.58380	1.59225	1.60377	1.57827	1.58374	
2008-07-05T06:00:00	1.57000	1.59480	1.56119	1.59242	1.56977	1.59468	1.56108	1.59225	
2008-06-28T06:00:00	1.57904	1.59100	1.56555	1.57000	1.57897	1.59089	1.56545	1.56977	
2008-06-21T06:00:00	1.56262	1.57915	1.54688	1.57904	1.56254	1.57907	1.54677	1.57897	
2008-06-14T06:00:00	1.53623	1.56521	1.53450	1.56262	1.53620	1.56514	1.53443	1.56254	
2008-06-07T06:00:00	1.57703	1.58442	1.53043	1.53623	1.57692	1.58434	1.53029	1.53620	
2008-05-31T06:00:00	1.55578	1.57755	1.53657	1.57703	1.55568	1.57747	1.53644	1.57692	
2008-05-24T06:00:00	1.57755	1.58188	1.54625	1.55578	1.57747	1.58180	1.54617	1.55568	
2008-05-17T06:00:00	1.55946	1.58145	1.54867	1.57755	1.55935	1.58137	1.54856	1.57747	
2008-05-10T06:00:00	1.54827	1.56017	1.53663	1.55946	1.54816	1.56019	1.53664	1.55935	
2008-05-03T06:00:00	1.54135	1.55949	1.52834	1.54827	1.54127	1.55941	1.52841	1.54816	
2008-04-26T06:00:00	1.55942	1.56932	1.53612	1.54135	1.55931	1.56932	1.53599	1.54127	
2008-04-19T06:00:00	1.58094	1.60195	1.55557	1.55942	1.58090	1.60191	1.55549	1.55931	
2008-04-12T06:00:00	1.58286	1.59833	1.56721	1.58094	1.58270	1.59838	1.56703	1.58090	
2008-04-05T06:00:00	1.57311	1.59136	1.56280	1.58286	1.57298	1.59130	1.56269	1.58270	
2008-03-29T06:00:00	1.58054	1.58968	1.55110	1.57311	1.58041	1.58959	1.55101	1.57298	
2008-03-22T06:00:00	1.54407	1.58591	1.53421	1.58054	1.54364	1.58578	1.53409	1.58041	
2008-03-15T06:00:00	1.56710	1.59063	1.53970	1.54407	1.56698	1.59018	1.53964	1.54364	
2008-03-08T07:00:00	1.53472	1.56891	1.52829	1.56710	1.53463	1.56878	1.52821	1.56698	
2008-03-01T07:00:00	1.51811	1.54617	1.51460	1.53472	1.51798	1.54602	1.51449	1.53463	
2008-02-23T07:00:00	1.48311	1.52396	1.47786	1.51811	1.48303	1.52388	1.47773	1.51798	
2008-02-16T07:00:00	1.46781	1.48635	1.46106	1.48311	1.46773	1.48628	1.46106	1.48303	
2008-02-09T07:00:00	1.45127	1.47096	1.44825	1.46781	1.45116	1.47088	1.44816	1.46773	
2008-02-02T07:00:00	1.47988	1.48496	1.44405	1.45127	1.47982	1.48485	1.44386	1.45116	
2008-01-26T07:00:00	1.46722	1.49445	1.46629	1.47988	1.46710	1.49422	1.46615	1.47982	
2008-01-19T07:00:00	1.46173	1.47794	1.43659	1.46722	1.46162	1.47785	1.43653	1.46710	
2008-01-12T07:00:00	1.47773	1.49228	1.45898	1.46173	1.47770	1.49222	1.45892	1.46162	
2008-01-05T07:00:00	1.47538	1.48194	1.46395	1.47773	1.47526	1.48188	1.46389	1.47770	
2007-12-29T07:00:00	1.47158	1.48252	1.45842	1.47538	1.47155	1.48243	1.45811	1.47526	
2007-12-22T07:00:00	1.43580	1.47282	1.43580	1.47158	1.43576	1.47270	1.43576	1.47155	
2007-12-15T07:00:00	1.44241	1.44536	1.43110	1.43580	1.44228	1.44528	1.43104	1.43576	
2007-12-08T07:00:00	1.46541	1.47510	1.44121	1.44241	1.46538	1.47506	1.44108	1.44228	
2007-12-01T07:00:00	1.46301	1.47711	1.45261	1.46541	1.46298	1.47698	1.45243	1.46538	
2007-11-24T07:00:00	1.48371	1.49011	1.46301	1.46301	1.48363	1.49010	1.46288	1.46298	
2007-11-17T07:00:00	1.46491	1.49691	1.46220	1.48371	1.46478	1.49668	1.46209	1.48363	
2007-11-10T07:00:00	1.46695	1.47261	1.45211	1.46491	1.46688	1.47250	1.45199	1.46478	
2007-11-03T06:00:00	1.45151	1.47529	1.44441	1.46695	1.45148	1.47518	1.44438	1.46688	
2007-10-27T06:00:00	1.43911	1.45291	1.43751	1.45151	1.43898	1.45280	1.43738	1.45148	
2007-10-20T06:00:00	1.42961	1.43939	1.41268	1.43911	1.42948	1.43931	1.41258	1.43898	
2007-10-13T06:00:00	1.41781	1.43201	1.41449	1.42961	1.41771	1.43189	1.41438	1.42948	
2007-10-06T06:00:00	1.41351	1.42410	1.40160	1.41781	1.41348	1.42409	1.40148	1.41771	
2007-09-29T06:00:00	1.42597	1.42840	1.40351	1.41351	1.42588	1.42817	1.40333	1.41348	
2007-09-22T06:00:00	1.40901	1.42785	1.40619	1.42597	1.40899	1.42778	1.40608	1.42588	
2007-09-15T06:00:00	1.38780	1.41201	1.38291	1.40901	1.38768	1.41198	1.38280	1.40899	
2007-09-08T06:00:00	1.37681	1.39273	1.37671	1.38780	1.37678	1.39270	1.37658	1.38768	
2007-09-01T06:00:00	1.36231	1.37981	1.35521	1.37681	1.36218	1.37978	1.35508	1.37678	
2007-08-25T06:00:00	1.36671	1.37191	1.35641	1.36231	1.36668	1.37188	1.35628	1.36218	
2007-08-18T06:00:00	1.34931	1.36831	1.34511	1.36671	1.34908	1.36818	1.34498	1.36668	
2007-08-11T06:00:00	1.36961	1.37091	1.33611	1.34931	1.36958	1.37078	1.33598	1.34908	
2007-08-04T06:00:00	1.37881	1.38411	1.36421	1.36961	1.37868	1.38388	1.36408	1.36958	
2007-07-28T06:00:00	1.36381	1.38201	1.36111	1.37881	1.36378	1.38198	1.36088	1.37868	
2007-07-21T06:00:00	1.38271	1.38521	1.36311	1.36381	1.38258	1.38518	1.36298	1.36378	
2007-07-14T06:00:00	1.37881	1.38431	1.37531	1.38271	1.37868	1.38428	1.37518	1.38258	
2007-07-07T06:00:00	1.36251	1.38141	1.35951	1.37881	1.36238	1.38138	1.35938	1.37868	
2007-06-30T06:00:00	1.35361	1.36601	1.35291	1.36251	1.35348	1.36588	1.35278	1.36238	
2007-06-23T06:00:00	1.34661	1.35411	1.34161	1.35361	1.34648	1.35398	1.34148	1.35348	
2007-06-16T06:00:00	1.33811	1.34701	1.33731	1.34661	1.33798	1.34688	1.33718	1.34648	
2007-06-09T06:00:00	1.33691	1.33871	1.32641	1.33811	1.33678	1.33858	1.32628	1.33798	
2007-06-02T06:00:00	1.34471	1.35551	1.33211	1.33691	1.34458	1.35538	1.33198	1.33678	
2007-05-26T06:00:00	1.34471	1.35211	1.33931	1.34471	1.34458	1.35198	1.33918	1.34458	
2007-05-19T06:00:00	1.35121	1.35311	1.34121	1.34471	1.35108	1.35298	1.34108	1.34458	
2007-05-12T06:00:00	1.35331	1.36101	1.34661	1.35121	1.35318	1.36088	1.34648	1.35108	
2007-05-05T06:00:00	1.35971	1.36281	1.34631	1.35331	1.35958	1.36268	1.34618	1.35318	
2007-04-28T06:00:00	1.36501	1.36801	1.35361	1.35971	1.36488	1.36788	1.35348	1.35958	
2007-04-21T06:00:00	1.35941	1.36831	1.35421	1.36501	1.35928	1.36818	1.35408	1.36488	
2007-04-14T06:00:00	1.35321	1.36381	1.35251	1.35941	1.35308	1.36368	1.35238	1.35928	
2007-04-07T06:00:00	1.33781	1.35541	1.33411	1.35321	1.33768	1.35528	1.33398	1.35308	
2007-03-31T06:00:00	1.33591	1.34431	1.33191	1.33781	1.33578	1.34418	1.33178	1.33768	
2007-03-24T06:00:00	1.32881	1.34011	1.32551	1.33591	1.32868	1.33998	1.32538	1.33578	
2007-03-17T06:00:00	1.33141	1.34121	1.32721	1.32881	1.33128	1.34108	1.32708	1.32868	
2007-03-10T07:00:00	1.31151	1.33401	1.31091	1.33141	1.31138	1.33388	1.31078	1.33128	
2007-03-03T07:00:00	1.31931	1.32121	1.30731	1.31151	1.31918	1.32108	1.30718	1.31138	
2007-02-24T07:00:00	1.31661	1.32601	1.31431	1.31931	1.31648	1.32588	1.31418	1.31918	
2007-02-17T07:00:00	1.31401	1.31901	1.30821	1.31661	1.31388	1.31888	1.30808	1.31648	
2007-02-10T07:00:00	1.30071	1.31741	1.29421	1.31401	1.30058	1.31728	1.29408	1.31388	
2007-02-03T07:00:00	1.29661	1.30451	1.29141	1.30071	1.29648	1.30438	1.29128	1.30058	
2007-01-27T07:00:00	1.29121	1.30661	1.28991	1.29661	1.29138	1.30648	1.28978	1.29648	
2007-01-20T07:00:00	1.29591	1.30421	1.28751	1.29121	1.29608	1.30438	1.28768	1.29138	
2007-01-13T07:00:00	1.29141	1.29991	1.28951	1.29591	1.29158	1.30008	1.28968	1.29608	
2007-01-06T07:00:00	1.30011	1.30511	1.28631	1.29141	1.30028	1.30528	1.28648	1.29158	
2006-12-30T07:00:00	1.32031	1.32951	1.29791	1.30011	1.32018	1.32968	1.29808	1.30028	
2006-12-23T07:00:00	1.31421	1.32061	1.30911	1.32031	1.31408	1.32048	1.30898	1.32018	
2006-12-16T07:00:00	1.30841	1.32461	1.30531	1.31421	1.30828	1.32448	1.30518	1.31408	
2006-12-09T07:00:00	1.32041	1.32941	1.30611	1.30841	1.32028	1.32928	1.30598	1.30828	
2006-12-02T07:00:00	1.33371	1.33691	1.31901	1.32041	1.33358	1.33678	1.31888	1.32028	
2006-11-25T07:00:00	1.30961	1.33501	1.30871	1.33371	1.30948	1.33488	1.30858	1.33358	
2006-11-18T07:00:00	1.28261	1.31111	1.27971	1.30961	1.28248	1.31098	1.27958	1.30948	
2006-11-11T07:00:00	1.28471	1.28791	1.27631	1.28261	1.28458	1.28778	1.27618	1.28248	
2006-11-04T07:00:00	1.27171	1.29041	1.26911	1.28471	1.27158	1.29028	1.26898	1.28458	
2006-10-28T06:00:00	1.27351	1.27991	1.26791	1.27171	1.27338	1.27978	1.26778	1.27158	
2006-10-21T06:00:00	1.26191	1.27521	1.25261	1.27351	1.26178	1.27508	1.25248	1.27338	
2006-10-14T06:00:00	1.25091	1.26441	1.24911	1.26191	1.25078	1.26428	1.24898	1.26178	
2006-10-07T06:00:00	1.25911	1.26151	1.24851	1.25091	1.25928	1.26138	1.24838	1.25078	
2006-09-30T06:00:00	1.26801	1.27671	1.25691	1.25911	1.26788	1.27658	1.25708	1.25928	
2006-09-23T06:00:00	1.27871	1.28221	1.26401	1.26801	1.27858	1.28208	1.26388	1.26788	
2006-09-16T06:00:00	1.26571	1.28321	1.26321	1.27871	1.26558	1.28308	1.26308	1.27858	
2006-09-09T06:00:00	1.26781	1.27541	1.26321	1.26571	1.26768	1.27528	1.26308	1.26558	
2006-09-02T06:00:00	1.28381	1.28751	1.26521	1.26781	1.28368	1.28738	1.26508	1.26768	
2006-08-26T06:00:00	1.27571	1.28821	1.27501	1.28381	1.27558	1.28808	1.27488	1.28368	
2006-08-19T06:00:00	1.28301	1.29401	1.27251	1.27571	1.28288	1.29388	1.27238	1.27558	
2006-08-12T06:00:00	1.27281	1.28881	1.26951	1.28301	1.27298	1.28868	1.26938	1.28288	
2006-08-05T06:00:00	1.28731	1.29101	1.27151	1.27281	1.28748	1.29118	1.27168	1.27298	
2006-07-29T06:00:00	1.27461	1.29071	1.27171	1.28731	1.27478	1.29088	1.27188	1.28748	
2006-07-22T06:00:00	1.26931	1.27751	1.25591	1.27461	1.26948	1.27738	1.25578	1.27478	
2006-07-15T06:00:00	1.26441	1.26941	1.24551	1.26931	1.26458	1.26958	1.24568	1.26948	
2006-07-08T06:00:00	1.28131	1.28151	1.26251	1.26441	1.28148	1.28168	1.26268	1.26458	
2006-07-01T06:00:00	1.27881	1.28611	1.27071	1.28131	1.27898	1.28598	1.27058	1.28148	
2006-06-24T06:00:00	1.25081	1.27901	1.24991	1.27881	1.25098	1.27918	1.25008	1.27898	
2006-06-17T06:00:00	1.26371	1.26781	1.24751	1.25081	1.26388	1.26798	1.24768	1.25098	
2006-06-10T06:00:00	1.26411	1.26701	1.25281	1.26371	1.26398	1.26718	1.25298	1.26388	
2006-06-03T06:00:00	1.29221	1.29781	1.25981	1.26411	1.29208	1.29768	1.25968	1.26398	
2006-05-27T06:00:00	1.27251	1.29421	1.27191	1.29221	1.27238	1.29408	1.27178	1.29208	
2006-05-20T06:00:00	1.27741	1.28921	1.26961	1.27251	1.27728	1.28908	1.26948	1.27238	
2006-05-13T06:00:00	1.29291	1.29721	1.26931	1.27741	1.29278	1.29708	1.26918	1.27728	
2006-05-06T06:00:00	1.27291	1.29581	1.26601	1.29291	1.27278	1.29568	1.26588	1.29278	
2006-04-29T06:00:00	1.26161	1.27661	1.25551	1.27291	1.26148	1.27648	1.25538	1.27278	
2006-04-22T06:00:00	1.23481	1.26351	1.23341	1.26161	1.23468	1.26338	1.23328	1.26148	
2006-04-15T06:00:00	1.21131	1.23951	1.21131	1.23481	1.21118	1.23938	1.21118	1.23468	
2006-04-08T06:00:00	1.21021	1.21691	1.20671	1.21131	1.21008	1.21678	1.20658	1.21118	
2006-04-01T07:00:00	1.21191	1.23331	1.20341	1.21021	1.21178	1.23318	1.20328	1.21008	
2006-03-25T07:00:00	1.20371	1.21771	1.19801	1.21191	1.20358	1.21758	1.19788	1.21178	
2006-03-18T07:00:00	1.21911	1.21981	1.19531	1.20371	1.21928	1.21968	1.19518	1.20358	
2006-03-11T07:00:00	1.19141	1.22061	1.19011	1.21911	1.19158	1.22078	1.19028	1.21928	
2006-03-04T07:00:00	1.20371	1.20951	1.18581	1.19141	1.20358	1.20938	1.18598	1.19158	
2006-02-25T07:00:00	1.18661	1.20541	1.18271	1.20371	1.18678	1.20528	1.18258	1.20358	
2006-02-18T07:00:00	1.19341	1.19761	1.18611	1.18661	1.19328	1.19748	1.18628	1.18678	
2006-02-11T07:00:00	1.18961	1.19561	1.18481	1.19341	1.18948	1.19548	1.18468	1.19328	
2006-02-04T07:00:00	1.20211	1.20471	1.18921	1.18961	1.20198	1.20458	1.18908	1.18948	
2006-01-28T07:00:00	1.21021	1.21901	1.19681	1.20211	1.21008	1.21888	1.19668	1.20198	
2006-01-21T07:00:00	1.21381	1.23251	1.20871	1.21021	1.21368	1.23238	1.20858	1.21008	
2006-01-14T07:00:00	1.21331	1.21751	1.20421	1.21381	1.21318	1.21738	1.20408	1.21368	
2006-01-07T07:00:00	1.21541	1.21641	1.20081	1.21331	1.21528	1.21628	1.20068	1.21318	
2005-12-31T07:00:00	1.18401	1.21821	1.18371	1.21541	1.18388	1.21808	1.18358	1.21528	
2005-12-24T07:00:00	1.18751	1.19331	1.17781	1.18401	1.18738	1.19318	1.17768	1.18388	
2005-12-17T07:00:00	1.20151	1.20391	1.18011	1.18751	1.20138	1.20378	1.17998	1.18738	
2005-12-10T07:00:00	1.18161	1.20621	1.17751	1.20151	1.18148	1.20608	1.17738	1.20138	
2005-12-03T07:00:00	1.17201	1.18511	1.16891	1.18161	1.17188	1.18498	1.16878	1.18148	
2005-11-26T07:00:00	1.17261	1.19021	1.16611	1.17201	1.17248	1.19008	1.16598	1.17188	
2005-11-19T07:00:00	1.17641	1.18621	1.16861	1.17261	1.17658	1.18608	1.16848	1.17248	
2005-11-12T07:00:00	1.17291	1.17931	1.16391	1.17641	1.17278	1.17948	1.16408	1.17658	
2005-11-05T07:00:00	1.18241	1.18331	1.16721	1.17291	1.18228	1.18318	1.16708	1.17278	
2005-10-29T06:00:00	1.20691	1.20901	1.18051	1.18241	1.20678	1.20888	1.18038	1.18228	
2005-10-22T06:00:00	1.19521	1.21741	1.19221	1.20691	1.19508	1.21728	1.19208	1.20678	
2005-10-15T06:00:00	1.20851	1.21231	1.18761	1.19521	1.20838	1.21218	1.18748	1.19508	
2005-10-08T06:00:00	1.21251	1.21541	1.19141	1.20851	1.21238	1.21528	1.19128	1.20838	
2005-10-01T06:00:00	1.20201	1.22051	1.19011	1.21251	1.20188	1.22038	1.18998	1.21238	
2005-09-24T06:00:00	1.20481	1.20911	1.19791	1.20201	1.20468	1.20898	1.19778	1.20188	
2005-09-17T06:00:00	1.22341	1.22701	1.20431	1.20481	1.22328	1.22688	1.20418	1.20468	
2005-09-10T06:00:00	1.24131	1.24421	1.21951	1.22341	1.24118	1.24408	1.21938	1.22328	
2005-09-03T06:00:00	1.25451	1.25871	1.23761	1.24131	1.25438	1.25858	1.23748	1.24118	
2005-08-27T06:00:00	1.22851	1.25901	1.21711	1.25451	1.22838	1.25888	1.21698	1.25438	
2005-08-20T06:00:00	1.21651	1.23431	1.21531	1.22851	1.21638	1.23418	1.21518	1.22838	
2005-08-13T06:00:00	1.24371	1.24651	1.21261	1.21651	1.24358	1.24638	1.21248	1.21638	
2005-08-06T06:00:00	1.23521	1.24871	1.23161	1.24371	1.23508	1.24858	1.23148	1.24358	
2005-07-30T06:00:00	1.21251	1.24041	1.21201	1.23521	1.21238	1.24028	1.21188	1.23508	
2005-07-23T06:00:00	1.20621	1.21611	1.19641	1.21251	1.20608	1.21598	1.19628	1.21238	
2005-07-16T06:00:00	1.20431	1.22521	1.19531	1.20621	1.20418	1.22508	1.19518	1.20608	
2005-07-09T06:00:00	1.19601	1.22571	1.19581	1.20431	1.19588	1.22558	1.19568	1.20418	
2005-07-02T06:00:00	1.19491	1.20421	1.18661	1.19601	1.19478	1.20408	1.18648	1.19588	
2005-06-25T06:00:00	1.21031	1.21861	1.19411	1.19491	1.21018	1.21848	1.19398	1.19478	
2005-06-18T06:00:00	1.22771	1.22771	1.19821	1.21031	1.22758	1.22758	1.19808	1.21018	
2005-06-11T06:00:00	1.21211	1.22851	1.20171	1.22771	1.21198	1.22838	1.20158	1.22758	
2005-06-04T06:00:00	1.22241	1.23541	1.21091	1.21211	1.22228	1.23528	1.21078	1.21198	
2005-05-28T06:00:00	1.25811	1.25811	1.21581	1.22241	1.25798	1.25798	1.21568	1.22228	
2005-05-21T06:00:00	1.25611	1.26301	1.24941	1.25811	1.25598	1.26288	1.24928	1.25798	
2005-05-14T06:00:00	1.26231	1.26921	1.25361	1.25611	1.26218	1.26908	1.25348	1.25598	
2005-05-07T06:00:00	1.28241	1.29131	1.26111	1.26231	1.28228	1.29118	1.26098	1.26218	
2005-04-30T06:00:00	1.28701	1.29891	1.28111	1.28241	1.28688	1.29878	1.28098	1.28228	
2005-04-23T06:00:00	1.30651	1.30751	1.28541	1.28701	1.30638	1.30738	1.28528	1.28688	
2005-04-16T06:00:00	1.29191	1.31261	1.28771	1.30651	1.29178	1.31248	1.28758	1.30638	
2005-04-09T06:00:00	1.29291	1.30171	1.27691	1.29191	1.29278	1.30158	1.27678	1.29178	
2005-04-02T07:00:00	1.29091	1.29411	1.28021	1.29291	1.29078	1.29398	1.28008	1.29278	
2005-03-26T07:00:00	1.29581	1.30521	1.28571	1.29091	1.29568	1.30508	1.28558	1.29078	
2005-03-19T07:00:00	1.33141	1.33231	1.29291	1.29581	1.33128	1.33218	1.29278	1.29568	
2005-03-12T07:00:00	1.34511	1.34791	1.32651	1.33141	1.34498	1.34778	1.32638	1.33128	
2005-03-05T07:00:00	1.32421	1.34811	1.31761	1.34511	1.32408	1.34798	1.31748	1.34498	
2005-02-26T07:00:00	1.32431	1.32801	1.30871	1.32421	1.32418	1.32788	1.30858	1.32408	
2005-02-19T07:00:00	1.30691	1.32751	1.30321	1.32431	1.30678	1.32738	1.30308	1.32418	
2005-02-12T07:00:00	1.28681	1.30901	1.28671	1.30691	1.28668	1.30888	1.28658	1.30678	
2005-02-05T07:00:00	1.28741	1.29071	1.27321	1.28681	1.28728	1.29058	1.27308	1.28668	
2005-01-29T07:00:00	1.30471	1.30941	1.28681	1.28741	1.30458	1.30928	1.28668	1.28728	
2005-01-22T07:00:00	1.30461	1.31241	1.29461	1.30471	1.30448	1.31228	1.29448	1.30458	
2005-01-15T07:00:00	1.31041	1.31291	1.29231	1.30461	1.31028	1.31278	1.29218	1.30448	
2005-01-08T07:00:00	1.30451	1.32931	1.30451	1.31041	1.30438	1.32918	1.30438	1.31028	
2005-01-01T07:00:00	1.35331	1.35811	1.30251	1.30451	1.35318	1.35798	1.30238	1.30438	
2004-12-25T07:00:00	1.35321	1.36681	1.35121	1.35331	1.35308	1.36668	1.35108	1.35318	
2004-12-18T07:00:00	1.32871	1.35491	1.32871	1.35321	1.32858	1.35478	1.32858	1.35308	
2004-12-11T07:00:00	1.32261	1.34431	1.31901	1.32871	1.32248	1.34418	1.31888	1.32858	
2004-12-04T07:00:00	1.34571	1.34701	1.31401	1.32261	1.34558	1.34688	1.31388	1.32248	
2004-11-27T07:00:00	1.32951	1.34611	1.32301	1.34571	1.32938	1.34598	1.32288	1.34558	
2004-11-20T07:00:00	1.30261	1.33311	1.29761	1.32951	1.30248	1.33298	1.29748	1.32938	
2004-11-13T07:00:00	1.29781	1.30761	1.29181	1.30261	1.29768	1.30748	1.29168	1.30248	
2004-11-06T07:00:00	1.29711	1.30051	1.28481	1.29781	1.29698	1.30038	1.28468	1.29768	
2004-10-30T06:00:00	1.27981	1.29711	1.26581	1.29711	1.27968	1.29698	1.26568	1.29698	
2004-10-23T06:00:00	1.26721	1.28431	1.26311	1.27981	1.26708	1.28418	1.26298	1.27968	
2004-10-16T06:00:00	1.24761	1.26831	1.24531	1.26721	1.24748	1.26818	1.24518	1.26708	
2004-10-09T06:00:00	1.24091	1.25071	1.22261	1.24761	1.24078	1.25058	1.22248	1.24748	
2004-10-02T06:00:00	1.24121	1.24341	1.22481	1.24091	1.24108	1.24328	1.22468	1.24078	
2004-09-25T06:00:00	1.22621	1.24441	1.22481	1.24121	1.22608	1.24428	1.22468	1.24108	
2004-09-18T06:00:00	1.21821	1.23641	1.21261	1.22621	1.21808	1.23628	1.21248	1.22608	
2004-09-11T06:00:00	1.22671	1.22961	1.21211	1.21821	1.22658	1.22948	1.21198	1.21808	
2004-09-04T06:00:00	1.20621	1.23101	1.20271	1.22671	1.20608	1.23088	1.20258	1.22658	
2004-08-28T06:00:00	1.20111	1.22211	1.19881	1.20621	1.20098	1.22198	1.19868	1.20608	
2004-08-21T06:00:00	1.23121	1.23421	1.20061	1.20111	1.23108	1.23408	1.20048	1.20098	
2004-08-14T06:00:00	1.23721	1.23871	1.22781	1.23121	1.23708	1.23858	1.22768	1.23108	
2004-08-07T06:00:00	1.22861	1.23781	1.21771	1.23721	1.22878	1.23768	1.21758	1.23708	
2004-07-31T06:00:00	1.20251	1.22901	1.19691	1.22861	1.20238	1.22888	1.19678	1.22878	
2004-07-24T06:00:00	1.21011	1.21901	1.19921	1.20251	1.20998	1.21888	1.19908	1.20238	
2004-07-17T06:00:00	1.24491	1.24621	1.20881	1.21011	1.24478	1.24608	1.20868	1.20998	
2004-07-10T06:00:00	1.24131	1.24621	1.23021	1.24491	1.24118	1.24608	1.23008	1.24478	
2004-07-03T06:00:00	1.23221	1.24231	1.22671	1.24131	1.23208	1.24218	1.22658	1.24118	
2004-06-26T06:00:00	1.21601	1.23281	1.20671	1.23221	1.21588	1.23268	1.20658	1.23208	
2004-06-19T06:00:00	1.21411	1.21931	1.20411	1.21601	1.21398	1.21918	1.20398	1.21588	
2004-06-12T06:00:00	1.20201	1.21701	1.19541	1.21411	1.20188	1.21688	1.19528	1.21398	
2004-06-05T06:00:00	1.22901	1.23521	1.19661	1.20201	1.22878	1.23508	1.19648	1.20188	
2004-05-29T06:00:00	1.22151	1.23091	1.21391	1.22901	1.22128	1.23068	1.21368	1.22878	
2004-05-22T06:00:00	1.19921	1.22971	1.19341	1.22151	1.19938	1.22948	1.19318	1.22128	
2004-05-15T06:00:00	1.18821	1.20701	1.18791	1.19921	1.18798	1.20678	1.18768	1.19938	
2004-05-08T06:00:00	1.18891	1.19441	1.17741	1.18821	1.18868	1.19418	1.17718	1.18798	
2004-05-01T06:00:00	1.19831	1.21831	1.18771	1.18891	1.19808	1.21808	1.18748	1.18868	
2004-04-24T06:00:00	1.18341	1.20151	1.17611	1.19831	1.18358	1.20128	1.17588	1.19808	
2004-04-17T06:00:00	1.19881	1.20801	1.17791	1.18341	1.19898	1.20778	1.17768	1.18358	
2004-04-10T06:00:00	1.20851	1.20971	1.18661	1.19881	1.20868	1.20988	1.18678	1.19898	
2004-04-03T07:00:00	1.21331	1.22171	1.19791	1.20851	1.21348	1.22188	1.19808	1.20868	
2004-03-27T07:00:00	1.21231	1.23861	1.20431	1.21331	1.21248	1.23878	1.20448	1.21348	
2004-03-20T07:00:00	1.22731	1.23981	1.20681	1.21231	1.22748	1.23998	1.20698	1.21248	
2004-03-13T07:00:00	1.22191	1.24291	1.21691	1.22731	1.22208	1.24308	1.21708	1.22748	
2004-03-06T07:00:00	1.23721	1.24551	1.21591	1.22191	1.23738	1.24568	1.21608	1.22208	
2004-02-28T07:00:00	1.24921	1.25391	1.20541	1.23721	1.24938	1.25408	1.20558	1.23738	
2004-02-21T07:00:00	1.25211	1.27111	1.23681	1.24921	1.25228	1.27128	1.23698	1.24938	
2004-02-14T07:00:00	1.27381	1.29261	1.24911	1.25211	1.27398	1.29278	1.24928	1.25228	
2004-02-07T07:00:00	1.27001	1.28911	1.25621	1.27381	1.27018	1.28928	1.25638	1.27398	
2004-01-31T07:00:00	1.24721	1.27231	1.23881	1.27001	1.24738	1.27248	1.23898	1.27018	
2004-01-24T07:00:00	1.25851	1.26621	1.23471	1.24721	1.25868	1.26638	1.23488	1.24738	
2004-01-17T07:00:00	1.23701	1.27731	1.23301	1.25851	1.23718	1.27748	1.23318	1.25868	
2004-01-10T07:00:00	1.28401	1.28951	1.23491	1.23701	1.28418	1.28968	1.23508	1.23718	
2004-01-03T07:00:00	1.25901	1.28661	1.25561	1.28401	1.25918	1.28678	1.25578	1.28418	
2003-12-27T07:00:00	1.24251	1.26451	1.24231	1.25901	1.24268	1.26468	1.24248	1.25918	
2003-12-20T07:00:00	1.23751	1.24671	1.23451	1.24251	1.23768	1.24688	1.23468	1.24268	
2003-12-13T07:00:00	1.22911	1.24371	1.21271	1.23751	1.22928	1.24388	1.21288	1.23768	
2003-12-06T07:00:00	1.21631	1.23041	1.21111	1.22911	1.21648	1.23058	1.21128	1.22928	
2003-11-29T07:00:00	1.19881	1.21751	1.19341	1.21631	1.19898	1.21768	1.19358	1.21648	
2003-11-22T07:00:00	1.19141	1.20121	1.17491	1.19881	1.19158	1.20138	1.17508	1.19898	
2003-11-15T07:00:00	1.17791	1.19751	1.17251	1.19141	1.17808	1.19768	1.17268	1.19158	
2003-11-08T07:00:00	1.15321	1.18021	1.14421	1.17791	1.15338	1.18038	1.14438	1.17808	
2003-11-01T07:00:00	1.15791	1.16161	1.13721	1.15321	1.15808	1.16178	1.13738	1.15338	
2003-10-25T06:00:00	1.17931	1.17931	1.15621	1.15791	1.17948	1.17948	1.15638	1.15808	
2003-10-18T06:00:00	1.16711	1.18541	1.15991	1.17931	1.16728	1.18558	1.16008	1.17948	
2003-10-11T06:00:00	1.18001	1.18121	1.15431	1.16711	1.18018	1.18138	1.15448	1.16728	
2003-10-04T06:00:00	1.15671	1.18561	1.15311	1.18001	1.15688	1.18578	1.15328	1.18018	
2003-09-27T06:00:00	1.14761	1.17651	1.13931	1.15671	1.14778	1.17668	1.13948	1.15688	
2003-09-20T06:00:00	1.13581	1.15331	1.13581	1.14761	1.13598	1.15348	1.13598	1.14778	
2003-09-13T06:00:00	1.12851	1.13801	1.11351	1.13581	1.12868	1.13818	1.11368	1.13598	
2003-09-06T06:00:00	1.11041	1.13221	1.10441	1.12851	1.11058	1.13238	1.10458	1.12868	
2003-08-30T06:00:00	1.09871	1.11101	1.07591	1.11041	1.09888	1.11118	1.07608	1.11058	
2003-08-23T06:00:00	1.08881	1.09961	1.07871	1.09871	1.08898	1.09978	1.07888	1.09888	
2003-08-16T06:00:00	1.12541	1.12661	1.08331	1.08881	1.12558	1.12678	1.08348	1.08898	
2003-08-09T06:00:00	1.12991	1.13781	1.12161	1.12541	1.13008	1.13798	1.12178	1.12558	
2003-08-02T06:00:00	1.12591	1.14241	1.12571	1.12991	1.12608	1.14258	1.12588	1.13008	
2003-07-26T06:00:00	1.15071	1.15381	1.11321	1.12591	1.15088	1.15398	1.11338	1.12608	
2003-07-19T06:00:00	1.12721	1.15471	1.12401	1.15071	1.12738	1.15488	1.12418	1.15088	
2003-07-12T06:00:00	1.12951	1.13351	1.11081	1.12721	1.12968	1.13368	1.11098	1.12738	
2003-07-05T06:00:00	1.14851	1.14861	1.12561	1.12951	1.14868	1.14878	1.12578	1.12968	
2003-06-28T06:00:00	1.14251	1.16071	1.13971	1.14851	1.14268	1.16088	1.13988	1.14868	
2003-06-21T06:00:00	1.16031	1.16201	1.13971	1.14251	1.16048	1.16218	1.13988	1.14268	
2003-06-14T06:00:00	1.18611	1.19281	1.15481	1.16031	1.18628	1.19298	1.15498	1.16048	
2003-06-07T06:00:00	1.16981	1.18751	1.16521	1.18611	1.16998	1.18768	1.16538	1.18628	
2003-05-31T06:00:00	1.17651	1.18861	1.16281	1.16981	1.17668	1.18878	1.16298	1.16998	
2003-05-24T06:00:00	1.18261	1.19321	1.16891	1.17651	1.18278	1.19338	1.16908	1.17668	
2003-05-17T06:00:00	1.15711	1.18351	1.15711	1.18261	1.15728	1.18368	1.15728	1.18278	
2003-05-10T06:00:00	1.14901	1.16211	1.13671	1.15711	1.14918	1.16228	1.13688	1.15728	
2003-05-03T06:00:00	1.12261	1.15341	1.12011	1.14901	1.12278	1.15358	1.12028	1.14918	
2003-04-26T06:00:00	1.10331	1.12841	1.09311	1.12261	1.10348	1.12858	1.09328	1.12278	
2003-04-19T06:00:00	1.08791	1.10471	1.08191	1.10331	1.08808	1.10488	1.08208	1.10348	
2003-04-12T06:00:00	1.07501	1.09741	1.07131	1.08791	1.07518	1.09758	1.07148	1.08808	
2003-04-05T07:00:00	1.07281	1.08281	1.05571	1.07501	1.07298	1.08298	1.05588	1.07518	
2003-03-29T07:00:00	1.07781	1.09561	1.06791	1.07281	1.07798	1.09578	1.06808	1.07298	
2003-03-22T07:00:00	1.05211	1.07981	1.05211	1.07781	1.05228	1.07998	1.05228	1.07798	
2003-03-15T07:00:00	1.07391	1.08421	1.04981	1.05211	1.07408	1.08438	1.04998	1.05228	
2003-03-08T07:00:00	1.10021	1.10821	1.06871	1.07391	1.10038	1.10838	1.06888	1.07408	
2003-03-01T07:00:00	1.07971	1.10631	1.07641	1.10021	1.07988	1.10648	1.07658	1.10038	
2003-02-22T07:00:00	1.07621	1.08361	1.07031	1.07971	1.07638	1.08378	1.07048	1.07988	
2003-02-15T07:00:00	1.07901	1.08441	1.06631	1.07621	1.07918	1.08458	1.06648	1.07638	
2003-02-08T07:00:00	1.08251	1.08561	1.06631	1.07901	1.08268	1.08578	1.06648	1.07918	
2003-02-01T07:00:00	1.07621	1.09351	1.06901	1.08251	1.07638	1.09368	1.06918	1.08268	
2003-01-25T07:00:00	1.08261	1.09041	1.07191	1.07621	1.08278	1.09058	1.07208	1.07638	
2003-01-18T07:00:00	1.06631	1.08461	1.06281	1.08261	1.06648	1.08478	1.06298	1.08278	
2003-01-11T07:00:00	1.05751	1.06761	1.05011	1.06631	1.05768	1.06778	1.05028	1.06648	
2003-01-04T07:00:00	1.04141	1.05821	1.03581	1.05751	1.04158	1.05838	1.03598	1.05768	
2002-12-28T07:00:00	1.04351	1.05011	1.03321	1.04141	1.04368	1.05028	1.03338	1.04158	
2002-12-21T07:00:00	1.02661	1.04401	1.02121	1.04351	1.02678	1.04418	1.02138	1.04368	
2002-12-14T07:00:00	1.02251	1.03321	1.01901	1.02661	1.02268	1.03338	1.01918	1.02678	
2002-12-07T07:00:00	1.00931	1.02571	1.00581	1.02251	1.00948	1.02588	1.00598	1.02268	
2002-11-30T07:00:00	0.99421	1.01231	0.98571	1.00931	0.99438	1.01248	0.98588	1.00948	
2002-11-23T07:00:00	0.99681	0.99681	0.98771	0.99421	0.99698	0.99698	0.98788	0.99438	
2002-11-16T07:00:00	1.00911	1.01401	0.99581	0.99681	1.00928	1.01418	0.99598	0.99698	
2002-11-09T07:00:00	1.01271	1.01681	1.00101	1.00911	1.01288	1.01698	1.00118	1.00928	
2002-11-02T07:00:00	0.99641	1.01451	0.99301	1.01271	0.99658	1.01468	0.99318	1.01288	
2002-10-26T06:00:00	0.97611	0.99651	0.97251	0.99641	0.97628	0.99668	0.97268	0.99658	
2002-10-19T06:00:00	0.97161	0.98001	0.96831	0.97611	0.97178	0.98018	0.96848	0.97628	
2002-10-12T06:00:00	0.98631	0.98901	0.96931	0.97161	0.98648	0.98918	0.96948	0.97178	
2002-10-05T06:00:00	0.97881	0.99241	0.97571	0.98631	0.97898	0.99258	0.97588	0.98648	
2002-09-28T06:00:00	0.98051	0.99081	0.97781	0.97881	0.98068	0.99098	0.97798	0.97898	
2002-09-21T06:00:00	0.98131	0.98551	0.97251	0.98051	0.98148	0.98568	0.97268	0.98068	
2002-09-14T06:00:00	0.97151	0.98721	0.96061	0.98131	0.97168	0.98738	0.96078	0.98148	
2002-09-07T06:00:00	0.98171	0.98361	0.96991	0.97151	0.98188	0.98378	0.97008	0.97168	
2002-08-31T06:00:00	0.98231	0.99881	0.97951	0.98171	0.98248	0.99898	0.97968	0.98188	
2002-08-24T06:00:00	0.97231	0.98831	0.96831	0.98231	0.97248	0.98848	0.96848	0.98248	
2002-08-17T06:00:00	0.98431	0.98691	0.96611	0.97231	0.98448	0.98708	0.96628	0.97248	
2002-08-10T06:00:00	0.96971	0.98901	0.96911	0.98431	0.96988	0.98918	0.96928	0.98448	
2002-08-03T06:00:00	0.98631	0.98751	0.96201	0.96971	0.98648	0.98768	0.96218	0.96988	
2002-07-27T06:00:00	0.98681	0.99151	0.97211	0.98631	0.98698	0.99168	0.97228	0.98648	
2002-07-20T06:00:00	1.01431	1.01591	0.98421	0.98681	1.01448	1.01608	0.98438	0.98698	
2002-07-13T06:00:00	0.99091	1.02031	0.99061	1.01431	0.99108	1.02048	0.99078	1.01448	
2002-07-06T06:00:00	0.97281	0.99661	0.97231	0.99091	0.97298	0.99678	0.97248	0.99108	
2002-06-29T06:00:00	0.99091	0.99741	0.97121	0.97281	0.99068	0.99718	0.97138	0.97298	
2002-06-22T06:00:00	0.97181	0.99921	0.96611	0.99091	0.97158	0.99898	0.96588	0.99068	
2002-06-15T06:00:00	0.94591	0.97191	0.94131	0.97181	0.94568	0.97168	0.94108	0.97158	
2002-06-08T06:00:00	0.94351	0.95241	0.93881	0.94591	0.94328	0.95218	0.93858	0.94568	
2002-06-01T06:00:00	0.93311	0.94901	0.93051	0.94351	0.93288	0.94878	0.93028	0.94328	
2002-05-25T06:00:00	0.92101	0.94141	0.91841	0.93311	0.92078	0.94118	0.91818	0.93288	
2002-05-18T06:00:00	0.92081	0.92791	0.91631	0.92101	0.92058	0.92768	0.91608	0.92078	
2002-05-11T06:00:00	0.91381	0.92211	0.89971	0.92081	0.91358	0.92188	0.89948	0.92058	
2002-05-04T06:00:00	0.91621	0.91901	0.90381	0.91381	0.91598	0.91878	0.90358	0.91358	
2002-04-27T06:00:00	0.90161	0.91751	0.89921	0.91621	0.90138	0.91728	0.89898	0.91598	
2002-04-20T06:00:00	0.89111	0.90221	0.88621	0.90161	0.89088	0.90198	0.88598	0.90138	
2002-04-13T06:00:00	0.88011	0.89241	0.87891	0.89111	0.87988	0.89218	0.87868	0.89088	
2002-04-06T07:00:00	0.87901	0.88471	0.87371	0.88011	0.87878	0.88448	0.87348	0.87988	
2002-03-30T07:00:00	0.87161	0.88581	0.87131	0.87901	0.87138	0.88558	0.87108	0.87878	
2002-03-23T07:00:00	0.87721	0.87971	0.87021	0.87161	0.87698	0.87948	0.86998	0.87138	
2002-03-16T07:00:00	0.88261	0.88631	0.87521	0.87721	0.88238	0.88608	0.87498	0.87698	
2002-03-09T07:00:00	0.87471	0.88711	0.87071	0.88261	0.87448	0.88688	0.87048	0.88238	
2002-03-02T07:00:00	0.86561	0.88411	0.86351	0.87471	0.86538	0.88388	0.86328	0.87448	
2002-02-23T07:00:00	0.87551	0.87631	0.86171	0.86561	0.87528	0.87608	0.86148	0.86538	
2002-02-16T07:00:00	0.87361	0.87841	0.86671	0.87551	0.87338	0.87818	0.86648	0.87528	
2002-02-09T07:00:00	0.87301	0.88021	0.86821	0.87361	0.87278	0.87998	0.86798	0.87338	
2002-02-02T07:00:00	0.86161	0.87551	0.86071	0.87301	0.86138	0.87528	0.86048	0.87278	
2002-01-26T07:00:00	0.86531	0.86741	0.85651	0.86161	0.86508	0.86718	0.85628	0.86138	
2002-01-19T07:00:00	0.88471	0.88911	0.86331	0.86531	0.88448	0.88888	0.86308	0.86508	
2002-01-12T07:00:00	0.89281	0.89531	0.87951	0.88471	0.89258	0.89508	0.87928	0.88448	
2002-01-05T07:00:00	0.89491	0.89971	0.88661	0.89281	0.89468	0.89948	0.88638	0.89258	
2001-12-29T07:00:00	0.88461	0.90671	0.88281	0.89491	0.88438	0.90648	0.88258	0.89468	
2001-12-22T07:00:00	0.88911	0.89071	0.87431	0.88461	0.88888	0.89048	0.87408	0.88438	
2001-12-15T07:00:00	0.90361	0.90831	0.88571	0.88911	0.90338	0.90808	0.88548	0.88888	
2001-12-08T07:00:00	0.88991	0.90541	0.88441	0.90361	0.88968	0.90518	0.88418	0.90338	
2001-12-01T07:00:00	0.89671	0.89701	0.88451	0.88991	0.89648	0.89678	0.88428	0.88968	
2001-11-24T07:00:00	0.87831	0.89841	0.87711	0.89671	0.87808	0.89818	0.87688	0.89648	
2001-11-17T07:00:00	0.88451	0.88541	0.87381	0.87831	0.88428	0.88518	0.87358	0.87808	
2001-11-10T07:00:00	0.89461	0.90141	0.87741	0.88451	0.89438	0.90118	0.87718	0.88428	
2001-11-03T07:00:00	0.90191	0.90491	0.88941	0.89461	0.90168	0.90468	0.88918	0.89438	
2001-10-27T06:00:00	0.89291	0.91221	0.89241	0.90191	0.89268	0.91198	0.89218	0.90168	
2001-10-20T06:00:00	0.89851	0.90041	0.88731	0.89321	0.89828	0.90018	0.88708	0.89298	
2001-10-13T06:00:00	0.91211	0.91441	0.89701	0.89851	0.91188	0.91418	0.89678	0.89828	
2001-10-06T06:00:00	0.91951	0.92431	0.89951	0.91211	0.91928	0.92408	0.89928	0.91188	
2001-09-29T06:00:00	0.91041	0.92331	0.90711	0.91951	0.91018	0.92308	0.90688	0.91928	
2001-09-22T06:00:00	0.91371	0.92501	0.90851	0.91041	0.91348	0.92478	0.90828	0.91018	
2001-09-15T06:00:00	0.92291	0.93341	0.90901	0.91371	0.92268	0.93318	0.90878	0.91348	
2001-09-08T06:00:00	0.90711	0.92501	0.89581	0.92291	0.90688	0.92478	0.89558	0.92268	
2001-09-01T06:00:00	0.91041	0.91041	0.88291	0.90711	0.91018	0.91018	0.88268	0.90688	
2001-08-25T06:00:00	0.91381	0.92011	0.90321	0.91041	0.91358	0.91988	0.90298	0.91018	
2001-08-18T06:00:00	0.91821	0.92431	0.90811	0.91381	0.91798	0.92408	0.90788	0.91358	
2001-08-11T06:00:00	0.89391	0.92011	0.89271	0.91821	0.89368	0.91988	0.89248	0.91798	
2001-08-04T06:00:00	0.88381	0.89611	0.87441	0.89391	0.88358	0.89588	0.87418	0.89368	
2001-07-28T06:00:00	0.87661	0.88761	0.87261	0.88381	0.87638	0.88738	0.87238	0.88358	
2001-07-21T06:00:00	0.87111	0.88261	0.86581	0.87661	0.87088	0.88238	0.86558	0.87638	
2001-07-14T06:00:00	0.85491	0.87851	0.84951	0.87111	0.85468	0.87828	0.84928	0.87088	
2001-07-07T06:00:00	0.84721	0.86431	0.84501	0.85491	0.84698	0.86408	0.84478	0.85468	
2001-06-30T06:00:00	0.85041	0.85131	0.83551	0.84721	0.85018	0.85108	0.83528	0.84698	
2001-06-23T06:00:00	0.85711	0.86621	0.84351	0.85041	0.85688	0.86598	0.84328	0.85018	
2001-06-16T06:00:00	0.86361	0.86451	0.85001	0.85711	0.86338	0.86428	0.84978	0.85688	
2001-06-09T06:00:00	0.85031	0.86731	0.84161	0.86361	0.85008	0.86708	0.84138	0.86338	
2001-06-02T06:00:00	0.84681	0.85711	0.84301	0.85031	0.84658	0.85688	0.84278	0.85008	
2001-05-26T06:00:00	0.86061	0.86151	0.84361	0.84681	0.86038	0.86128	0.84338	0.84658	
2001-05-19T06:00:00	0.88031	0.88211	0.85061	0.86061	0.88008	0.88188	0.85038	0.86038	
2001-05-12T06:00:00	0.87661	0.88831	0.87301	0.88031	0.87638	0.88808	0.87278	0.88008	
2001-05-05T06:00:00	0.89291	0.89391	0.87441	0.87661	0.89268	0.89368	0.87418	0.87638	
2001-04-28T06:00:00	0.89191	0.90071	0.88551	0.89291	0.89168	0.90048	0.88528	0.89268	
2001-04-21T06:00:00	0.90151	0.90831	0.88911	0.89191	0.90128	0.90808	0.88888	0.89168	
2001-04-14T06:00:00	0.88911	0.90501	0.87021	0.90151	0.88888	0.90478	0.86998	0.90128	
2001-04-07T06:00:00	0.90401	0.90491	0.88131	0.88911	0.90378	0.90468	0.88108	0.88888	
2001-03-31T07:00:00	0.87441	0.90911	0.87441	0.90401	0.87418	0.90888	0.87418	0.90378	
2001-03-24T07:00:00	0.89111	0.89931	0.87441	0.87441	0.89088	0.89908	0.87418	0.87418	
2001-03-17T07:00:00	0.89731	0.91281	0.88371	0.89111	0.89708	0.91258	0.88348	0.89088	
2001-03-10T07:00:00	0.93191	0.93471	0.89171	0.89731	0.93168	0.93448	0.89148	0.89708	
2001-03-03T07:00:00	0.93661	0.93731	0.92571	0.93191	0.93638	0.93708	0.92548	0.93168	
2001-02-24T07:00:00	0.91791	0.93831	0.90821	0.93661	0.91768	0.93808	0.90798	0.93638	
2001-02-17T07:00:00	0.91291	0.92421	0.90201	0.91791	0.91268	0.92398	0.90178	0.91768	
2001-02-10T07:00:00	0.92601	0.93331	0.90331	0.91291	0.92578	0.93308	0.90308	0.91268	
2001-02-03T07:00:00	0.93451	0.94421	0.91391	0.92601	0.93428	0.94398	0.91368	0.92578	
2001-01-27T07:00:00	0.92471	0.94471	0.91501	0.93451	0.92448	0.94448	0.91478	0.93428	
2001-01-20T07:00:00	0.93471	0.94521	0.91231	0.92471	0.93448	0.94498	0.91208	0.92448	
2001-01-13T07:00:00	0.95191	0.95321	0.92931	0.93471	0.95168	0.95298	0.92908	0.93448	
2001-01-06T07:00:00	0.95811	0.95921	0.93651	0.95191	0.95788	0.95898	0.93628	0.95168	
2000-12-30T07:00:00	0.94241	0.95971	0.92651	0.95811	0.94218	0.95948	0.92628	0.95788	
2000-12-23T07:00:00	0.92411	0.94341	0.92001	0.94241	0.92388	0.94318	0.91978	0.94218	
2000-12-16T07:00:00	0.89491	0.92621	0.88831	0.92411	0.89468	0.92598	0.88808	0.92388	
2000-12-09T07:00:00	0.88141	0.90021	0.87211	0.89491	0.88118	0.89998	0.87188	0.89468	
2000-12-02T07:00:00	0.87931	0.89741	0.87611	0.88141	0.87908	0.89718	0.87588	0.88118	
2000-11-25T07:00:00	0.83961	0.88031	0.83901	0.87931	0.83938	0.88008	0.83878	0.87908	
2000-11-18T07:00:00	0.84921	0.85381	0.83741	0.83961	0.84898	0.85358	0.83718	0.83938	
2000-11-11T07:00:00	0.86301	0.86651	0.84771	0.84921	0.86278	0.86628	0.84748	0.84898	
2000-11-04T07:00:00	0.86621	0.87271	0.85221	0.86301	0.86598	0.87248	0.85198	0.86278	
2000-10-28T06:00:00	0.84141	0.87901	0.83881	0.86621	0.84118	0.87878	0.83858	0.86598	
2000-10-21T06:00:00	0.84181	0.84381	0.82331	0.84141	0.84158	0.84358	0.82308	0.84118	
2000-10-14T06:00:00	0.85561	0.85741	0.83341	0.84181	0.85538	0.85718	0.83318	0.84158	
2000-10-07T06:00:00	0.86891	0.87671	0.85321	0.85561	0.86868	0.87648	0.85298	0.85538	
2000-09-30T06:00:00	0.88421	0.88591	0.86691	0.86891	0.88398	0.88568	0.86668	0.86868	
2000-09-23T06:00:00	0.87851	0.88881	0.87171	0.88421	0.87828	0.88858	0.87148	0.88398	
2000-09-16T06:00:00	0.85251	0.89951	0.84461	0.87851	0.85228	0.89928	0.84438	0.87828	
2000-09-09T06:00:00	0.86441	0.87291	0.85251	0.85251	0.86418	0.87268	0.85228	0.85228	
2000-09-02T06:00:00	0.90061	0.90381	0.86401	0.86441	0.90038	0.90358	0.86378	0.86418	
2000-08-26T06:00:00	0.90271	0.90491	0.88401	0.90061	0.90248	0.90468	0.88378	0.90038	
2000-08-19T06:00:00	0.90741	0.90821	0.89161	0.90271	0.90718	0.90798	0.89138	0.90248	
2000-08-12T06:00:00	0.90421	0.91831	0.90071	0.90741	0.90398	0.91808	0.90048	0.90718	
2000-08-05T06:00:00	0.90771	0.91491	0.89641	0.90421	0.90748	0.91468	0.89618	0.90398	
2000-07-29T06:00:00	0.92411	0.92971	0.90131	0.90771	0.92388	0.92948	0.90108	0.90748	
2000-07-22T06:00:00	0.93661	0.94501	0.92291	0.92411	0.93638	0.94478	0.92268	0.92388	
2000-07-15T06:00:00	0.94011	0.94021	0.91971	0.93661	0.93988	0.93998	0.91948	0.93638	
2000-07-08T06:00:00	0.94851	0.95671	0.93231	0.94011	0.94828	0.95648	0.93208	0.93988	
2000-07-01T06:00:00	0.95261	0.95981	0.94661	0.94851	0.95238	0.95958	0.94638	0.94828	
2000-06-24T06:00:00	0.93651	0.96021	0.93031	0.95261	0.93628	0.95998	0.93008	0.95238	
2000-06-17T06:00:00	0.96401	0.96931	0.93431	0.93651	0.96378	0.96908	0.93408	0.93628	
2000-06-10T06:00:00	0.95411	0.96611	0.94931	0.96401	0.95388	0.96588	0.94908	0.96378	
2000-06-03T06:00:00	0.94651	0.97031	0.94161	0.95411	0.94628	0.97008	0.94138	0.95388	
2000-05-27T06:00:00	0.93311	0.94961	0.92441	0.94651	0.93288	0.94938	0.92418	0.94628	
2000-05-20T06:00:00	0.89771	0.93441	0.89561	0.93311	0.89748	0.93418	0.89538	0.93288	
2000-05-13T06:00:00	0.91821	0.91971	0.88531	0.89771	0.91798	0.91948	0.88508	0.89748	
2000-05-06T06:00:00	0.89671	0.92031	0.89211	0.91821	0.89648	0.92008	0.89188	0.91798	
2000-04-29T06:00:00	0.91251	0.91771	0.88561	0.89671	0.91228	0.91748	0.88538	0.89648	
2000-04-22T06:00:00	0.93851	0.94521	0.90361	0.91251	0.93828	0.94498	0.90338	0.91228	
2000-04-15T06:00:00	0.96491	0.96741	0.93571	0.93851	0.96468	0.96718	0.93548	0.93828	
2000-04-08T06:00:00	0.95521	0.96491	0.95151	0.96491	0.95498	0.96468	0.95128	0.96468	
2000-04-01T07:00:00	0.95671	0.97531	0.95091	0.95521	0.95648	0.97508	0.95068	0.95498	
2000-03-25T07:00:00	0.97751	0.97901	0.94861	0.95671	0.97728	0.97878	0.94838	0.95648	
2000-03-18T07:00:00	0.97281	0.97821	0.95851	0.97751	0.97258	0.97798	0.95828	0.97728	
2000-03-11T07:00:00	0.96301	0.97401	0.96031	0.97281	0.96278	0.97378	0.96008	0.97258	
2000-03-04T07:00:00	0.95701	0.96991	0.95271	0.96301	0.95678	0.96968	0.95248	0.96278	
2000-02-26T07:00:00	0.97431	0.99031	0.93931	0.95701	0.97408	0.99008	0.93908	0.95678	
2000-02-19T07:00:00	0.98571	1.00931	0.97281	0.97431	0.98548	1.00908	0.97258	0.97408	
2000-02-12T07:00:00	0.98731	0.99551	0.97671	0.98571	0.98708	0.99528	0.97648	0.98548	
2000-02-05T07:00:00	0.98321	0.99701	0.97581	0.98731	0.98298	0.99678	0.97558	0.98708	
2000-01-29T07:00:00	0.97761	0.99501	0.96711	0.98321	0.97738	0.99478	0.96688	0.98298	
2000-01-22T07:00:00	1.00311	1.00981	0.97381	0.97761	1.00288	1.00958	0.97358	0.97738	
2000-01-15T07:00:00	1.01321	1.01961	1.00311	1.00311	1.01298	1.01938	1.00288	1.00288	
2000-01-08T07:00:00	1.02901	1.03721	1.01161	1.01321	1.02878	1.03698	1.01138	1.01298	
2000-01-01T07:00:00	1.00761	1.04171	1.00551	1.02901	1.00738	1.04148	1.00528	1.02878	
1999-12-25T07:00:00	1.01311	1.01551	1.00231	1.00761	1.01288	1.01528	1.00208	1.00738	
1999-12-18T07:00:00	1.00891	1.01831	1.00431	1.01311	1.00868	1.01808	1.00408	1.01288	
1999-12-11T07:00:00	1.01381	1.02501	1.00161	1.00891	1.01358	1.02478	1.00138	1.00868	
1999-12-04T07:00:00	1.00261	1.03001	1.00031	1.01381	1.00238	1.02978	1.00008	1.01358	
1999-11-27T07:00:00	1.01561	1.02041	0.99931	1.00261	1.01538	1.02018	0.99908	1.00238	
1999-11-20T07:00:00	1.03061	1.03421	1.00731	1.01561	1.03038	1.03398	1.00708	1.01538	
1999-11-13T07:00:00	1.03331	1.04481	1.02481	1.03061	1.03308	1.04458	1.02458	1.03038	
1999-11-06T07:00:00	1.04491	1.04661	1.02941	1.03331	1.04468	1.04638	1.02918	1.03308	
1999-10-30T06:00:00	1.05561	1.05941	1.03531	1.04491	1.05538	1.05918	1.03508	1.04468	
1999-10-23T06:00:00	1.06951	1.07081	1.04411	1.05561	1.06928	1.07058	1.04388	1.05538	
1999-10-16T06:00:00	1.09041	1.09071	1.06591	1.06951	1.09018	1.09048	1.06568	1.06928	
1999-10-09T06:00:00	1.06221	1.09151	1.06141	1.09041	1.06198	1.09128	1.06118	1.09018	
1999-10-02T06:00:00	1.07191	1.07821	1.06051	1.06221	1.07168	1.07798	1.06028	1.06198	
1999-09-25T06:00:00	1.04411	1.07701	1.03991	1.07191	1.04388	1.07678	1.03968	1.07168	
1999-09-18T06:00:00	1.04121	1.05441	1.03521	1.04411	1.04098	1.05418	1.03498	1.04388	
1999-09-11T06:00:00	1.03551	1.04741	1.02881	1.04121	1.03528	1.04718	1.02858	1.04098	
1999-09-04T06:00:00	1.05831	1.06491	1.03541	1.03551	1.05808	1.06468	1.03518	1.03528	
1999-08-28T06:00:00	1.04841	1.07311	1.04411	1.05831	1.04818	1.07288	1.04388	1.05808	
1999-08-21T06:00:00	1.06761	1.06811	1.03961	1.04841	1.06738	1.06788	1.03938	1.04818	
1999-08-14T06:00:00	1.05831	1.06941	1.04641	1.06761	1.05808	1.06918	1.04618	1.06738	
1999-08-07T06:00:00	1.07431	1.07701	1.05631	1.05831	1.07408	1.07678	1.05608	1.05808	
1999-07-31T06:00:00	1.07051	1.08281	1.06341	1.07431	1.07028	1.08258	1.06318	1.07408	
1999-07-24T06:00:00	1.05071	1.07461	1.05071	1.07051	1.05048	1.07438	1.05048	1.07028	
1999-07-17T06:00:00	1.01911	1.05731	1.01281	1.05071	1.01888	1.05708	1.01258	1.05048	
1999-07-10T06:00:00	1.01991	1.02631	1.01111	1.01911	1.01968	1.02608	1.01088	1.01888	
1999-07-03T06:00:00	1.02531	1.02751	1.01491	1.01991	1.02508	1.02728	1.01468	1.01968	
1999-06-26T06:00:00	1.04031	1.04421	1.02051	1.02531	1.04008	1.04398	1.02028	1.02508	
1999-06-19T06:00:00	1.03961	1.04841	1.02741	1.04031	1.03938	1.04818	1.02718	1.04008	
1999-06-12T06:00:00	1.05051	1.05111	1.02911	1.03961	1.05028	1.05088	1.02888	1.03938	
1999-06-05T06:00:00	1.03611	1.05611	1.02611	1.05051	1.03588	1.05588	1.02588	1.05028	
1999-05-29T06:00:00	1.04651	1.04871	1.02771	1.03611	1.04628	1.04848	1.02748	1.03588	
1999-05-22T06:00:00	1.05691	1.06481	1.03991	1.04651	1.05668	1.06458	1.03968	1.04628	
1999-05-15T06:00:00	1.06791	1.07211	1.05491	1.05691	1.06768	1.07188	1.05468	1.05668	
1999-05-08T06:00:00	1.07301	1.08441	1.06051	1.06791	1.07278	1.08418	1.06028	1.06768	
1999-05-01T06:00:00	1.05931	1.08301	1.05551	1.07301	1.05908	1.08278	1.05528	1.07278	
1999-04-24T06:00:00	1.06051	1.07031	1.05331	1.05931	1.06028	1.07008	1.05308	1.05908	
1999-04-17T06:00:00	1.06831	1.07111	1.05631	1.06051	1.06808	1.07088	1.05608	1.06028	
1999-04-10T06:00:00	1.08291	1.08831	1.06351	1.06831	1.08268	1.08808	1.06328	1.06808	
1999-04-03T07:00:00	1.07821	1.08751	1.07061	1.08291	1.07798	1.08728	1.07038	1.08268	
1999-03-27T07:00:00	1.07601	1.08281	1.06831	1.07821	1.07578	1.08258	1.06808	1.07798	
1999-03-20T07:00:00	1.09111	1.09661	1.07151	1.07601	1.09088	1.09638	1.07128	1.07578	
1999-03-13T07:00:00	1.09071	1.10731	1.08161	1.09111	1.09048	1.10708	1.08138	1.09088	
1999-03-06T07:00:00	1.08231	1.10641	1.08011	1.09071	1.08208	1.10618	1.07988	1.09048	
1999-02-27T07:00:00	1.09931	1.10281	1.07861	1.08231	1.09908	1.10258	1.07838	1.08208	
1999-02-20T07:00:00	1.10601	1.10821	1.09291	1.09931	1.10578	1.10798	1.09268	1.09908	
1999-02-13T07:00:00	1.12981	1.13071	1.10591	1.10601	1.12958	1.13048	1.10568	1.10578	
1999-02-06T07:00:00	1.12651	1.13661	1.12141	1.12981	1.12628	1.13638	1.12118	1.12958	
1999-01-30T07:00:00	1.13891	1.14011	1.12521	1.12651	1.13868	1.13988	1.12498	1.12628	
1999-01-23T07:00:00	1.15821	1.16161	1.13431	1.13891	1.15798	1.16138	1.13408	1.13868	
1999-01-16T07:00:00	1.15621	1.16461	1.15421	1.15821	1.15598	1.16438	1.15398	1.15798	
1999-01-09T07:00:00	1.15781	1.17931	1.14481	1.15621	1.15758	1.17908	1.14458	1.15598	
1999-01-02T07:00:00	1.17531	1.19021	1.15351	1.15781	1.17508	1.18998	1.15328	1.15758	
1998-12-26T07:00:00	1.16731	1.18071	1.16471	1.17531	1.16708	1.18048	1.16448	1.17508	
1998-12-19T07:00:00	1.18441	1.18461	1.16631	1.16731	1.18418	1.18438	1.16608	1.16708	
1998-12-12T07:00:00	1.19251	1.19561	1.17681	1.18441	1.19228	1.19538	1.17658	1.18418	
1998-12-05T07:00:00	1.17391	1.19251	1.16601	1.19251	1.17368	1.19228	1.16578	1.19228	
1998-11-28T07:00:00	1.14981	1.17991	1.14811	1.17391	1.14958	1.17968	1.14788	1.17368	
1998-11-21T07:00:00	1.16101	1.16211	1.14581	1.14981	1.16078	1.16188	1.14558	1.14958	
1998-11-14T07:00:00	1.16981	1.18471	1.16091	1.16101	1.16958	1.18448	1.16068	1.16078	
1998-11-07T07:00:00	1.17161	1.17561	1.15861	1.16981	1.17138	1.17538	1.15838	1.16958	
1998-10-31T07:00:00	1.19051	1.19411	1.17161	1.17161	1.19028	1.19388	1.17138	1.17138	
1998-10-24T06:00:00	1.19381	1.19681	1.18021	1.19051	1.19358	1.19658	1.17998	1.19028	
1998-10-17T06:00:00	1.21851	1.22111	1.18851	1.19381	1.21828	1.22088	1.18828	1.19358	
1998-10-10T06:00:00	1.21021	1.22391	1.19551	1.21851	1.20998	1.22368	1.19528	1.21828	
1998-10-03T06:00:00	1.20131	1.24051	1.19701	1.21021	1.20108	1.24028	1.19678	1.20998	
1998-09-26T06:00:00	1.16881	1.20711	1.16241	1.20131	1.16858	1.20688	1.16218	1.20108	
1998-09-19T06:00:00	1.16151	1.18291	1.15581	1.16881	1.16128	1.18268	1.15558	1.16858	
1998-09-12T06:00:00	1.15921	1.17611	1.14971	1.16151	1.15898	1.17588	1.14948	1.16128	
1998-09-05T06:00:00	1.13701	1.17611	1.12831	1.15921	1.13678	1.17588	1.12808	1.15898	
1998-08-29T06:00:00	1.11531	1.14691	1.11021	1.13701	1.11508	1.14668	1.10998	1.13678	
1998-08-22T06:00:00	1.09531	1.11651	1.08921	1.11531	1.09508	1.11628	1.08898	1.11508	
1998-08-15T06:00:00	1.09661	1.10151	1.08751	1.09531	1.09638	1.10128	1.08728	1.09508	
1998-08-08T06:00:00	1.10611	1.11251	1.09261	1.09661	1.10588	1.11228	1.09238	1.09638	
1998-08-01T06:00:00	1.10981	1.11631	1.10031	1.10611	1.10958	1.11608	1.10008	1.10588	
1998-07-25T06:00:00	1.11051	1.11681	1.10381	1.10981	1.11028	1.11658	1.10358	1.10958	
1998-07-18T06:00:00	1.11071	1.11161	1.09921	1.11051	1.11048	1.11138	1.09898	1.11028	
1998-07-11T06:00:00	1.08881	1.11071	1.08881	1.11071	1.08858	1.11048	1.08858	1.11048	
1998-07-04T06:00:00	1.08891	1.09531	1.07881	1.08881	1.08868	1.09508	1.07858	1.08858	
1998-06-27T06:00:00	1.09251	1.09851	1.08421	1.08891	1.09228	1.09828	1.08398	1.08868	
1998-06-20T06:00:00	1.10461	1.10611	1.09051	1.09251	1.10438	1.10588	1.09028	1.09228	
1998-06-13T06:00:00	1.09391	1.11011	1.08641	1.10461	1.09368	1.10988	1.08618	1.10438	
1998-06-06T06:00:00	1.10881	1.11191	1.08921	1.09391	1.10858	1.11168	1.08898	1.09368	
1998-05-30T06:00:00	1.10481	1.11791	1.10241	1.10881	1.10458	1.11768	1.10218	1.10858	
1998-05-23T06:00:00	1.11831	1.11851	1.09901	1.10481	1.11808	1.11828	1.09878	1.10458	
