日時	GBP/USD(始値, 買い)	GBP/USD(高値, 買い)	GBP/USD(安値, 買い)	GBP/USD(終値, 買い)	GBP/USD(始値, 売り)	GBP/USD(高値, 売り)	GBP/USD(安値, 売り)	GBP/USD(終値, 売り)	
2014-02-01T07:00:00	1.64454	1.64454	1.62576	1.63317	1.64345	1.64405	1.62563	1.63302	
2014-01-25T07:00:00	1.64834	1.66268	1.64280	1.64454	1.64815	1.66251	1.64269	1.64345	
2014-01-18T07:00:00	1.64275	1.66688	1.63962	1.64834	1.64145	1.66679	1.63948	1.64815	
2014-01-11T07:00:00	1.64854	1.65088	1.63100	1.64275	1.64755	1.65077	1.63086	1.64145	
2014-01-04T07:00:00	1.64171	1.65171	1.63379	1.64854	1.64125	1.65174	1.63370	1.64755	
2013-12-28T07:00:00	1.64885	1.66040	1.63956	1.64171	1.64749	1.66034	1.63947	1.64125	
2013-12-21T07:00:00	1.63361	1.65786	1.63229	1.64885	1.63285	1.65778	1.63217	1.64749	
2013-12-14T07:00:00	1.62977	1.64849	1.62163	1.63361	1.62935	1.64850	1.62166	1.63285	
2013-12-07T07:00:00	1.63524	1.64665	1.62634	1.62977	1.63455	1.64653	1.62622	1.62935	
2013-11-30T07:00:00	1.63744	1.64434	1.62933	1.63524	1.63620	1.64419	1.62915	1.63455	
2013-11-23T07:00:00	1.62273	1.63849	1.61338	1.63744	1.62203	1.63842	1.61328	1.63620	
2013-11-16T07:00:00	1.61277	1.62273	1.60600	1.62273	1.61154	1.62237	1.60591	1.62203	
2013-11-09T07:00:00	1.60218	1.61351	1.58550	1.61277	1.60192	1.61345	1.58538	1.61154	
2013-11-02T06:00:00	1.59264	1.61185	1.59040	1.60218	1.59221	1.61175	1.59030	1.60192	
2013-10-26T06:00:00	1.61706	1.62086	1.59096	1.59264	1.61641	1.62076	1.59086	1.59221	
2013-10-19T06:00:00	1.61708	1.62575	1.61162	1.61706	1.61628	1.62563	1.61150	1.61641	
2013-10-12T06:00:00	1.59549	1.62257	1.58948	1.61708	1.59505	1.62244	1.58933	1.61628	
2013-10-05T06:00:00	1.60121	1.61249	1.59148	1.59549	1.60071	1.61236	1.59135	1.59505	
2013-09-28T06:00:00	1.61417	1.62610	1.60072	1.60121	1.61351	1.62600	1.60045	1.60071	
2013-09-21T06:00:00	1.60093	1.61476	1.59557	1.61417	1.60019	1.61461	1.59548	1.61351	
2013-09-14T06:00:00	1.58740	1.61645	1.58840	1.60093	1.58716	1.61623	1.58758	1.60019	
2013-09-07T06:00:00	1.56343	1.58855	1.56073	1.58740	1.56241	1.58843	1.56019	1.58716	
2013-08-31T06:00:00	1.55093	1.56824	1.55066	1.56343	1.54957	1.56806	1.55049	1.56241	
2013-08-24T06:00:00	1.55690	1.56128	1.54290	1.55093	1.55644	1.56116	1.54266	1.54957	
2013-08-17T06:00:00	1.56284	1.57185	1.55396	1.55690	1.56203	1.57172	1.55384	1.55644	
2013-08-10T06:00:00	1.55146	1.56581	1.54232	1.56284	1.55054	1.56569	1.54217	1.56203	
2013-08-03T06:00:00	1.52913	1.55749	1.52067	1.55146	1.52855	1.55743	1.52049	1.55054	
2013-07-27T06:00:00	1.53870	1.54147	1.51030	1.52913	1.53806	1.54134	1.51021	1.52855	
2013-07-20T06:00:00	1.52729	1.54348	1.52596	1.53870	1.52612	1.54337	1.52571	1.53806	
2013-07-13T06:00:00	1.51117	1.52827	1.50284	1.52729	1.50981	1.52813	1.50271	1.52612	
2013-07-06T06:00:00	1.48958	1.52232	1.48144	1.51117	1.48830	1.52216	1.48130	1.50981	
2013-06-29T06:00:00	1.52115	1.53054	1.48585	1.48958	1.52080	1.53038	1.48556	1.48830	
2013-06-22T06:00:00	1.54233	1.54788	1.51662	1.52115	1.54169	1.54774	1.51651	1.52080	
2013-06-15T06:00:00	1.57057	1.57522	1.53688	1.54233	1.56980	1.57509	1.53678	1.54169	
2013-06-08T06:00:00	1.55577	1.57380	1.54956	1.57057	1.55537	1.57371	1.54945	1.56980	
2013-06-01T06:00:00	1.51987	1.56850	1.51935	1.55577	1.51942	1.56835	1.51920	1.55537	
2013-05-25T06:00:00	1.51282	1.52403	1.50080	1.51987	1.51230	1.52396	1.50081	1.51942	
2013-05-18T06:00:00	1.51717	1.52818	1.50142	1.51282	1.51687	1.52811	1.50137	1.51230	
2013-05-11T06:00:00	1.53688	1.53857	1.51587	1.51717	1.53648	1.53848	1.51575	1.51687	
2013-05-04T06:00:00	1.55693	1.55990	1.53146	1.53688	1.55664	1.55976	1.53137	1.53648	
2013-04-27T06:00:00	1.54782	1.56065	1.54688	1.55693	1.54736	1.56064	1.54671	1.55664	
2013-04-20T06:00:00	1.52323	1.54995	1.51976	1.54782	1.52298	1.54984	1.51958	1.54736	
2013-04-13T06:00:00	1.53444	1.53857	1.52175	1.52323	1.53396	1.53845	1.52151	1.52298	
2013-04-06T06:00:00	1.53442	1.54120	1.52397	1.53444	1.53418	1.54110	1.52386	1.53396	
2013-03-30T06:00:00	1.52088	1.53642	1.50342	1.53442	1.52006	1.53630	1.50327	1.53418	
2013-03-23T06:00:00	1.52331	1.52613	1.50936	1.52088	1.52267	1.52608	1.50924	1.52006	
2013-03-16T06:00:00	1.51170	1.52484	1.50276	1.52331	1.51136	1.52476	1.50261	1.52267	
2013-03-09T07:00:00	1.49205	1.51770	1.48323	1.51170	1.49151	1.51760	1.48310	1.51136	
2013-03-02T07:00:00	1.50397	1.51998	1.48868	1.49205	1.50404	1.51987	1.48839	1.49151	
2013-02-23T07:00:00	1.51771	1.52225	1.49865	1.50397	1.51736	1.52215	1.49849	1.50404	
2013-02-16T07:00:00	1.55184	1.55184	1.51330	1.51771	1.55137	1.55137	1.51308	1.51736	
2013-02-09T07:00:00	1.58019	1.58107	1.54624	1.55184	1.57915	1.58093	1.54611	1.55137	
2013-02-02T07:00:00	1.57018	1.58449	1.56314	1.58019	1.56951	1.58442	1.56301	1.57915	
2013-01-26T07:00:00	1.58053	1.58787	1.56751	1.57018	1.57983	1.58782	1.56741	1.56951	
2013-01-19T07:00:00	1.58755	1.58939	1.57466	1.58053	1.58634	1.58930	1.57451	1.57983	
2013-01-12T07:00:00	1.61356	1.61552	1.58542	1.58755	1.61268	1.61544	1.58535	1.58634	
2013-01-05T07:00:00	1.60696	1.61811	1.59933	1.61356	1.60669	1.61789	1.59922	1.61268	
2012-12-29T07:00:00	1.61712	1.63485	1.60101	1.60696	1.61685	1.63418	1.60087	1.60669	
2012-12-22T07:00:00	1.61714	1.62068	1.60678	1.61712	1.61688	1.62055	1.60665	1.61685	
2012-12-15T07:00:00	1.61700	1.63070	1.61530	1.61714	1.61679	1.63062	1.61517	1.61688	
2012-12-08T07:00:00	1.60425	1.61782	1.60148	1.61700	1.60408	1.61772	1.60135	1.61679	
2012-12-01T07:00:00	1.60102	1.61313	1.60025	1.60425	1.60086	1.61303	1.60015	1.60408	
2012-11-24T07:00:00	1.60364	1.60628	1.59628	1.60102	1.60260	1.60619	1.59617	1.60086	
2012-11-17T07:00:00	1.58853	1.60519	1.58835	1.60364	1.58831	1.60511	1.58813	1.60260	
2012-11-10T07:00:00	1.59040	1.59162	1.58287	1.58853	1.58944	1.59149	1.58228	1.58831	
2012-11-03T06:00:00	1.60276	1.60429	1.58874	1.59040	1.60207	1.60420	1.58869	1.58944	
2012-10-27T06:00:00	1.61040	1.61755	1.60076	1.60276	1.61018	1.61745	1.60065	1.60207	
2012-10-20T06:00:00	1.60076	1.61443	1.59143	1.61040	1.60045	1.61432	1.59131	1.61018	
2012-10-13T06:00:00	1.60717	1.61788	1.59973	1.60076	1.60719	1.61780	1.59965	1.60045	
2012-10-06T06:00:00	1.61312	1.61461	1.59769	1.60717	1.61279	1.61405	1.59760	1.60719	
2012-09-29T06:00:00	1.61606	1.62177	1.60677	1.61312	1.61614	1.62168	1.60665	1.61279	
2012-09-22T06:00:00	1.62308	1.62728	1.61139	1.61606	1.62278	1.62717	1.61128	1.61614	
2012-09-15T06:00:00	1.62172	1.63101	1.61640	1.62308	1.62150	1.63092	1.61629	1.62278	
2012-09-08T06:00:00	1.60090	1.62563	1.59601	1.62172	1.60047	1.62556	1.59588	1.62150	
2012-09-01T06:00:00	1.58740	1.60351	1.58265	1.60090	1.58603	1.60336	1.58253	1.60047	
2012-08-25T06:00:00	1.58131	1.58964	1.57547	1.58740	1.58088	1.58950	1.57532	1.58603	
2012-08-18T06:00:00	1.57010	1.59129	1.56785	1.58131	1.56885	1.59122	1.56774	1.58088	
2012-08-11T06:00:00	1.56893	1.57452	1.56370	1.57010	1.56850	1.57442	1.56359	1.56885	
2012-08-04T06:00:00	1.56544	1.57018	1.55474	1.56893	1.56412	1.57009	1.55462	1.56850	
2012-07-28T06:00:00	1.57509	1.57571	1.54910	1.56544	1.57370	1.57503	1.54900	1.56412	
2012-07-21T06:00:00	1.56300	1.57690	1.54593	1.57509	1.56200	1.57674	1.54579	1.57370	
2012-07-14T06:00:00	1.55790	1.57381	1.55181	1.56300	1.55690	1.57367	1.55167	1.56200	
2012-07-07T06:00:00	1.54905	1.55825	1.53939	1.55790	1.54867	1.55804	1.53924	1.55690	
2012-06-30T06:00:00	1.57090	1.57227	1.54615	1.54905	1.56947	1.57212	1.54605	1.54867	
2012-06-23T06:00:00	1.55944	1.57173	1.54858	1.57090	1.55829	1.57136	1.54846	1.56947	
2012-06-16T06:00:00	1.57245	1.57781	1.55578	1.55944	1.57106	1.57774	1.55565	1.55829	
2012-06-09T06:00:00	1.54786	1.57330	1.54552	1.57245	1.54656	1.57233	1.54532	1.57106	
2012-06-02T06:00:00	1.53670	1.56012	1.53217	1.54786	1.53530	1.56005	1.53207	1.54656	
2012-05-26T06:00:00	1.56628	1.57178	1.52688	1.53670	1.56521	1.57167	1.52679	1.53530	
2012-05-19T06:00:00	1.58241	1.58486	1.56310	1.56628	1.58125	1.58478	1.56300	1.56521	
2012-05-12T06:00:00	1.60743	1.61236	1.57321	1.58241	1.60636	1.61227	1.57310	1.58125	
2012-05-05T06:00:00	1.61563	1.61994	1.60625	1.60743	1.61462	1.61979	1.60613	1.60636	
2012-04-28T06:00:00	1.62708	1.63020	1.61421	1.61563	1.62597	1.63009	1.61409	1.61462	
2012-04-21T06:00:00	1.61278	1.62809	1.60775	1.62708	1.61164	1.62799	1.60761	1.62597	
2012-04-14T06:00:00	1.58518	1.61508	1.58197	1.61278	1.58429	1.61485	1.58185	1.61164	
2012-04-07T06:00:00	1.58768	1.59858	1.58098	1.58518	1.58677	1.59847	1.58083	1.58429	
2012-03-31T06:00:00	1.60173	1.60635	1.58058	1.58768	1.60052	1.60622	1.58046	1.58677	
2012-03-24T06:00:00	1.58733	1.60379	1.58021	1.60173	1.58642	1.60369	1.58006	1.60052	
2012-03-17T06:00:00	1.58483	1.59239	1.57724	1.58733	1.58394	1.59225	1.57691	1.58642	
2012-03-10T07:00:00	1.56788	1.58619	1.56032	1.58483	1.56697	1.58607	1.56019	1.58394	
2012-03-03T07:00:00	1.58368	1.58834	1.56630	1.56788	1.58287	1.58818	1.56619	1.56697	
2012-02-25T07:00:00	1.58794	1.59925	1.58004	1.58368	1.58749	1.59918	1.57992	1.58287	
2012-02-18T07:00:00	1.58352	1.59006	1.56493	1.58794	1.58260	1.58987	1.56480	1.58749	
2012-02-11T07:00:00	1.57578	1.58629	1.56455	1.58352	1.57516	1.58615	1.56442	1.58260	
2012-02-04T07:00:00	1.58183	1.59290	1.57307	1.57578	1.58098	1.59284	1.57295	1.57516	
2012-01-28T07:00:00	1.57298	1.58834	1.56550	1.58183	1.57261	1.58823	1.56535	1.58098	
2012-01-21T07:00:00	1.55793	1.57415	1.55176	1.57298	1.55716	1.57401	1.55162	1.57261	
2012-01-14T07:00:00	1.53228	1.55803	1.52819	1.55793	1.53071	1.55762	1.52744	1.55716	
2012-01-07T07:00:00	1.54275	1.55013	1.52342	1.53228	1.54245	1.55004	1.52328	1.53071	
2011-12-31T07:00:00	1.55486	1.56710	1.53766	1.54275	1.55450	1.56692	1.53753	1.54245	
2011-12-24T07:00:00	1.55912	1.57038	1.53626	1.55486	1.55835	1.57010	1.53605	1.55450	
2011-12-17T07:00:00	1.55492	1.57750	1.54666	1.55912	1.55449	1.57737	1.54645	1.55835	
2011-12-10T07:00:00	1.56768	1.56768	1.54091	1.55492	1.56641	1.56641	1.54079	1.55449	
2011-12-03T07:00:00	1.56020	1.57699	1.55622	1.56768	1.56001	1.57692	1.55611	1.56641	
2011-11-26T07:00:00	1.54525	1.57804	1.54525	1.56020	1.54515	1.57796	1.54515	1.56001	
2011-11-19T07:00:00	1.57881	1.58072	1.54235	1.54525	1.57869	1.57965	1.54228	1.54515	
2011-11-12T07:00:00	1.60789	1.60970	1.56925	1.57881	1.60774	1.60915	1.56906	1.57869	
2011-11-05T06:00:00	1.60192	1.61311	1.58694	1.60789	1.60203	1.61298	1.58681	1.60774	
2011-10-29T06:00:00	1.61286	1.61676	1.58777	1.60192	1.61265	1.61658	1.58753	1.60203	
2011-10-22T06:00:00	1.59701	1.61536	1.58918	1.61286	1.59676	1.61524	1.58902	1.61265	
2011-10-15T06:00:00	1.58136	1.59750	1.56322	1.59701	1.58128	1.59725	1.56308	1.59676	
2011-10-08T06:00:00	1.55633	1.58532	1.55291	1.58136	1.55603	1.58518	1.55267	1.58128	
2011-10-01T06:00:00	1.55939	1.56468	1.52729	1.55633	1.55904	1.56457	1.52706	1.55603	
2011-09-24T06:00:00	1.54786	1.57166	1.54335	1.55939	1.54740	1.57153	1.54315	1.55904	
2011-09-17T06:00:00	1.57994	1.57994	1.53294	1.54786	1.57915	1.57915	1.53273	1.54740	
2011-09-10T06:00:00	1.58793	1.58865	1.57073	1.57994	1.58763	1.58852	1.57057	1.57915	
2011-09-03T06:00:00	1.62228	1.62228	1.58452	1.58793	1.62206	1.62206	1.58432	1.58763	
2011-08-27T06:00:00	1.63500	1.64548	1.61326	1.62228	1.63469	1.64540	1.61312	1.62206	
2011-08-20T06:00:00	1.64726	1.65739	1.62082	1.63500	1.64716	1.65723	1.62073	1.63469	
2011-08-13T06:00:00	1.62813	1.66186	1.62562	1.64726	1.62787	1.66173	1.62549	1.64716	
2011-08-06T06:00:00	1.63911	1.64802	1.61123	1.62813	1.63889	1.64776	1.61109	1.62787	
2011-07-30T06:00:00	1.64212	1.64763	1.62254	1.63911	1.64191	1.64747	1.62238	1.63889	
2011-07-23T06:00:00	1.63025	1.64709	1.62620	1.64212	1.63004	1.64705	1.62604	1.64191	
2011-07-16T06:00:00	1.61313	1.63427	1.60059	1.63025	1.61276	1.63396	1.60044	1.63004	
2011-07-09T06:00:00	1.60455	1.61945	1.57816	1.61313	1.60436	1.61938	1.57790	1.61276	
2011-07-02T06:00:00	1.60672	1.61411	1.59323	1.60455	1.60654	1.61399	1.59312	1.60436	
2011-06-25T06:00:00	1.59640	1.61194	1.59125	1.60672	1.59628	1.61180	1.59112	1.60654	
2011-06-18T06:00:00	1.61814	1.62635	1.59394	1.59640	1.61791	1.62626	1.59378	1.59628	
2011-06-11T06:00:00	1.62267	1.64464	1.60796	1.61814	1.62252	1.64410	1.60783	1.61791	
2011-06-04T06:00:00	1.64345	1.64734	1.62211	1.62267	1.64278	1.64721	1.62125	1.62252	
2011-05-28T06:00:00	1.64825	1.65478	1.62863	1.64345	1.64804	1.65465	1.62855	1.64278	
2011-05-21T06:00:00	1.62458	1.65101	1.60576	1.64825	1.62427	1.65096	1.60566	1.64804	
2011-05-14T06:00:00	1.61893	1.63060	1.61058	1.62458	1.61876	1.63046	1.61048	1.62427	
2011-05-07T06:00:00	1.63988	1.65182	1.61477	1.61893	1.63971	1.65175	1.61462	1.61876	
2011-04-30T06:00:00	1.67048	1.67393	1.63562	1.63988	1.67030	1.67377	1.63534	1.63971	
2011-04-23T06:00:00	1.65186	1.67476	1.64321	1.67048	1.65139	1.67454	1.64307	1.67030	
2011-04-16T06:00:00	1.62963	1.66004	1.61668	1.65186	1.62945	1.65988	1.61652	1.65139	
2011-04-09T06:00:00	1.63805	1.64268	1.62283	1.62963	1.63786	1.64258	1.62270	1.62945	
2011-04-02T06:00:00	1.61203	1.64287	1.60931	1.63805	1.61186	1.64275	1.60914	1.63786	
2011-03-26T06:00:00	1.60203	1.61518	1.59376	1.61203	1.60190	1.61509	1.59360	1.61186	
2011-03-19T06:00:00	1.62291	1.64016	1.60087	1.60203	1.62268	1.64007	1.60074	1.60190	
2011-03-12T07:00:00	1.60882	1.62575	1.59794	1.62291	1.60867	1.62559	1.59778	1.62268	
2011-03-05T07:00:00	1.62727	1.63421	1.59781	1.60882	1.62712	1.63413	1.59766	1.60867	
2011-02-26T07:00:00	1.61156	1.63449	1.60727	1.62727	1.61142	1.63436	1.60711	1.62712	
2011-02-19T07:00:00	1.62347	1.62786	1.60317	1.61156	1.62308	1.62739	1.60304	1.61142	
2011-02-12T07:00:00	1.59994	1.62637	1.59823	1.62347	1.59986	1.62627	1.59812	1.62308	
2011-02-05T07:00:00	1.60987	1.61861	1.59643	1.59994	1.60968	1.61846	1.59624	1.59986	
2011-01-29T07:00:00	1.58639	1.62791	1.58219	1.60987	1.58617	1.62778	1.58212	1.60968	
2011-01-22T07:00:00	1.60051	1.60178	1.57513	1.58639	1.60029	1.60162	1.57503	1.58617	
2011-01-15T07:00:00	1.58743	1.60604	1.58368	1.60051	1.58720	1.60596	1.58353	1.60029	
2011-01-08T07:00:00	1.55499	1.58893	1.54761	1.58743	1.55486	1.58885	1.54745	1.58720	
2011-01-01T07:00:00	1.55969	1.56464	1.54067	1.55499	1.55953	1.56453	1.54051	1.55486	
2010-12-25T07:00:00	1.54453	1.56668	1.53458	1.55970	1.54410	1.56649	1.53442	1.55951	
2010-12-18T07:00:00	1.55204	1.55776	1.53569	1.54453	1.55176	1.55761	1.53558	1.54410	
2010-12-11T07:00:00	1.58109	1.59117	1.54552	1.55204	1.58096	1.59109	1.54539	1.55176	
2010-12-04T07:00:00	1.57728	1.58632	1.56562	1.58109	1.57706	1.58616	1.56552	1.58096	
2010-11-27T07:00:00	1.55936	1.57888	1.54856	1.57728	1.55911	1.57871	1.54842	1.57706	
2010-11-20T07:00:00	1.59884	1.60852	1.55776	1.55936	1.59865	1.60840	1.55751	1.55911	
2010-11-13T07:00:00	1.61523	1.61553	1.58401	1.59884	1.61466	1.61537	1.58379	1.59865	
2010-11-06T06:00:00	1.61865	1.62153	1.59533	1.61373	1.61851	1.62127	1.59508	1.61360	
2010-10-30T06:00:00	1.60237	1.62997	1.59621	1.61865	1.60206	1.62986	1.59610	1.61851	
2010-10-23T06:00:00	1.56813	1.60388	1.56661	1.60237	1.56798	1.60366	1.56554	1.60206	
2010-10-16T06:00:00	1.59865	1.60048	1.56511	1.56813	1.59835	1.60036	1.56492	1.56798	
2010-10-09T06:00:00	1.59530	1.61084	1.57556	1.59865	1.59513	1.61063	1.57544	1.59835	
2010-10-02T06:00:00	1.58359	1.60185	1.57492	1.59530	1.58339	1.60175	1.57485	1.59513	
2010-09-25T06:00:00	1.58286	1.59231	1.56707	1.58359	1.58264	1.59229	1.56694	1.58339	
2010-09-18T06:00:00	1.56233	1.58441	1.55042	1.58286	1.56215	1.58431	1.55027	1.58264	
2010-09-11T06:00:00	1.53546	1.57301	1.53490	1.56233	1.53527	1.57289	1.53479	1.56215	
2010-09-04T06:00:00	1.54673	1.55337	1.52972	1.53546	1.54656	1.55327	1.52964	1.53527	
2010-08-28T06:00:00	1.55147	1.55771	1.53273	1.54673	1.55132	1.55759	1.53263	1.54656	
2010-08-21T06:00:00	1.55339	1.56203	1.53732	1.55147	1.55320	1.56188	1.53720	1.55132	
2010-08-14T06:00:00	1.55938	1.57034	1.54645	1.55339	1.55903	1.57022	1.54624	1.55320	
2010-08-07T06:00:00	1.59660	1.59981	1.55627	1.55938	1.59640	1.59936	1.55612	1.55903	
2010-07-31T06:00:00	1.56908	1.59988	1.56908	1.59660	1.56887	1.59981	1.56887	1.59640	
2010-07-24T06:00:00	1.54294	1.57221	1.54103	1.56908	1.54269	1.57212	1.54084	1.56887	
2010-07-17T06:00:00	1.53000	1.54502	1.51255	1.54294	1.52979	1.54488	1.51239	1.54269	
2010-07-10T06:00:00	1.50623	1.54731	1.49493	1.53000	1.50605	1.54714	1.49480	1.52979	
2010-07-03T06:00:00	1.51971	1.52424	1.50514	1.50623	1.51959	1.52406	1.50501	1.50605	
2010-06-26T06:00:00	1.50783	1.52302	1.48740	1.51971	1.50756	1.52281	1.48729	1.51959	
2010-06-19T06:00:00	1.48227	1.50794	1.46881	1.50783	1.48240	1.50776	1.46867	1.50756	
2010-06-12T06:00:00	1.45348	1.48843	1.45348	1.48227	1.45361	1.48856	1.45361	1.48240	
2010-06-05T06:00:00	1.44718	1.47573	1.43448	1.45348	1.44731	1.47586	1.43461	1.45361	
2010-05-29T06:00:00	1.44553	1.47688	1.44181	1.44718	1.44519	1.47701	1.44128	1.44731	
2010-05-22T06:00:00	1.44853	1.46122	1.42598	1.44553	1.44826	1.46111	1.42581	1.44519	
2010-05-15T06:00:00	1.45387	1.45488	1.42283	1.44853	1.45364	1.45456	1.42262	1.44826	
2010-05-08T06:00:00	1.48213	1.50548	1.44967	1.45387	1.48191	1.50540	1.44954	1.45364	
2010-05-01T06:00:00	1.53021	1.53370	1.44772	1.48213	1.53002	1.53264	1.44754	1.48191	
2010-04-24T06:00:00	1.53798	1.54986	1.51261	1.53021	1.53771	1.54969	1.51248	1.53002	
2010-04-17T06:00:00	1.53923	1.54743	1.51920	1.53798	1.53903	1.54726	1.51910	1.53771	
2010-04-10T06:00:00	1.53808	1.55238	1.53374	1.53923	1.53779	1.55232	1.53356	1.53903	
2010-04-03T06:00:00	1.52074	1.53927	1.51301	1.53808	1.52035	1.53913	1.51286	1.53779	
2010-03-27T06:00:00	1.49032	1.52997	1.48928	1.52074	1.49007	1.52981	1.48918	1.52035	
2010-03-20T06:00:00	1.50206	1.51134	1.47990	1.49032	1.50186	1.51118	1.47980	1.49007	
2010-03-13T07:00:00	1.51875	1.53825	1.49787	1.50206	1.51854	1.53816	1.49770	1.50186	
2010-03-06T07:00:00	1.51476	1.52185	1.48733	1.51875	1.51451	1.52169	1.48720	1.51854	
2010-02-27T07:00:00	1.52514	1.52514	1.47851	1.51476	1.52488	1.52488	1.47824	1.51451	
2010-02-20T07:00:00	1.54557	1.55768	1.51531	1.52514	1.54534	1.55751	1.51514	1.52488	
2010-02-13T07:00:00	1.56736	1.58170	1.53491	1.54557	1.56709	1.58155	1.53430	1.54534	
2010-02-06T07:00:00	1.56311	1.57657	1.55353	1.56736	1.56284	1.57652	1.55336	1.56709	
2010-01-30T07:00:00	1.59854	1.60703	1.55593	1.56311	1.59826	1.60695	1.55578	1.56284	
2010-01-23T07:00:00	1.61268	1.62770	1.59834	1.59854	1.61251	1.62758	1.59814	1.59826	
2010-01-16T07:00:00	1.62590	1.64589	1.60778	1.61173	1.62576	1.64576	1.60765	1.61156	
2010-01-09T07:00:00	1.60283	1.63575	1.60283	1.62590	1.60256	1.63558	1.60256	1.62576	
2010-01-02T07:00:00	1.61653	1.62430	1.58973	1.60283	1.61636	1.62414	1.58960	1.60256	
2009-12-26T07:00:00	1.59418	1.62373	1.58332	1.61653	1.59402	1.62361	1.58315	1.61636	
2009-12-19T07:00:00	1.61413	1.61664	1.59226	1.59418	1.61388	1.61647	1.59209	1.59402	
2009-12-12T07:00:00	1.62444	1.64123	1.60534	1.61413	1.62427	1.64111	1.60517	1.61388	
2009-12-05T07:00:00	1.64485	1.65172	1.61682	1.62444	1.64460	1.65156	1.61665	1.62427	
2009-11-28T07:00:00	1.64742	1.67231	1.63813	1.64485	1.64707	1.67216	1.63800	1.64460	
2009-11-21T07:00:00	1.65142	1.67472	1.62726	1.64742	1.65119	1.67456	1.62709	1.64707	
2009-11-14T07:00:00	1.66960	1.68790	1.64617	1.65142	1.66931	1.68778	1.64600	1.65119	
2009-11-07T07:00:00	1.66113	1.68439	1.65162	1.66960	1.66083	1.68427	1.65145	1.66931	
2009-10-31T06:00:00	1.64139	1.66372	1.62617	1.66113	1.64116	1.66358	1.62606	1.66083	
2009-10-24T06:00:00	1.63090	1.66051	1.62527	1.64139	1.63066	1.66035	1.62511	1.64116	
2009-10-17T06:00:00	1.63588	1.66950	1.62414	1.63090	1.63564	1.66936	1.62397	1.63066	
2009-10-10T06:00:00	1.58431	1.64006	1.57086	1.63588	1.58414	1.63991	1.57069	1.63564	
2009-10-03T06:00:00	1.59185	1.61215	1.58263	1.58431	1.59155	1.61201	1.58255	1.58414	
2009-09-26T06:00:00	1.59352	1.61272	1.57708	1.59185	1.59323	1.61258	1.57693	1.59155	
2009-09-19T06:00:00	1.62351	1.64688	1.59158	1.59352	1.62319	1.64680	1.59148	1.59323	
2009-09-12T06:00:00	1.66739	1.67009	1.62316	1.62351	1.66709	1.66864	1.62301	1.62319	
2009-09-05T06:00:00	1.63989	1.67431	1.63238	1.66739	1.63948	1.67414	1.63221	1.66709	
2009-08-29T06:00:00	1.62766	1.64148	1.61133	1.63989	1.62721	1.64132	1.61121	1.63948	
2009-08-22T06:00:00	1.64896	1.65470	1.61541	1.62766	1.64866	1.65459	1.61527	1.62721	
2009-08-15T06:00:00	1.65323	1.66257	1.62768	1.64896	1.65294	1.66245	1.62751	1.64866	
2009-08-08T06:00:00	1.66857	1.67230	1.63916	1.65323	1.66823	1.67181	1.63899	1.65294	
2009-08-01T06:00:00	1.67065	1.70438	1.66517	1.66857	1.67028	1.70422	1.66504	1.66823	
2009-07-25T06:00:00	1.64301	1.67340	1.63402	1.67065	1.64275	1.67328	1.63377	1.67028	
2009-07-18T06:00:00	1.63455	1.65873	1.63118	1.64301	1.63420	1.65856	1.63101	1.64275	
2009-07-11T06:00:00	1.62089	1.64822	1.60334	1.63455	1.62058	1.64796	1.60325	1.63420	
2009-07-04T06:00:00	1.63275	1.63813	1.59847	1.62089	1.63219	1.63797	1.59830	1.62058	
2009-06-27T06:00:00	1.65272	1.67455	1.63029	1.63275	1.65237	1.67444	1.63008	1.63219	
2009-06-20T06:00:00	1.65006	1.66034	1.62098	1.65272	1.64957	1.66021	1.62081	1.65237	
2009-06-13T06:00:00	1.64305	1.65626	1.61884	1.65006	1.64270	1.65615	1.61867	1.64957	
2009-06-06T06:00:00	1.59782	1.66235	1.58024	1.64305	1.59747	1.66220	1.58018	1.64270	
2009-05-30T06:00:00	1.61659	1.66640	1.59413	1.59782	1.61628	1.66625	1.59393	1.59747	
2009-05-23T06:00:00	1.59094	1.61994	1.57786	1.61659	1.59064	1.61991	1.57769	1.61628	
2009-05-16T06:00:00	1.51679	1.59473	1.51175	1.59094	1.51650	1.59456	1.51159	1.59064	
2009-05-09T06:00:00	1.52375	1.53538	1.50590	1.51679	1.52345	1.53526	1.50582	1.51650	
2009-05-02T06:00:00	1.49141	1.52401	1.48365	1.52375	1.49102	1.52362	1.48334	1.52345	
2009-04-25T06:00:00	1.46597	1.49488	1.45161	1.49141	1.46557	1.49487	1.45146	1.49102	
2009-04-18T06:00:00	1.47854	1.48158	1.43973	1.46597	1.47811	1.48146	1.43958	1.46557	
2009-04-11T06:00:00	1.46601	1.50703	1.46058	1.47854	1.46550	1.50686	1.46019	1.47811	
2009-04-04T06:00:00	1.48256	1.49607	1.45833	1.46601	1.48239	1.49582	1.45797	1.46550	
2009-03-28T06:00:00	1.43026	1.48478	1.41122	1.48256	1.43003	1.48461	1.41103	1.48239	
2009-03-21T06:00:00	1.44426	1.47790	1.42682	1.43026	1.44409	1.47777	1.42665	1.43003	
2009-03-14T06:00:00	1.39781	1.45980	1.38461	1.44426	1.39765	1.45964	1.38434	1.44409	
2009-03-07T07:00:00	1.40741	1.41834	1.36560	1.39781	1.40718	1.41811	1.36535	1.39765	
2009-02-28T07:00:00	1.43167	1.43167	1.39583	1.40741	1.43145	1.43145	1.39562	1.40718	
2009-02-21T07:00:00	1.44276	1.46637	1.41118	1.43167	1.44254	1.46609	1.41098	1.43145	
2009-02-14T07:00:00	1.44030	1.44869	1.40944	1.44276	1.44008	1.44848	1.40926	1.44254	
2009-02-07T07:00:00	1.48080	1.49871	1.41381	1.44030	1.48058	1.49853	1.41357	1.44008	
2009-01-31T07:00:00	1.44921	1.48450	1.40534	1.48080	1.44898	1.48446	1.40513	1.48058	
2009-01-24T07:00:00	1.38064	1.44997	1.35499	1.44921	1.38042	1.44985	1.35468	1.44898	
2009-01-17T07:00:00	1.47469	1.49107	1.35039	1.38064	1.47451	1.49086	1.35012	1.38042	
2009-01-10T07:00:00	1.51685	1.51685	1.44708	1.47469	1.51663	1.51663	1.44699	1.47451	
2009-01-03T07:00:00	1.44997	1.53757	1.44294	1.51685	1.44969	1.53737	1.44274	1.51663	
2008-12-27T07:00:00	1.46564	1.47730	1.43545	1.44997	1.46522	1.47717	1.43507	1.44969	
2008-12-20T07:00:00	1.49198	1.49963	1.46534	1.46564	1.49174	1.49915	1.46482	1.46522	
2008-12-13T07:00:00	1.49499	1.57255	1.48141	1.49198	1.49459	1.57226	1.48114	1.49174	
2008-12-06T07:00:00	1.47389	1.51338	1.46794	1.49499	1.47364	1.51186	1.46695	1.49459	
2008-11-29T07:00:00	1.54131	1.54131	1.44688	1.47389	1.54035	1.54035	1.44662	1.47364	
2008-11-22T07:00:00	1.48698	1.55361	1.48595	1.54131	1.48651	1.55346	1.48554	1.54035	
2008-11-15T07:00:00	1.47979	1.52507	1.46526	1.48698	1.47976	1.52497	1.46401	1.48651	
2008-11-08T07:00:00	1.56744	1.58878	1.45592	1.47979	1.56697	1.58832	1.45581	1.47976	
2008-11-01T06:00:00	1.61032	1.64007	1.55391	1.56744	1.60998	1.63981	1.55304	1.56697	
2008-10-25T06:00:00	1.59101	1.66896	1.52796	1.61032	1.59024	1.66719	1.52771	1.60998	
2008-10-18T06:00:00	1.73074	1.75191	1.52684	1.59101	1.73030	1.75171	1.52579	1.59024	
2008-10-11T06:00:00	1.70553	1.76322	1.69280	1.73074	1.70427	1.76303	1.69198	1.73030	
2008-10-04T06:00:00	1.77531	1.77531	1.67828	1.70553	1.77487	1.77487	1.67708	1.70427	
2008-09-27T06:00:00	1.84219	1.84219	1.75520	1.77531	1.84172	1.84172	1.75503	1.77487	
2008-09-20T06:00:00	1.83582	1.86699	1.82661	1.84219	1.83527	1.86687	1.82601	1.84172	
2008-09-13T06:00:00	1.79426	1.83902	1.77352	1.83582	1.79404	1.83868	1.77305	1.83527	
2008-09-06T06:00:00	1.76421	1.79771	1.74467	1.79426	1.76396	1.79745	1.74448	1.79404	
2008-08-30T06:00:00	1.82291	1.82291	1.75386	1.76421	1.82269	1.82269	1.75352	1.76396	
2008-08-23T06:00:00	1.85116	1.85904	1.81747	1.82291	1.85084	1.85891	1.81729	1.82269	
2008-08-16T06:00:00	1.86289	1.87961	1.85064	1.85116	1.86271	1.87934	1.85045	1.85084	
2008-08-09T06:00:00	1.92004	1.92565	1.85125	1.86289	1.91984	1.92546	1.85115	1.86271	
2008-08-02T06:00:00	1.97349	1.97658	1.91469	1.92004	1.97321	1.97587	1.91450	1.91984	
2008-07-26T06:00:00	1.99055	1.99693	1.97286	1.97349	1.99029	1.99678	1.97250	1.97321	
2008-07-19T06:00:00	1.99817	2.00773	1.98187	1.99055	1.99790	2.00756	1.98162	1.99029	
2008-07-12T06:00:00	1.98691	2.01621	1.98158	1.99817	1.98673	2.01526	1.98080	1.99790	
2008-07-05T06:00:00	1.98239	1.99604	1.96506	1.98691	1.98201	1.99582	1.96487	1.98673	
2008-06-28T06:00:00	1.99470	2.00077	1.97961	1.98239	1.99450	2.00068	1.97942	1.98201	
2008-06-21T06:00:00	1.97672	1.99529	1.95862	1.99470	1.97647	1.99509	1.95846	1.99450	
2008-06-14T06:00:00	1.94742	1.97926	1.94616	1.97672	1.94721	1.97910	1.94588	1.97647	
2008-06-07T06:00:00	1.97008	1.98025	1.94106	1.94742	1.96988	1.98004	1.94088	1.94721	
2008-05-31T06:00:00	1.98099	1.98099	1.94628	1.97008	1.98072	1.98072	1.94609	1.96988	
2008-05-24T06:00:00	1.98032	1.98484	1.96743	1.98099	1.98000	1.98465	1.96723	1.98072	
2008-05-17T06:00:00	1.95553	1.98523	1.94545	1.98032	1.95539	1.98505	1.94530	1.98000	
2008-05-10T06:00:00	1.95243	1.96343	1.93630	1.95553	1.95226	1.96329	1.93628	1.95539	
2008-05-03T06:00:00	1.97341	1.97847	1.94605	1.95243	1.97316	1.97836	1.94588	1.95226	
2008-04-26T06:00:00	1.98291	1.99660	1.96245	1.97341	1.98264	1.99646	1.96231	1.97316	
2008-04-19T06:00:00	1.99492	2.00278	1.96773	1.98291	1.99466	2.00263	1.96758	1.98264	
2008-04-12T06:00:00	1.97226	2.00006	1.96018	1.99492	1.97191	1.99986	1.95996	1.99466	
2008-04-05T06:00:00	1.99318	1.99553	1.96518	1.97226	1.99283	1.99521	1.96491	1.97191	
2008-03-29T06:00:00	1.99388	2.00528	1.97301	1.99318	1.99376	2.00479	1.97281	1.99283	
2008-03-22T06:00:00	1.98341	2.01938	1.97603	1.99388	1.98214	2.01921	1.97574	1.99376	
2008-03-15T06:00:00	2.02196	2.02748	1.97368	1.98341	2.02186	2.02731	1.97336	1.98214	
2008-03-08T07:00:00	2.01463	2.03993	1.99968	2.02196	2.01441	2.03976	1.99946	2.02186	
2008-03-01T07:00:00	1.98718	2.02181	1.97223	2.01463	1.98692	2.02156	1.97205	2.01441	
2008-02-23T07:00:00	1.96728	1.99728	1.96172	1.98718	1.96707	1.99716	1.96150	1.98692	
2008-02-16T07:00:00	1.96073	1.97103	1.93638	1.96728	1.96054	1.97077	1.93616	1.96707	
2008-02-09T07:00:00	1.94583	1.97394	1.94027	1.96073	1.94556	1.97371	1.94006	1.96054	
2008-02-02T07:00:00	1.96648	1.97883	1.93888	1.94583	1.96611	1.97861	1.93870	1.94556	
2008-01-26T07:00:00	1.98183	1.99608	1.96552	1.96648	1.98156	1.99578	1.96515	1.96611	
2008-01-19T07:00:00	1.95443	1.98495	1.93383	1.98183	1.95421	1.98476	1.93361	1.98156	
2008-01-12T07:00:00	1.95666	1.97933	1.95145	1.95443	1.95639	1.97911	1.95121	1.95421	
2008-01-05T07:00:00	1.97178	1.98298	1.94843	1.95666	1.97151	1.98276	1.94821	1.95639	
2007-12-29T07:00:00	1.99323	2.01046	1.96758	1.97178	1.99301	2.01019	1.96731	1.97151	
2007-12-22T07:00:00	1.98238	2.00240	1.97568	1.99323	1.98202	2.00219	1.97535	1.99301	
2007-12-15T07:00:00	2.01746	2.02293	1.98113	1.98238	2.01716	2.02281	1.98091	1.98202	
2007-12-08T07:00:00	2.03173	2.05651	2.01493	2.01746	2.03148	2.05647	2.01457	2.01716	
2007-12-01T07:00:00	2.05603	2.06807	2.01839	2.03173	2.05586	2.06786	2.01796	2.03148	
2007-11-24T07:00:00	2.06103	2.08333	2.05348	2.05603	2.06076	2.08321	2.05326	2.05586	
2007-11-17T07:00:00	2.05236	2.07684	2.04529	2.06103	2.05209	2.07636	2.04506	2.06076	
2007-11-10T07:00:00	2.09103	2.09103	2.03553	2.05236	2.09106	2.09106	2.03531	2.05209	
2007-11-03T06:00:00	2.08965	2.11633	2.07840	2.09103	2.08946	2.11608	2.07816	2.09106	
2007-10-27T06:00:00	2.05297	2.08973	2.05297	2.08965	2.05286	2.08956	2.05282	2.08946	
2007-10-20T06:00:00	2.05143	2.05750	2.02601	2.05297	2.05116	2.05730	2.02576	2.05286	
2007-10-13T06:00:00	2.03373	2.05260	2.02882	2.05143	2.03355	2.05239	2.02856	2.05116	
2007-10-06T06:00:00	2.04223	2.04776	2.02471	2.03373	2.04196	2.04756	2.02450	2.03355	
2007-09-29T06:00:00	2.04613	2.04953	2.02793	2.04223	2.04596	2.04936	2.02769	2.04196	
2007-09-22T06:00:00	2.02038	2.04693	2.00863	2.04613	2.02011	2.04671	2.00841	2.04596	
2007-09-15T06:00:00	2.00688	2.02153	1.98803	2.02038	2.00646	2.02130	1.98776	2.02011	
2007-09-08T06:00:00	2.02853	2.03683	2.00599	2.00688	2.02836	2.03657	2.00596	2.00646	
2007-09-01T06:00:00	2.01643	2.03263	2.00443	2.02853	2.01616	2.03236	2.00416	2.02836	
2007-08-25T06:00:00	2.01353	2.02333	1.99643	2.01643	2.01326	2.02326	1.99576	2.01616	
2007-08-18T06:00:00	1.98203	2.01393	1.97443	2.01353	1.98156	2.01376	1.97416	2.01326	
2007-08-11T06:00:00	2.02293	2.02593	1.96543	1.98203	2.02256	2.02576	1.96496	1.98156	
2007-08-04T06:00:00	2.04153	2.04633	2.01553	2.02293	2.04126	2.04616	2.01526	2.02256	
2007-07-28T06:00:00	2.02543	2.04623	2.01843	2.04153	2.02526	2.04606	2.01796	2.04126	
2007-07-21T06:00:00	2.05543	2.06543	2.02523	2.02543	2.05516	2.06516	2.02496	2.02526	
2007-07-14T06:00:00	2.03403	2.05883	2.03273	2.05543	2.03396	2.05866	2.03226	2.05516	
2007-07-07T06:00:00	2.01133	2.03683	2.00993	2.03403	2.01106	2.03656	2.00966	2.03396	
2007-06-30T06:00:00	2.00853	2.02103	2.00603	2.01133	2.00816	2.02066	2.00566	2.01106	
2007-06-23T06:00:00	1.99893	2.00883	1.99313	2.00853	1.99856	2.00846	1.99276	2.00816	
2007-06-16T06:00:00	1.97513	1.99993	1.97513	1.99893	1.97476	1.99956	1.97476	1.99856	
2007-06-09T06:00:00	1.96833	1.97853	1.96533	1.97513	1.96796	1.97816	1.96496	1.97476	
2007-06-02T06:00:00	1.98273	1.99713	1.96253	1.96833	1.98236	1.99676	1.96216	1.96796	
2007-05-26T06:00:00	1.98463	1.99023	1.97363	1.98273	1.98426	1.98986	1.97326	1.98236	
2007-05-19T06:00:00	1.97533	1.98973	1.96793	1.98463	1.97496	1.98936	1.96756	1.98426	
2007-05-12T06:00:00	1.98223	1.98773	1.97033	1.97533	1.98186	1.98736	1.96996	1.97496	
2007-05-05T06:00:00	1.99343	2.00013	1.97643	1.98223	1.99306	1.99976	1.97606	1.98186	
2007-04-28T06:00:00	1.99873	2.00773	1.98453	1.99343	1.99836	2.00736	1.98416	1.99306	
2007-04-21T06:00:00	2.00383	2.00653	1.98683	1.99873	2.00346	2.00616	1.98646	1.99836	
2007-04-14T06:00:00	1.98693	2.01353	1.98543	2.00383	1.98656	2.01316	1.98506	2.00346	
2007-04-07T06:00:00	1.96493	1.98903	1.95933	1.98693	1.96456	1.98866	1.95896	1.98656	
2007-03-31T06:00:00	1.96803	1.98273	1.96393	1.96493	1.96766	1.98236	1.96356	1.96456	
2007-03-24T06:00:00	1.96223	1.97243	1.95483	1.96803	1.96186	1.97206	1.95446	1.96766	
2007-03-17T06:00:00	1.94173	1.97293	1.93873	1.96223	1.94136	1.97256	1.93836	1.96186	
2007-03-10T07:00:00	1.93233	1.95083	1.92143	1.94173	1.93196	1.95046	1.92106	1.94136	
2007-03-03T07:00:00	1.94323	1.94533	1.91873	1.93233	1.94286	1.94496	1.91836	1.93196	
2007-02-24T07:00:00	1.96353	1.96773	1.94153	1.94323	1.96316	1.96736	1.94116	1.94286	
2007-02-17T07:00:00	1.95033	1.96553	1.94333	1.96353	1.94996	1.96516	1.94296	1.96316	
2007-02-10T07:00:00	1.95063	1.96813	1.94043	1.95033	1.95026	1.96776	1.94006	1.94996	
2007-02-03T07:00:00	1.96733	1.97363	1.94593	1.95063	1.96696	1.97326	1.94556	1.95026	
2007-01-27T07:00:00	1.95873	1.97503	1.94843	1.96733	1.95886	1.97466	1.94806	1.96696	
2007-01-20T07:00:00	1.97333	1.99143	1.95543	1.95873	1.97346	1.99156	1.95556	1.95886	
2007-01-13T07:00:00	1.95823	1.97763	1.95693	1.97333	1.95836	1.97776	1.95706	1.97346	
2007-01-06T07:00:00	1.92983	1.96053	1.92593	1.95823	1.92996	1.96066	1.92606	1.95836	
2006-12-30T07:00:00	1.95833	1.97483	1.92613	1.92983	1.95796	1.97496	1.92626	1.92996	
2006-12-23T07:00:00	1.95953	1.96813	1.95173	1.95833	1.95916	1.96776	1.95136	1.95796	
2006-12-16T07:00:00	1.95183	1.97513	1.94363	1.95953	1.95146	1.97476	1.94326	1.95916	
2006-12-09T07:00:00	1.95343	1.97313	1.94683	1.95183	1.95306	1.97276	1.94646	1.95146	
2006-12-02T07:00:00	1.97983	1.98413	1.95143	1.95343	1.97946	1.98376	1.95106	1.95306	
2006-11-25T07:00:00	1.93163	1.98503	1.93083	1.97983	1.93126	1.98466	1.93046	1.97946	
2006-11-18T07:00:00	1.89493	1.93543	1.89353	1.93163	1.89456	1.93506	1.89316	1.93126	
2006-11-11T07:00:00	1.91093	1.91563	1.88383	1.89493	1.91056	1.91526	1.88346	1.89456	
2006-11-04T07:00:00	1.90083	1.91823	1.89493	1.91093	1.90046	1.91786	1.89456	1.91056	
2006-10-28T06:00:00	1.89693	1.91383	1.89563	1.90083	1.89656	1.91346	1.89526	1.90046	
2006-10-21T06:00:00	1.88363	1.90063	1.86763	1.89693	1.88326	1.90026	1.86726	1.89656	
2006-10-14T06:00:00	1.85663	1.88633	1.85263	1.88363	1.85626	1.88596	1.85226	1.88326	
2006-10-07T06:00:00	1.87043	1.87163	1.85193	1.85663	1.87056	1.87126	1.85156	1.85626	
2006-09-30T06:00:00	1.87263	1.89013	1.86693	1.87043	1.87226	1.88976	1.86706	1.87056	
2006-09-23T06:00:00	1.90113	1.90763	1.86363	1.87263	1.90076	1.90726	1.86326	1.87226	
2006-09-16T06:00:00	1.88073	1.90673	1.87373	1.90113	1.88036	1.90636	1.87336	1.90076	
2006-09-09T06:00:00	1.86543	1.89223	1.86063	1.88073	1.86506	1.89186	1.86026	1.88036	
2006-09-02T06:00:00	1.90633	1.90833	1.86313	1.86543	1.90596	1.90796	1.86276	1.86506	
2006-08-26T06:00:00	1.88743	1.90953	1.88643	1.90633	1.88706	1.90916	1.88606	1.90596	
2006-08-19T06:00:00	1.88193	1.90003	1.88053	1.88743	1.88156	1.89966	1.88016	1.88706	
2006-08-12T06:00:00	1.89033	1.90263	1.87793	1.88193	1.89046	1.90226	1.87756	1.88156	
2006-08-05T06:00:00	1.90793	1.91423	1.88653	1.89033	1.90806	1.91436	1.88666	1.89046	
2006-07-29T06:00:00	1.86253	1.91273	1.86143	1.90793	1.86266	1.91286	1.86156	1.90806	
2006-07-22T06:00:00	1.85853	1.86793	1.83883	1.86253	1.85866	1.86756	1.83846	1.86266	
2006-07-15T06:00:00	1.83733	1.85963	1.81773	1.85853	1.83746	1.85976	1.81766	1.85866	
2006-07-08T06:00:00	1.85133	1.85193	1.83073	1.83733	1.85146	1.85206	1.83086	1.83746	
2006-07-01T06:00:00	1.84883	1.85433	1.83283	1.85133	1.84896	1.85396	1.83246	1.85146	
2006-06-24T06:00:00	1.81783	1.84983	1.80873	1.84883	1.81796	1.84996	1.80886	1.84896	
2006-06-17T06:00:00	1.84933	1.85293	1.81253	1.81783	1.84946	1.85306	1.81266	1.81796	
2006-06-10T06:00:00	1.84113	1.85583	1.83143	1.84933	1.84076	1.85596	1.83156	1.84946	
2006-06-03T06:00:00	1.88373	1.88833	1.83693	1.84113	1.88336	1.88796	1.83656	1.84076	
2006-05-27T06:00:00	1.85683	1.88723	1.85643	1.88373	1.85646	1.88686	1.85606	1.88336	
2006-05-20T06:00:00	1.87813	1.88893	1.85333	1.85683	1.87776	1.88856	1.85296	1.85646	
2006-05-13T06:00:00	1.89503	1.90293	1.87023	1.87813	1.89466	1.90256	1.86986	1.87776	
2006-05-06T06:00:00	1.85863	1.90023	1.85183	1.89503	1.85826	1.89986	1.85146	1.89466	
2006-04-29T06:00:00	1.82383	1.86253	1.82073	1.85863	1.82346	1.86216	1.82036	1.85826	
2006-04-22T06:00:00	1.78273	1.82463	1.77953	1.82383	1.78236	1.82426	1.77916	1.82346	
2006-04-15T06:00:00	1.75153	1.79383	1.75153	1.78273	1.75116	1.79346	1.75116	1.78236	
2006-04-08T06:00:00	1.74383	1.75773	1.73773	1.75153	1.74346	1.75736	1.73736	1.75116	
2006-04-01T07:00:00	1.73753	1.76203	1.72533	1.74383	1.73716	1.76166	1.72496	1.74346	
2006-03-25T07:00:00	1.74353	1.75403	1.73193	1.73753	1.74316	1.75366	1.73156	1.73716	
2006-03-18T07:00:00	1.75633	1.75903	1.73113	1.74353	1.75646	1.75866	1.73076	1.74316	
2006-03-11T07:00:00	1.72633	1.75933	1.72283	1.75633	1.72646	1.75946	1.72296	1.75646	
2006-03-04T07:00:00	1.75423	1.76283	1.72293	1.72633	1.75386	1.76246	1.72306	1.72646	
2006-02-25T07:00:00	1.74393	1.75973	1.73773	1.75423	1.74406	1.75936	1.73736	1.75386	
2006-02-18T07:00:00	1.74153	1.75533	1.73743	1.74393	1.74116	1.75546	1.73756	1.74406	
2006-02-11T07:00:00	1.74393	1.74913	1.72843	1.74153	1.74356	1.74876	1.72806	1.74116	
2006-02-04T07:00:00	1.76183	1.76433	1.73773	1.74393	1.76146	1.76396	1.73736	1.74356	
2006-01-28T07:00:00	1.76783	1.78613	1.75963	1.76183	1.76746	1.78576	1.75926	1.76146	
2006-01-21T07:00:00	1.77123	1.79383	1.76693	1.76783	1.77086	1.79346	1.76656	1.76746	
2006-01-14T07:00:00	1.77593	1.77993	1.75303	1.77123	1.77556	1.77956	1.75266	1.77086	
2006-01-07T07:00:00	1.77073	1.77863	1.75213	1.77593	1.77036	1.77826	1.75176	1.77556	
2005-12-31T07:00:00	1.72073	1.77243	1.72063	1.77073	1.72036	1.77206	1.72026	1.77036	
2005-12-24T07:00:00	1.73503	1.74113	1.71303	1.72073	1.73466	1.74076	1.71266	1.72036	
2005-12-17T07:00:00	1.77233	1.77363	1.73073	1.73503	1.77196	1.77326	1.73036	1.73466	
2005-12-10T07:00:00	1.75503	1.78123	1.74953	1.77233	1.75466	1.78086	1.74916	1.77196	
2005-12-03T07:00:00	1.73373	1.75713	1.72743	1.75503	1.73336	1.75676	1.72706	1.75466	
2005-11-26T07:00:00	1.71453	1.73833	1.70503	1.73373	1.71416	1.73796	1.70466	1.73336	
2005-11-19T07:00:00	1.71743	1.72893	1.70673	1.71453	1.71756	1.72856	1.70636	1.71416	
2005-11-12T07:00:00	1.74253	1.74933	1.70953	1.71743	1.74216	1.74946	1.70966	1.71756	
2005-11-05T07:00:00	1.75233	1.75233	1.73293	1.74253	1.75196	1.75196	1.73256	1.74216	
2005-10-29T06:00:00	1.77373	1.78253	1.74593	1.75233	1.77336	1.78216	1.74556	1.75196	
2005-10-22T06:00:00	1.76783	1.79063	1.76363	1.77373	1.76746	1.79026	1.76326	1.77336	
2005-10-15T06:00:00	1.77013	1.78023	1.74253	1.76783	1.76976	1.77986	1.74216	1.76746	
2005-10-08T06:00:00	1.76073	1.77093	1.73943	1.77013	1.76036	1.77056	1.73906	1.76976	
2005-10-01T06:00:00	1.76393	1.78153	1.75163	1.76073	1.76356	1.78116	1.75126	1.76036	
2005-09-24T06:00:00	1.77793	1.78003	1.75683	1.76393	1.77756	1.77966	1.75646	1.76356	
2005-09-17T06:00:00	1.80823	1.81503	1.77603	1.77793	1.80786	1.81466	1.77566	1.77756	
2005-09-10T06:00:00	1.83953	1.84303	1.80213	1.80823	1.83916	1.84266	1.80176	1.80786	
2005-09-03T06:00:00	1.84393	1.85053	1.83233	1.83953	1.84356	1.85016	1.83196	1.83916	
2005-08-27T06:00:00	1.80163	1.84503	1.78213	1.84393	1.80126	1.84466	1.78176	1.84356	
2005-08-20T06:00:00	1.79673	1.81003	1.79083	1.80163	1.79636	1.80966	1.79046	1.80126	
2005-08-13T06:00:00	1.81423	1.81703	1.78933	1.79673	1.81386	1.81666	1.78896	1.79636	
2005-08-06T06:00:00	1.77963	1.81793	1.77313	1.81423	1.77926	1.81756	1.77276	1.81386	
2005-07-30T06:00:00	1.75773	1.78343	1.75433	1.77963	1.75736	1.78306	1.75396	1.77926	
2005-07-23T06:00:00	1.73793	1.76153	1.73343	1.75773	1.73756	1.76116	1.73306	1.75736	
2005-07-16T06:00:00	1.75223	1.76203	1.72743	1.73793	1.75186	1.76166	1.72706	1.73756	
2005-07-09T06:00:00	1.73633	1.77903	1.73603	1.75223	1.73596	1.77866	1.73566	1.75186	
2005-07-02T06:00:00	1.76813	1.76903	1.73123	1.73633	1.76776	1.76866	1.73086	1.73596	
2005-06-25T06:00:00	1.82393	1.83183	1.76753	1.76813	1.82356	1.83146	1.76716	1.76776	
2005-06-18T06:00:00	1.82943	1.83343	1.81223	1.82393	1.82906	1.83306	1.81186	1.82356	
2005-06-11T06:00:00	1.81273	1.83043	1.80013	1.82943	1.81236	1.83006	1.79976	1.82906	
2005-06-04T06:00:00	1.81303	1.84053	1.81093	1.81273	1.81266	1.84016	1.81056	1.81236	
2005-05-28T06:00:00	1.82433	1.82593	1.80783	1.81303	1.82396	1.82556	1.80746	1.81266	
2005-05-21T06:00:00	1.82683	1.83613	1.81883	1.82433	1.82646	1.83576	1.81846	1.82396	
2005-05-14T06:00:00	1.85093	1.85133	1.82353	1.82683	1.85056	1.85096	1.82316	1.82646	
2005-05-07T06:00:00	1.89043	1.89153	1.84843	1.85093	1.89006	1.89116	1.84806	1.85056	
2005-04-30T06:00:00	1.90753	1.90953	1.88863	1.89043	1.90716	1.90916	1.88826	1.89006	
2005-04-23T06:00:00	1.91423	1.91773	1.89913	1.90753	1.91386	1.91736	1.89876	1.90716	
2005-04-16T06:00:00	1.89243	1.92193	1.88853	1.91423	1.89206	1.92156	1.88816	1.91386	
2005-04-09T06:00:00	1.88523	1.89773	1.87633	1.89243	1.88486	1.89736	1.87596	1.89206	
2005-04-02T07:00:00	1.88113	1.88633	1.86733	1.88523	1.88076	1.88596	1.86696	1.88486	
2005-03-26T07:00:00	1.87003	1.89783	1.85943	1.88113	1.86966	1.89746	1.85906	1.88076	
2005-03-19T07:00:00	1.92063	1.92283	1.86633	1.87003	1.92026	1.92246	1.86596	1.86966	
2005-03-12T07:00:00	1.92413	1.92953	1.91023	1.92063	1.92376	1.92916	1.90986	1.92026	
2005-03-05T07:00:00	1.92373	1.93273	1.91173	1.92413	1.92336	1.93236	1.91136	1.92376	
2005-02-26T07:00:00	1.91883	1.92753	1.90533	1.92373	1.91846	1.92716	1.90496	1.92336	
2005-02-19T07:00:00	1.89443	1.91983	1.89113	1.91883	1.89406	1.91946	1.89076	1.91846	
2005-02-12T07:00:00	1.86803	1.89783	1.86793	1.89443	1.86766	1.89746	1.86756	1.89406	
2005-02-05T07:00:00	1.87563	1.87643	1.85093	1.86803	1.87526	1.87606	1.85056	1.86766	
2005-01-29T07:00:00	1.88823	1.89243	1.87293	1.87563	1.88786	1.89206	1.87256	1.87526	
2005-01-22T07:00:00	1.87903	1.89313	1.86283	1.88823	1.87866	1.89276	1.86246	1.88786	
2005-01-15T07:00:00	1.86943	1.88293	1.85283	1.87903	1.86906	1.88256	1.85246	1.87866	
2005-01-08T07:00:00	1.86893	1.89403	1.86403	1.86943	1.86856	1.89366	1.86366	1.86906	
2005-01-01T07:00:00	1.91623	1.91843	1.86483	1.86893	1.91586	1.91806	1.86446	1.86856	
2004-12-25T07:00:00	1.92433	1.94193	1.91213	1.91623	1.92396	1.94156	1.91176	1.91586	
2004-12-18T07:00:00	1.94083	1.95103	1.91013	1.92433	1.94046	1.95066	1.90976	1.92396	
2004-12-11T07:00:00	1.91553	1.95523	1.90763	1.94083	1.91516	1.95486	1.90726	1.94046	
2004-12-04T07:00:00	1.94343	1.95113	1.90173	1.91553	1.94306	1.95076	1.90136	1.91516	
2004-11-27T07:00:00	1.89493	1.94403	1.88513	1.94343	1.89456	1.94366	1.88476	1.94306	
2004-11-20T07:00:00	1.85783	1.90393	1.85223	1.89493	1.85746	1.90356	1.85186	1.89456	
2004-11-13T07:00:00	1.85713	1.86403	1.84413	1.85783	1.85676	1.86366	1.84376	1.85746	
2004-11-06T07:00:00	1.85633	1.86203	1.83793	1.85713	1.85596	1.86166	1.83756	1.85676	
2004-10-30T06:00:00	1.83783	1.85643	1.82993	1.85633	1.83746	1.85606	1.82956	1.85596	
2004-10-23T06:00:00	1.82693	1.84533	1.81963	1.83783	1.82656	1.84496	1.81926	1.83746	
2004-10-16T06:00:00	1.80383	1.83203	1.79263	1.82693	1.80346	1.83166	1.79226	1.82656	
2004-10-09T06:00:00	1.79363	1.80673	1.78443	1.80383	1.79326	1.80636	1.78406	1.80346	
2004-10-02T06:00:00	1.79833	1.79933	1.77483	1.79363	1.79796	1.79896	1.77446	1.79326	
2004-09-25T06:00:00	1.80413	1.81653	1.79313	1.79833	1.80376	1.81616	1.79276	1.79796	
2004-09-18T06:00:00	1.79423	1.80973	1.78183	1.80413	1.79386	1.80936	1.78146	1.80376	
2004-09-11T06:00:00	1.79653	1.80373	1.77423	1.79423	1.79616	1.80336	1.77386	1.79386	
2004-09-04T06:00:00	1.77503	1.80283	1.77103	1.79653	1.77466	1.80246	1.77066	1.79616	
2004-08-28T06:00:00	1.78973	1.80693	1.77383	1.77503	1.78936	1.80656	1.77346	1.77466	
2004-08-21T06:00:00	1.81773	1.82123	1.78843	1.78973	1.81736	1.82086	1.78806	1.78936	
2004-08-14T06:00:00	1.84283	1.84673	1.81723	1.81773	1.84246	1.84636	1.81686	1.81736	
2004-08-07T06:00:00	1.84073	1.84593	1.81343	1.84283	1.84086	1.84556	1.81306	1.84246	
2004-07-31T06:00:00	1.82123	1.84673	1.81523	1.84073	1.82086	1.84636	1.81486	1.84086	
2004-07-24T06:00:00	1.83263	1.84483	1.80853	1.82123	1.83226	1.84446	1.80816	1.82086	
2004-07-17T06:00:00	1.87283	1.87723	1.83013	1.83263	1.87246	1.87686	1.82976	1.83226	
2004-07-10T06:00:00	1.85933	1.87553	1.84783	1.87283	1.85896	1.87516	1.84746	1.87246	
2004-07-03T06:00:00	1.83353	1.85943	1.82733	1.85933	1.83316	1.85906	1.82696	1.85896	
2004-06-26T06:00:00	1.82573	1.83573	1.80153	1.83353	1.82536	1.83536	1.80116	1.83316	
2004-06-19T06:00:00	1.83943	1.84123	1.81043	1.82573	1.83906	1.84086	1.81006	1.82536	
2004-06-12T06:00:00	1.81973	1.84063	1.80463	1.83943	1.81936	1.84026	1.80426	1.83906	
2004-06-05T06:00:00	1.83983	1.84813	1.81623	1.81973	1.83946	1.84776	1.81586	1.81936	
2004-05-29T06:00:00	1.83363	1.84883	1.82783	1.83983	1.83326	1.84846	1.82746	1.83946	
2004-05-22T06:00:00	1.78803	1.84253	1.78243	1.83363	1.78816	1.84216	1.78206	1.83326	
2004-05-15T06:00:00	1.75963	1.79533	1.75683	1.78803	1.75976	1.79546	1.75696	1.78816	
2004-05-08T06:00:00	1.78663	1.78663	1.74793	1.75963	1.78626	1.78656	1.74806	1.75976	
2004-05-01T06:00:00	1.77763	1.80603	1.76923	1.78663	1.77726	1.80566	1.76886	1.78626	
2004-04-24T06:00:00	1.77243	1.79753	1.75833	1.77763	1.77256	1.79716	1.75796	1.77726	
2004-04-17T06:00:00	1.79663	1.81473	1.76283	1.77243	1.79676	1.81436	1.76246	1.77256	
2004-04-10T06:00:00	1.83093	1.84193	1.77583	1.79663	1.83106	1.84206	1.77596	1.79676	
2004-04-03T07:00:00	1.83013	1.84653	1.81053	1.83093	1.83026	1.84666	1.81066	1.83106	
2004-03-27T07:00:00	1.81443	1.86023	1.80563	1.83013	1.81456	1.86036	1.80576	1.83026	
2004-03-20T07:00:00	1.83083	1.85373	1.79873	1.81443	1.83096	1.85386	1.79886	1.81456	
2004-03-13T07:00:00	1.80233	1.84003	1.79383	1.83083	1.80246	1.84016	1.79396	1.83096	
2004-03-06T07:00:00	1.84563	1.85853	1.79033	1.80233	1.84576	1.85866	1.79046	1.80246	
2004-02-28T07:00:00	1.86693	1.87463	1.81543	1.84563	1.86706	1.87476	1.81556	1.84576	
2004-02-21T07:00:00	1.85963	1.89433	1.84543	1.86693	1.85976	1.89446	1.84556	1.86706	
2004-02-14T07:00:00	1.88493	1.91393	1.85603	1.85963	1.88506	1.91406	1.85616	1.85976	
2004-02-07T07:00:00	1.84643	1.89843	1.83963	1.88493	1.84656	1.89856	1.83976	1.88506	
2004-01-31T07:00:00	1.82453	1.85143	1.81333	1.84643	1.82466	1.85156	1.81346	1.84656	
2004-01-24T07:00:00	1.82633	1.83783	1.80163	1.82453	1.82646	1.83796	1.80176	1.82466	
2004-01-17T07:00:00	1.79593	1.85213	1.78213	1.82633	1.79606	1.85226	1.78226	1.82646	
2004-01-10T07:00:00	1.84833	1.85763	1.79283	1.79593	1.84846	1.85776	1.79296	1.79606	
2004-01-03T07:00:00	1.79283	1.84863	1.79063	1.84833	1.79296	1.84876	1.79076	1.84846	
2003-12-27T07:00:00	1.77053	1.79463	1.76993	1.79283	1.77066	1.79476	1.77006	1.79296	
2003-12-20T07:00:00	1.76583	1.77613	1.75973	1.77053	1.76596	1.77626	1.75986	1.77066	
2003-12-13T07:00:00	1.74623	1.77393	1.73523	1.76583	1.74636	1.77406	1.73536	1.76596	
2003-12-06T07:00:00	1.72903	1.75103	1.72653	1.74623	1.72916	1.75116	1.72666	1.74636	
2003-11-29T07:00:00	1.72123	1.73193	1.71643	1.72903	1.72136	1.73206	1.71656	1.72916	
2003-11-22T07:00:00	1.70293	1.72423	1.69273	1.72123	1.70306	1.72436	1.69286	1.72136	
2003-11-15T07:00:00	1.68693	1.70873	1.68593	1.70293	1.68706	1.70886	1.68606	1.70306	
2003-11-08T07:00:00	1.67393	1.69063	1.66323	1.68693	1.67406	1.69076	1.66336	1.68706	
2003-11-01T07:00:00	1.69403	1.69753	1.65643	1.67393	1.69416	1.69766	1.65656	1.67406	
2003-10-25T06:00:00	1.69543	1.70743	1.68703	1.69403	1.69556	1.70756	1.68716	1.69416	
2003-10-18T06:00:00	1.67723	1.69943	1.66833	1.69543	1.67736	1.69956	1.66846	1.69556	
2003-10-11T06:00:00	1.66303	1.68143	1.65333	1.67723	1.66316	1.68156	1.65346	1.67736	
2003-10-04T06:00:00	1.66103	1.67763	1.65603	1.66303	1.66116	1.67776	1.65616	1.66316	
2003-09-27T06:00:00	1.65813	1.67583	1.64483	1.66103	1.65826	1.67596	1.64496	1.66116	
2003-09-20T06:00:00	1.63603	1.66293	1.63603	1.65813	1.63616	1.66306	1.63616	1.65826	
2003-09-13T06:00:00	1.60273	1.63753	1.58463	1.63603	1.60286	1.63766	1.58476	1.63616	
2003-09-06T06:00:00	1.58963	1.60683	1.57793	1.60273	1.58976	1.60696	1.57806	1.60286	
2003-08-30T06:00:00	1.57573	1.59083	1.56073	1.58963	1.57586	1.59096	1.56086	1.58976	
2003-08-23T06:00:00	1.57503	1.58253	1.56143	1.57573	1.57516	1.58266	1.56156	1.57586	
2003-08-16T06:00:00	1.59523	1.59833	1.56993	1.57503	1.59536	1.59846	1.57006	1.57516	
2003-08-09T06:00:00	1.60243	1.61363	1.59213	1.59523	1.60256	1.61376	1.59226	1.59536	
2003-08-02T06:00:00	1.60803	1.61863	1.60053	1.60243	1.60816	1.61876	1.60066	1.60256	
2003-07-26T06:00:00	1.62003	1.63083	1.60013	1.60803	1.62016	1.63096	1.60026	1.60816	
2003-07-19T06:00:00	1.58943	1.62333	1.57193	1.62003	1.58956	1.62346	1.57206	1.62016	
2003-07-12T06:00:00	1.62993	1.63153	1.58213	1.58943	1.63006	1.63166	1.58226	1.58956	
2003-07-05T06:00:00	1.66553	1.66733	1.62143	1.62993	1.66566	1.66746	1.62156	1.63006	
2003-06-28T06:00:00	1.64853	1.67413	1.64533	1.66553	1.64866	1.67426	1.64546	1.66566	
2003-06-21T06:00:00	1.66093	1.67943	1.64523	1.64853	1.66106	1.67956	1.64536	1.64866	
2003-06-14T06:00:00	1.67223	1.69033	1.65813	1.66093	1.67236	1.69046	1.65826	1.66106	
2003-06-07T06:00:00	1.66173	1.67883	1.64163	1.67223	1.66186	1.67896	1.64176	1.67236	
2003-05-31T06:00:00	1.63533	1.67073	1.62333	1.66173	1.63546	1.67086	1.62346	1.66186	
2003-05-24T06:00:00	1.63603	1.65443	1.63073	1.63533	1.63616	1.65456	1.63086	1.63546	
2003-05-17T06:00:00	1.62253	1.64603	1.62193	1.63603	1.62266	1.64616	1.62206	1.63616	
2003-05-10T06:00:00	1.60403	1.62933	1.60383	1.62253	1.60416	1.62946	1.60396	1.62266	
2003-05-03T06:00:00	1.60433	1.61863	1.58993	1.60403	1.60446	1.61876	1.59006	1.60416	
2003-04-26T06:00:00	1.59083	1.61333	1.58573	1.60433	1.59096	1.61346	1.58586	1.60446	
2003-04-19T06:00:00	1.57083	1.59773	1.55823	1.59083	1.57096	1.59786	1.55836	1.59096	
2003-04-12T06:00:00	1.57143	1.58423	1.56683	1.57083	1.57156	1.58436	1.56696	1.57096	
2003-04-05T07:00:00	1.56053	1.57383	1.54573	1.57143	1.56066	1.57396	1.54586	1.57156	
2003-03-29T07:00:00	1.57433	1.58353	1.55863	1.56053	1.57446	1.58366	1.55876	1.56066	
2003-03-22T07:00:00	1.56253	1.57923	1.56073	1.57433	1.56266	1.57936	1.56086	1.57446	
2003-03-15T07:00:00	1.58283	1.58963	1.55343	1.56253	1.58296	1.58976	1.55356	1.56266	
2003-03-08T07:00:00	1.60223	1.61543	1.57873	1.58283	1.60236	1.61556	1.57886	1.58296	
2003-03-01T07:00:00	1.57353	1.60843	1.57093	1.60223	1.57366	1.60856	1.57106	1.60236	
2003-02-22T07:00:00	1.57893	1.58903	1.57023	1.57353	1.57906	1.58916	1.57036	1.57366	
2003-02-15T07:00:00	1.61393	1.61483	1.57673	1.57893	1.61406	1.61496	1.57686	1.57906	
2003-02-08T07:00:00	1.63093	1.63503	1.60973	1.61393	1.63106	1.63516	1.60986	1.61406	
2003-02-01T07:00:00	1.64663	1.65323	1.62313	1.63093	1.64676	1.65336	1.62326	1.63106	
2003-01-25T07:00:00	1.63333	1.65693	1.62813	1.64663	1.63346	1.65706	1.62826	1.64676	
2003-01-18T07:00:00	1.61263	1.63533	1.60133	1.63333	1.61276	1.63546	1.60146	1.63346	
2003-01-11T07:00:00	1.60793	1.61933	1.59553	1.61263	1.60806	1.61946	1.59566	1.61276	
2003-01-04T07:00:00	1.60893	1.61603	1.59623	1.60793	1.60906	1.61616	1.59636	1.60806	
2002-12-28T07:00:00	1.60353	1.61303	1.59043	1.60893	1.60366	1.61316	1.59056	1.60906	
2002-12-21T07:00:00	1.60223	1.60573	1.58633	1.60353	1.60236	1.60586	1.58646	1.60366	
2002-12-14T07:00:00	1.58913	1.60583	1.58613	1.60223	1.58926	1.60596	1.58626	1.60236	
2002-12-07T07:00:00	1.57543	1.59053	1.56703	1.58913	1.57556	1.59066	1.56716	1.58926	
2002-11-30T07:00:00	1.55653	1.57943	1.54493	1.57543	1.55666	1.57956	1.54506	1.57556	
2002-11-23T07:00:00	1.57973	1.57993	1.54103	1.55653	1.57986	1.58006	1.54116	1.55666	
2002-11-16T07:00:00	1.58023	1.59113	1.57023	1.57973	1.58036	1.59126	1.57036	1.57986	
2002-11-09T07:00:00	1.59043	1.59643	1.57293	1.58023	1.59056	1.59656	1.57306	1.58036	
2002-11-02T07:00:00	1.56333	1.59293	1.55223	1.59043	1.56346	1.59306	1.55236	1.59056	
2002-10-26T06:00:00	1.55103	1.56583	1.54493	1.56333	1.55116	1.56596	1.54506	1.56346	
2002-10-19T06:00:00	1.54663	1.55643	1.54093	1.55103	1.54676	1.55656	1.54106	1.55116	
2002-10-12T06:00:00	1.56193	1.56283	1.54293	1.54663	1.56206	1.56296	1.54306	1.54676	
2002-10-05T06:00:00	1.56443	1.56873	1.55033	1.56193	1.56456	1.56886	1.55046	1.56206	
2002-09-28T06:00:00	1.56003	1.57613	1.56003	1.56443	1.56016	1.57626	1.56016	1.56456	
2002-09-21T06:00:00	1.55373	1.56663	1.54793	1.56003	1.55386	1.56676	1.54806	1.56016	
2002-09-14T06:00:00	1.55193	1.55913	1.52823	1.55373	1.55206	1.55926	1.52836	1.55386	
2002-09-07T06:00:00	1.55843	1.56513	1.53113	1.55193	1.55856	1.56526	1.53126	1.55206	
2002-08-31T06:00:00	1.54993	1.57273	1.54613	1.55843	1.55006	1.57286	1.54626	1.55856	
2002-08-24T06:00:00	1.52023	1.55433	1.51813	1.54993	1.52036	1.55446	1.51826	1.55006	
2002-08-17T06:00:00	1.53853	1.54423	1.51603	1.52023	1.53866	1.54436	1.51616	1.52036	
2002-08-10T06:00:00	1.52373	1.54673	1.52253	1.53853	1.52386	1.54686	1.52266	1.53866	
2002-08-03T06:00:00	1.56833	1.57053	1.52063	1.52373	1.56846	1.57066	1.52076	1.52386	
2002-07-27T06:00:00	1.56473	1.57413	1.54703	1.56833	1.56486	1.57426	1.54716	1.56846	
2002-07-20T06:00:00	1.57963	1.58643	1.55553	1.56473	1.57976	1.58656	1.55566	1.56486	
2002-07-13T06:00:00	1.55203	1.58533	1.55043	1.57963	1.55216	1.58546	1.55056	1.57976	
2002-07-06T06:00:00	1.52243	1.55773	1.52133	1.55203	1.52256	1.55786	1.52146	1.55216	
2002-06-29T06:00:00	1.53343	1.53643	1.51483	1.52243	1.53306	1.53606	1.51496	1.52256	
2002-06-22T06:00:00	1.49613	1.53823	1.49513	1.53343	1.49576	1.53786	1.49476	1.53306	
2002-06-15T06:00:00	1.47783	1.50203	1.47533	1.49613	1.47746	1.50166	1.47496	1.49576	
2002-06-08T06:00:00	1.46053	1.48003	1.45533	1.47783	1.46016	1.47966	1.45496	1.47746	
2002-06-01T06:00:00	1.45673	1.46663	1.45363	1.46053	1.45636	1.46626	1.45326	1.46016	
2002-05-25T06:00:00	1.45753	1.46873	1.45413	1.45673	1.45716	1.46836	1.45376	1.45636	
2002-05-18T06:00:00	1.45853	1.46343	1.45083	1.45753	1.45816	1.46306	1.45046	1.45716	
2002-05-11T06:00:00	1.46363	1.46503	1.44713	1.45853	1.46326	1.46466	1.44676	1.45816	
2002-05-04T06:00:00	1.46963	1.46993	1.45353	1.46363	1.46926	1.46956	1.45316	1.46326	
2002-04-27T06:00:00	1.45873	1.47043	1.45503	1.46963	1.45836	1.47006	1.45466	1.46926	
2002-04-20T06:00:00	1.44733	1.45873	1.44573	1.45873	1.44696	1.45836	1.44536	1.45836	
2002-04-13T06:00:00	1.43743	1.45003	1.43473	1.44733	1.43706	1.44966	1.43436	1.44696	
2002-04-06T07:00:00	1.43353	1.44053	1.42893	1.43743	1.43316	1.44016	1.42856	1.43706	
2002-03-30T07:00:00	1.42573	1.44323	1.42513	1.43353	1.42536	1.44286	1.42476	1.43316	
2002-03-23T07:00:00	1.42563	1.42883	1.42163	1.42573	1.42526	1.42846	1.42126	1.42536	
2002-03-16T07:00:00	1.42413	1.43283	1.41973	1.42563	1.42376	1.43246	1.41936	1.42526	
2002-03-09T07:00:00	1.42253	1.42733	1.40923	1.42413	1.42216	1.42696	1.40886	1.42376	
2002-03-02T07:00:00	1.41823	1.43133	1.41603	1.42253	1.41786	1.43096	1.41566	1.42216	
2002-02-23T07:00:00	1.43193	1.43413	1.41123	1.41823	1.43156	1.43376	1.41086	1.41786	
2002-02-16T07:00:00	1.43153	1.43473	1.42243	1.43193	1.43116	1.43436	1.42206	1.43156	
2002-02-09T07:00:00	1.41443	1.43623	1.41343	1.43153	1.41406	1.43586	1.41306	1.43116	
2002-02-02T07:00:00	1.41553	1.42503	1.40703	1.41443	1.41516	1.42466	1.40666	1.41406	
2002-01-26T07:00:00	1.40983	1.41843	1.40453	1.41553	1.40946	1.41806	1.40416	1.41516	
2002-01-19T07:00:00	1.43813	1.44213	1.40653	1.40983	1.43776	1.44176	1.40616	1.40946	
2002-01-12T07:00:00	1.44773	1.45223	1.43053	1.43813	1.44736	1.45186	1.43016	1.43776	
2002-01-05T07:00:00	1.44623	1.44833	1.43413	1.44773	1.44586	1.44796	1.43376	1.44736	
2001-12-29T07:00:00	1.45033	1.45603	1.43653	1.44623	1.44996	1.45566	1.43616	1.44586	
2001-12-22T07:00:00	1.43883	1.45553	1.43233	1.45033	1.43846	1.45516	1.43196	1.44996	
2001-12-15T07:00:00	1.45333	1.46123	1.43483	1.43883	1.45296	1.46086	1.43446	1.43846	
2001-12-08T07:00:00	1.43353	1.45713	1.42763	1.45333	1.43316	1.45676	1.42726	1.45296	
2001-12-01T07:00:00	1.42513	1.43383	1.41423	1.43353	1.42476	1.43346	1.41386	1.43316	
2001-11-24T07:00:00	1.41043	1.43003	1.40643	1.42513	1.41006	1.42966	1.40606	1.42476	
2001-11-17T07:00:00	1.42793	1.42813	1.40433	1.41043	1.42756	1.42776	1.40396	1.41006	
2001-11-10T07:00:00	1.45663	1.46233	1.42673	1.42793	1.45626	1.46196	1.42636	1.42756	
2001-11-03T07:00:00	1.46163	1.46773	1.44783	1.45663	1.46126	1.46736	1.44746	1.45626	
2001-10-27T06:00:00	1.43753	1.46853	1.43703	1.46163	1.43716	1.46816	1.43666	1.46126	
2001-10-20T06:00:00	1.43493	1.43803	1.42013	1.43693	1.43456	1.43766	1.41976	1.43656	
2001-10-13T06:00:00	1.45163	1.45453	1.43273	1.43493	1.45126	1.45416	1.43236	1.43456	
2001-10-06T06:00:00	1.48333	1.48383	1.44073	1.45163	1.48296	1.48346	1.44036	1.45126	
2001-09-29T06:00:00	1.47223	1.48473	1.46253	1.48333	1.47186	1.48436	1.46216	1.48296	
2001-09-22T06:00:00	1.45603	1.47723	1.45363	1.47223	1.45566	1.47686	1.45326	1.47186	
2001-09-15T06:00:00	1.47243	1.47843	1.45203	1.45603	1.47206	1.47806	1.45166	1.45566	
2001-09-08T06:00:00	1.46153	1.47923	1.45373	1.47243	1.46116	1.47886	1.45336	1.47206	
2001-09-01T06:00:00	1.45363	1.46373	1.44113	1.46153	1.45326	1.46336	1.44076	1.46116	
2001-08-25T06:00:00	1.44363	1.46263	1.43803	1.45363	1.44326	1.46226	1.43766	1.45326	
2001-08-18T06:00:00	1.44593	1.45923	1.44133	1.44363	1.44556	1.45886	1.44096	1.44326	
2001-08-11T06:00:00	1.42413	1.45233	1.41713	1.44593	1.42376	1.45196	1.41676	1.44556	
2001-08-04T06:00:00	1.42903	1.42943	1.41293	1.42413	1.42866	1.42906	1.41256	1.42376	
2001-07-28T06:00:00	1.42293	1.43593	1.42133	1.42903	1.42256	1.43556	1.42096	1.42866	
2001-07-21T06:00:00	1.42503	1.43163	1.41603	1.42293	1.42466	1.43126	1.41566	1.42256	
2001-07-14T06:00:00	1.40433	1.43533	1.39363	1.42503	1.40396	1.43496	1.39326	1.42466	
2001-07-07T06:00:00	1.41203	1.41923	1.39853	1.40433	1.41166	1.41886	1.39816	1.40396	
2001-06-30T06:00:00	1.41683	1.41853	1.39703	1.41203	1.41646	1.41816	1.39666	1.41166	
2001-06-23T06:00:00	1.41263	1.42313	1.40343	1.41683	1.41226	1.42276	1.40306	1.41646	
2001-06-16T06:00:00	1.40473	1.41973	1.39113	1.41263	1.40436	1.41936	1.39076	1.41226	
2001-06-09T06:00:00	1.38273	1.41103	1.36863	1.40473	1.38236	1.41066	1.36826	1.40436	
2001-06-02T06:00:00	1.41923	1.42183	1.37783	1.38273	1.41886	1.42146	1.37746	1.38236	
2001-05-26T06:00:00	1.42273	1.42843	1.41253	1.41923	1.42236	1.42806	1.41216	1.41886	
2001-05-19T06:00:00	1.43953	1.44203	1.40763	1.42273	1.43916	1.44166	1.40726	1.42236	
2001-05-12T06:00:00	1.42003	1.44013	1.41603	1.43953	1.41966	1.43976	1.41566	1.43916	
2001-05-05T06:00:00	1.43813	1.44193	1.41403	1.42003	1.43776	1.44156	1.41366	1.41966	
2001-04-28T06:00:00	1.43553	1.44453	1.42713	1.43813	1.43516	1.44416	1.42676	1.43776	
2001-04-21T06:00:00	1.44243	1.44803	1.43173	1.43553	1.44206	1.44766	1.43136	1.43516	
2001-04-14T06:00:00	1.43663	1.44873	1.41973	1.44243	1.43626	1.44836	1.41936	1.44206	
2001-04-07T06:00:00	1.44063	1.45043	1.42753	1.43663	1.44026	1.45006	1.42716	1.43626	
2001-03-31T07:00:00	1.41503	1.44163	1.41453	1.44063	1.41466	1.44126	1.41416	1.44026	
2001-03-24T07:00:00	1.42803	1.44263	1.41503	1.41503	1.42766	1.44226	1.41466	1.41466	
2001-03-17T07:00:00	1.43163	1.43963	1.41863	1.42803	1.43126	1.43926	1.41826	1.42766	
2001-03-10T07:00:00	1.46753	1.47033	1.42553	1.43163	1.46716	1.46996	1.42516	1.43126	
2001-03-03T07:00:00	1.46923	1.47543	1.45793	1.46753	1.46886	1.47506	1.45756	1.46716	
2001-02-24T07:00:00	1.45423	1.47653	1.43963	1.46923	1.45386	1.47616	1.43926	1.46886	
2001-02-17T07:00:00	1.44753	1.45613	1.43203	1.45423	1.44716	1.45576	1.43166	1.45386	
2001-02-10T07:00:00	1.44593	1.46153	1.44463	1.44753	1.44556	1.46116	1.44426	1.44716	
2001-02-03T07:00:00	1.46923	1.47833	1.43813	1.44593	1.46886	1.47796	1.43776	1.44556	
2001-01-27T07:00:00	1.46173	1.48383	1.45603	1.46923	1.46136	1.48346	1.45566	1.46886	
2001-01-20T07:00:00	1.46433	1.47413	1.44783	1.46173	1.46396	1.47376	1.44746	1.46136	
2001-01-13T07:00:00	1.47893	1.48053	1.46313	1.46433	1.47856	1.48016	1.46276	1.46396	
2001-01-06T07:00:00	1.50413	1.51033	1.47643	1.47893	1.50376	1.50996	1.47606	1.47856	
2000-12-30T07:00:00	1.49363	1.51003	1.48873	1.50413	1.49326	1.50966	1.48836	1.50376	
2000-12-23T07:00:00	1.47733	1.49883	1.47453	1.49363	1.47696	1.49846	1.47416	1.49326	
2000-12-16T07:00:00	1.47403	1.48443	1.46143	1.47733	1.47366	1.48406	1.46106	1.47696	
2000-12-09T07:00:00	1.44673	1.47803	1.44373	1.47403	1.44636	1.47766	1.44336	1.47366	
2000-12-02T07:00:00	1.44093	1.45573	1.43133	1.44673	1.44056	1.45536	1.43096	1.44636	
2000-11-25T07:00:00	1.40063	1.44523	1.40053	1.44093	1.40026	1.44486	1.40016	1.44056	
2000-11-18T07:00:00	1.42243	1.42973	1.39683	1.40063	1.42206	1.42936	1.39646	1.40026	
2000-11-11T07:00:00	1.42733	1.44283	1.42133	1.42243	1.42696	1.44246	1.42096	1.42206	
2000-11-04T07:00:00	1.44963	1.45223	1.41373	1.42733	1.44926	1.45186	1.41336	1.42696	
2000-10-28T06:00:00	1.45503	1.46743	1.44033	1.44963	1.45466	1.46706	1.43996	1.44926	
2000-10-21T06:00:00	1.45323	1.45833	1.42003	1.45503	1.45286	1.45796	1.41966	1.45466	
2000-10-14T06:00:00	1.45223	1.46133	1.43503	1.45323	1.45186	1.46096	1.43466	1.45286	
2000-10-07T06:00:00	1.44763	1.48033	1.44593	1.45223	1.44726	1.47996	1.44556	1.45186	
2000-09-30T06:00:00	1.47673	1.47793	1.44283	1.44763	1.47636	1.47756	1.44246	1.44726	
2000-09-23T06:00:00	1.45713	1.48103	1.45063	1.47673	1.45676	1.48066	1.45026	1.47636	
2000-09-16T06:00:00	1.39923	1.47523	1.39663	1.45713	1.39886	1.47486	1.39626	1.45676	
2000-09-09T06:00:00	1.41443	1.42313	1.39583	1.39923	1.41406	1.42276	1.39546	1.39886	
2000-09-02T06:00:00	1.46313	1.46623	1.41443	1.41443	1.46276	1.46586	1.41406	1.41406	
2000-08-26T06:00:00	1.47123	1.47373	1.44273	1.46313	1.47086	1.47336	1.44236	1.46276	
2000-08-19T06:00:00	1.49093	1.49393	1.46923	1.47123	1.49056	1.49356	1.46886	1.47086	
2000-08-12T06:00:00	1.50263	1.51453	1.48863	1.49093	1.50226	1.51416	1.48826	1.49056	
2000-08-05T06:00:00	1.50503	1.51473	1.49563	1.50263	1.50466	1.51436	1.49526	1.50226	
2000-07-29T06:00:00	1.50323	1.50873	1.48363	1.50503	1.50286	1.50836	1.48326	1.50466	
2000-07-22T06:00:00	1.51793	1.52213	1.49963	1.50323	1.51756	1.52176	1.49926	1.50286	
2000-07-15T06:00:00	1.50103	1.52053	1.49123	1.51793	1.50066	1.52016	1.49086	1.51756	
2000-07-08T06:00:00	1.51423	1.51973	1.49773	1.50103	1.51386	1.51936	1.49736	1.50066	
2000-07-01T06:00:00	1.51643	1.51923	1.50513	1.51423	1.51606	1.51886	1.50476	1.51386	
2000-06-24T06:00:00	1.50163	1.52123	1.49403	1.51643	1.50126	1.52086	1.49366	1.51606	
2000-06-17T06:00:00	1.51493	1.52033	1.49513	1.50163	1.51456	1.51996	1.49476	1.50126	
2000-06-10T06:00:00	1.50903	1.51853	1.49543	1.51493	1.50866	1.51816	1.49506	1.51456	
2000-06-03T06:00:00	1.51143	1.53173	1.50173	1.50903	1.51106	1.53136	1.50136	1.50866	
2000-05-27T06:00:00	1.48993	1.51323	1.48683	1.51143	1.48956	1.51286	1.48646	1.51106	
2000-05-20T06:00:00	1.48663	1.49613	1.46713	1.48993	1.48626	1.49576	1.46676	1.48956	
2000-05-13T06:00:00	1.52283	1.52343	1.47573	1.48663	1.52246	1.52306	1.47536	1.48626	
2000-05-06T06:00:00	1.52923	1.53703	1.49363	1.52283	1.52886	1.53666	1.49326	1.52246	
2000-04-29T06:00:00	1.55383	1.56703	1.52563	1.52923	1.55346	1.56666	1.52526	1.52886	
2000-04-22T06:00:00	1.57713	1.58273	1.55093	1.55383	1.57676	1.58236	1.55056	1.55346	
2000-04-15T06:00:00	1.58963	1.59143	1.57523	1.57713	1.58926	1.59106	1.57486	1.57676	
2000-04-08T06:00:00	1.58033	1.59333	1.57853	1.58963	1.57996	1.59296	1.57816	1.58926	
2000-04-01T07:00:00	1.59103	1.60813	1.57743	1.58033	1.59066	1.60776	1.57706	1.57996	
2000-03-25T07:00:00	1.59303	1.60093	1.58213	1.59103	1.59266	1.60056	1.58176	1.59066	
2000-03-18T07:00:00	1.57573	1.59623	1.56233	1.59303	1.57536	1.59586	1.56196	1.59266	
2000-03-11T07:00:00	1.57773	1.58323	1.56863	1.57573	1.57736	1.58286	1.56826	1.57536	
2000-03-04T07:00:00	1.58073	1.58903	1.57003	1.57773	1.58036	1.58866	1.56966	1.57736	
2000-02-26T07:00:00	1.59353	1.59993	1.57583	1.58073	1.59316	1.59956	1.57546	1.58036	
2000-02-19T07:00:00	1.59993	1.61973	1.58913	1.59353	1.59956	1.61936	1.58876	1.59316	
2000-02-12T07:00:00	1.59303	1.61413	1.58553	1.59993	1.59266	1.61376	1.58516	1.59956	
2000-02-05T07:00:00	1.59213	1.61773	1.58833	1.59303	1.59176	1.61736	1.58796	1.59266	
2000-01-29T07:00:00	1.62343	1.62633	1.58393	1.59213	1.62306	1.62596	1.58356	1.59176	
2000-01-22T07:00:00	1.64693	1.65613	1.61653	1.62343	1.64656	1.65576	1.61616	1.62306	
2000-01-15T07:00:00	1.63493	1.65813	1.63033	1.64693	1.63456	1.65776	1.62996	1.64656	
2000-01-08T07:00:00	1.63923	1.65123	1.63173	1.63493	1.63886	1.65086	1.63136	1.63456	
2000-01-01T07:00:00	1.61513	1.65133	1.61493	1.63923	1.61476	1.65096	1.61456	1.63886	
1999-12-25T07:00:00	1.61703	1.62213	1.61173	1.61513	1.61666	1.62176	1.61136	1.61476	
1999-12-18T07:00:00	1.60693	1.62343	1.60253	1.61703	1.60656	1.62306	1.60216	1.61666	
1999-12-11T07:00:00	1.62203	1.62633	1.60043	1.60693	1.62166	1.62596	1.60006	1.60656	
1999-12-04T07:00:00	1.60243	1.63163	1.60013	1.62203	1.60206	1.63126	1.59976	1.62166	
1999-11-27T07:00:00	1.60653	1.60843	1.59213	1.60243	1.60616	1.60806	1.59176	1.60206	
1999-11-20T07:00:00	1.62053	1.62773	1.60293	1.60653	1.62016	1.62736	1.60256	1.60616	
1999-11-13T07:00:00	1.61543	1.62933	1.61303	1.62053	1.61506	1.62896	1.61266	1.62016	
1999-11-06T07:00:00	1.62373	1.62993	1.61123	1.61543	1.62336	1.62956	1.61086	1.61506	
1999-10-30T06:00:00	1.64473	1.65223	1.61623	1.62373	1.64436	1.65186	1.61586	1.62336	
1999-10-23T06:00:00	1.65603	1.66513	1.63353	1.64473	1.65566	1.66476	1.63316	1.64436	
1999-10-16T06:00:00	1.66923	1.67963	1.65383	1.65603	1.66886	1.67926	1.65346	1.65566	
1999-10-09T06:00:00	1.65223	1.67293	1.64993	1.66923	1.65186	1.67256	1.64956	1.66886	
1999-10-02T06:00:00	1.65593	1.66083	1.64763	1.65223	1.65556	1.66046	1.64726	1.65186	
1999-09-25T06:00:00	1.64243	1.65743	1.63983	1.65593	1.64206	1.65706	1.63946	1.65556	
1999-09-18T06:00:00	1.62393	1.64733	1.62043	1.64243	1.62356	1.64696	1.62006	1.64206	
1999-09-11T06:00:00	1.61943	1.62703	1.59933	1.62393	1.61906	1.62666	1.59896	1.62356	
1999-09-04T06:00:00	1.60393	1.63763	1.60003	1.61943	1.60356	1.63726	1.59966	1.61906	
1999-08-28T06:00:00	1.58993	1.61603	1.58633	1.60393	1.58956	1.61566	1.58596	1.60356	
1999-08-21T06:00:00	1.61493	1.61843	1.58453	1.58993	1.61456	1.61806	1.58416	1.58956	
1999-08-14T06:00:00	1.60673	1.62233	1.59583	1.61493	1.60636	1.62196	1.59546	1.61456	
1999-08-07T06:00:00	1.60953	1.61913	1.60183	1.60673	1.60916	1.61876	1.60146	1.60636	
1999-07-31T06:00:00	1.62103	1.62843	1.60813	1.60953	1.62066	1.62806	1.60776	1.60916	
1999-07-24T06:00:00	1.57893	1.62533	1.57863	1.62103	1.57856	1.62496	1.57826	1.62066	
1999-07-17T06:00:00	1.56313	1.58883	1.55763	1.57893	1.56276	1.58846	1.55726	1.57856	
1999-07-10T06:00:00	1.55063	1.57043	1.54873	1.56313	1.55026	1.57006	1.54836	1.56276	
1999-07-03T06:00:00	1.57743	1.57953	1.54813	1.55063	1.57706	1.57916	1.54776	1.55026	
1999-06-26T06:00:00	1.58493	1.58813	1.56923	1.57743	1.58456	1.58776	1.56886	1.57706	
1999-06-19T06:00:00	1.59543	1.59763	1.57483	1.58493	1.59506	1.59726	1.57446	1.58456	
1999-06-12T06:00:00	1.61563	1.61693	1.58583	1.59543	1.61526	1.61656	1.58546	1.59506	
1999-06-05T06:00:00	1.60973	1.61833	1.59863	1.61563	1.60936	1.61796	1.59826	1.61526	
1999-05-29T06:00:00	1.60293	1.61453	1.59843	1.60973	1.60256	1.61416	1.59806	1.60936	
1999-05-22T06:00:00	1.60093	1.60593	1.58883	1.60293	1.60056	1.60556	1.58846	1.60256	
1999-05-15T06:00:00	1.62123	1.62593	1.60073	1.60093	1.62086	1.62556	1.60036	1.60056	
1999-05-08T06:00:00	1.63003	1.63553	1.61383	1.62123	1.62966	1.63516	1.61346	1.62086	
1999-05-01T06:00:00	1.61123	1.64383	1.60693	1.63003	1.61086	1.64346	1.60656	1.62966	
1999-04-24T06:00:00	1.61443	1.62313	1.60673	1.61123	1.61406	1.62276	1.60636	1.61086	
1999-04-17T06:00:00	1.61223	1.62433	1.60353	1.61443	1.61186	1.62396	1.60316	1.61406	
1999-04-10T06:00:00	1.60773	1.62153	1.60343	1.61223	1.60736	1.62116	1.60306	1.61186	
1999-04-03T07:00:00	1.60343	1.61253	1.58463	1.60773	1.60306	1.61216	1.58426	1.60736	
1999-03-27T07:00:00	1.62243	1.62473	1.60163	1.60343	1.62206	1.62436	1.60126	1.60306	
1999-03-20T07:00:00	1.62893	1.64843	1.61773	1.62243	1.62856	1.64806	1.61736	1.62206	
1999-03-13T07:00:00	1.63103	1.63613	1.61793	1.62893	1.63066	1.63576	1.61756	1.62856	
1999-03-06T07:00:00	1.60203	1.64313	1.60093	1.63103	1.60166	1.64276	1.60056	1.63066	
1999-02-27T07:00:00	1.59823	1.62263	1.59563	1.60203	1.59786	1.62226	1.59526	1.60166	
1999-02-20T07:00:00	1.62273	1.62743	1.59433	1.59823	1.62236	1.62706	1.59396	1.59786	
1999-02-13T07:00:00	1.63263	1.63993	1.62073	1.62273	1.63226	1.63956	1.62036	1.62236	
1999-02-06T07:00:00	1.63323	1.64173	1.61923	1.63263	1.63286	1.64136	1.61886	1.63226	
1999-01-30T07:00:00	1.64723	1.64913	1.63043	1.63323	1.64686	1.64876	1.63006	1.63286	
1999-01-23T07:00:00	1.65563	1.66323	1.64243	1.64723	1.65526	1.66286	1.64206	1.64686	
1999-01-16T07:00:00	1.64963	1.66303	1.64243	1.65563	1.64926	1.66266	1.64206	1.65526	
1999-01-09T07:00:00	1.64093	1.66503	1.62373	1.64963	1.64056	1.66466	1.62336	1.64926	
1999-01-02T07:00:00	1.65893	1.67523	1.63613	1.64093	1.65856	1.67486	1.63576	1.64056	
1998-12-26T07:00:00	1.67383	1.68593	1.65293	1.65893	1.67346	1.68556	1.65256	1.65856	
1998-12-19T07:00:00	1.68443	1.68693	1.67053	1.67383	1.68406	1.68656	1.67016	1.67346	
1998-12-12T07:00:00	1.68763	1.69493	1.66693	1.68443	1.68726	1.69456	1.66656	1.68406	
1998-12-05T07:00:00	1.66193	1.69223	1.64693	1.68763	1.66156	1.69186	1.64656	1.68726	
1998-11-28T07:00:00	1.65373	1.67353	1.64373	1.66193	1.65336	1.67316	1.64336	1.66156	
1998-11-21T07:00:00	1.65693	1.66543	1.64493	1.65373	1.65656	1.66506	1.64456	1.65336	
1998-11-14T07:00:00	1.66543	1.68063	1.65303	1.65693	1.66506	1.68026	1.65266	1.65656	
1998-11-07T07:00:00	1.65893	1.67093	1.65203	1.66543	1.65856	1.67056	1.65166	1.66506	
1998-10-31T07:00:00	1.67643	1.67883	1.64973	1.65893	1.67606	1.67846	1.64936	1.65856	
1998-10-24T06:00:00	1.68693	1.68983	1.66293	1.67643	1.68656	1.68946	1.66256	1.67606	
1998-10-17T06:00:00	1.70163	1.71193	1.68673	1.68693	1.70126	1.71156	1.68636	1.68656	
1998-10-10T06:00:00	1.70093	1.71273	1.68693	1.70163	1.70056	1.71236	1.68656	1.70126	
1998-10-03T06:00:00	1.69913	1.73493	1.67693	1.70093	1.69876	1.73456	1.67656	1.70056	
1998-09-26T06:00:00	1.69803	1.71493	1.69193	1.69913	1.69766	1.71456	1.69156	1.69876	
1998-09-19T06:00:00	1.67843	1.70853	1.67143	1.69803	1.67806	1.70816	1.67106	1.69766	
1998-09-12T06:00:00	1.67283	1.69433	1.66933	1.67843	1.67246	1.69396	1.66896	1.67806	
1998-09-05T06:00:00	1.66863	1.69593	1.65193	1.67283	1.66826	1.69556	1.65156	1.67246	
1998-08-29T06:00:00	1.68223	1.69033	1.66063	1.66863	1.68186	1.68996	1.66026	1.66826	
1998-08-22T06:00:00	1.63423	1.68503	1.63293	1.68223	1.63386	1.68466	1.63256	1.68186	
1998-08-15T06:00:00	1.61943	1.64033	1.60843	1.63423	1.61906	1.63996	1.60806	1.63386	
1998-08-08T06:00:00	1.62793	1.63743	1.61563	1.61943	1.62756	1.63706	1.61526	1.61906	
1998-08-01T06:00:00	1.63483	1.64203	1.62163	1.62793	1.63446	1.64166	1.62126	1.62756	
1998-07-25T06:00:00	1.66083	1.66203	1.63023	1.63483	1.66046	1.66166	1.62986	1.63446	
1998-07-18T06:00:00	1.64493	1.66223	1.63753	1.66083	1.64456	1.66186	1.63716	1.66046	
1998-07-11T06:00:00	1.63363	1.64693	1.62923	1.64493	1.63326	1.64656	1.62886	1.64456	
1998-07-04T06:00:00	1.64473	1.64993	1.62613	1.63363	1.64436	1.64956	1.62576	1.63326	
1998-06-27T06:00:00	1.65923	1.67123	1.64473	1.64473	1.65886	1.67086	1.64436	1.64436	
1998-06-20T06:00:00	1.66863	1.67783	1.65713	1.65923	1.66826	1.67746	1.65676	1.65886	
1998-06-13T06:00:00	1.63543	1.67923	1.62733	1.66863	1.63506	1.67886	1.62696	1.66826	
1998-06-06T06:00:00	1.63433	1.63943	1.62563	1.63543	1.63396	1.63906	1.62526	1.63506	
1998-05-30T06:00:00	1.63323	1.64923	1.62853	1.63433	1.63286	1.64886	1.62816	1.63396	
1998-05-23T06:00:00	1.63253	1.64313	1.62133	1.63323	1.63216	1.64276	1.62096	1.63286	
