日時	GBP/AUD(始値, 買い)	GBP/AUD(高値, 買い)	GBP/AUD(安値, 買い)	GBP/AUD(終値, 買い)	GBP/AUD(始値, 売り)	GBP/AUD(高値, 売り)	GBP/AUD(安値, 売り)	GBP/AUD(終値, 売り)	
2014-02-01T07:00:00	1.87982	1.87986	1.82426	1.83408	1.87774	1.87952	1.82397	1.83378	
2014-01-25T07:00:00	1.89911	1.90146	1.86942	1.87982	1.89720	1.90117	1.86907	1.87774	
2014-01-18T07:00:00	1.87084	1.91879	1.85164	1.89911	1.86901	1.91847	1.85136	1.89720	
2014-01-11T07:00:00	1.83298	1.87528	1.80178	1.87084	1.83108	1.87511	1.80149	1.86901	
2014-01-04T07:00:00	1.83584	1.85937	1.82308	1.83298	1.83419	1.85906	1.82274	1.83108	
2013-12-28T07:00:00	1.85936	1.86994	1.82314	1.83584	1.85731	1.86960	1.82284	1.83419	
2013-12-21T07:00:00	1.83148	1.86087	1.82716	1.85936	1.82941	1.86057	1.82684	1.85731	
2013-12-14T07:00:00	1.81874	1.85633	1.81767	1.83148	1.81661	1.85546	1.81727	1.82941	
2013-12-07T07:00:00	1.79651	1.83428	1.78957	1.81874	1.79487	1.83407	1.78927	1.81661	
2013-11-30T07:00:00	1.79785	1.81952	1.79003	1.79651	1.79574	1.81920	1.78973	1.79487	
2013-11-23T07:00:00	1.76960	1.80630	1.75669	1.79785	1.76797	1.80601	1.75644	1.79574	
2013-11-16T07:00:00	1.72135	1.77278	1.70579	1.76960	1.71931	1.77247	1.70547	1.76797	
2013-11-09T07:00:00	1.70757	1.73042	1.69966	1.72135	1.70548	1.73003	1.69937	1.71931	
2013-11-02T06:00:00	1.68838	1.71041	1.67636	1.70757	1.68691	1.70999	1.67608	1.70548	
2013-10-26T06:00:00	1.68704	1.69859	1.68254	1.68838	1.68585	1.69829	1.68228	1.68691	
2013-10-19T06:00:00	1.67148	1.69379	1.66468	1.68704	1.67021	1.69339	1.66435	1.68585	
2013-10-12T06:00:00	1.68602	1.69735	1.66704	1.67148	1.68531	1.69578	1.66619	1.67021	
2013-10-05T06:00:00	1.69795	1.71126	1.68136	1.68602	1.69699	1.71100	1.68107	1.68531	
2013-09-28T06:00:00	1.73250	1.74249	1.69709	1.69795	1.73054	1.74192	1.69646	1.69699	
2013-09-21T06:00:00	1.70372	1.73354	1.69599	1.73250	1.70224	1.73321	1.69569	1.73054	
2013-09-14T06:00:00	1.71743	1.71527	1.68753	1.70372	1.71629	1.71369	1.68723	1.70224	
2013-09-07T06:00:00	1.70220	1.71880	1.68804	1.71743	1.70093	1.71821	1.68777	1.71629	
2013-08-31T06:00:00	1.74236	1.73925	1.69598	1.70220	1.74046	1.73870	1.69556	1.70093	
2013-08-24T06:00:00	1.72530	1.74556	1.72033	1.74236	1.72388	1.74524	1.71910	1.74046	
2013-08-17T06:00:00	1.70265	1.74863	1.69345	1.72530	1.70073	1.74825	1.69317	1.72388	
2013-08-10T06:00:00	1.68719	1.71503	1.68038	1.70265	1.68579	1.71457	1.68011	1.70073	
2013-08-03T06:00:00	1.71748	1.73448	1.68351	1.68719	1.71603	1.73412	1.68318	1.68579	
2013-07-27T06:00:00	1.66092	1.71986	1.65855	1.71748	1.65882	1.71941	1.65816	1.71603	
2013-07-20T06:00:00	1.66448	1.68175	1.65029	1.66092	1.66244	1.68151	1.64999	1.65882	
2013-07-13T06:00:00	1.67003	1.66826	1.63368	1.66448	1.66839	1.66799	1.63174	1.66244	
2013-07-06T06:00:00	1.64323	1.67749	1.61444	1.67003	1.64131	1.67708	1.61421	1.66839	
2013-06-29T06:00:00	1.66545	1.69226	1.62765	1.64323	1.66408	1.69162	1.62707	1.64131	
2013-06-22T06:00:00	1.67369	1.67867	1.63484	1.66545	1.67213	1.67823	1.63448	1.66408	
2013-06-15T06:00:00	1.64148	1.68791	1.62798	1.67369	1.63941	1.68761	1.62773	1.67213	
2013-06-08T06:00:00	1.63884	1.66778	1.62368	1.64148	1.63693	1.66741	1.62337	1.63941	
2013-06-01T06:00:00	1.58813	1.64850	1.56736	1.63884	1.58670	1.64808	1.56690	1.63693	
2013-05-25T06:00:00	1.56758	1.58913	1.55895	1.58813	1.56562	1.58891	1.55868	1.58670	
2013-05-18T06:00:00	1.55862	1.56929	1.54168	1.56758	1.55795	1.56894	1.54135	1.56562	
2013-05-11T06:00:00	1.53372	1.56621	1.53171	1.55862	1.53261	1.56594	1.53141	1.55795	
2013-05-04T06:00:00	1.50958	1.54232	1.50958	1.53372	1.50867	1.54203	1.50856	1.53261	
2013-04-27T06:00:00	1.50560	1.52403	1.49304	1.50958	1.50491	1.52348	1.49273	1.50867	
2013-04-20T06:00:00	1.48240	1.50768	1.47828	1.50560	1.48162	1.50741	1.47801	1.50491	
2013-04-13T06:00:00	1.46098	1.48714	1.45892	1.48240	1.45958	1.48691	1.45722	1.48162	
2013-04-06T06:00:00	1.47718	1.48307	1.45139	1.46098	1.47656	1.48281	1.45118	1.45958	
2013-03-30T06:00:00	1.45982	1.48026	1.44118	1.47718	1.45891	1.48011	1.44092	1.47656	
2013-03-23T06:00:00	1.45837	1.46257	1.44252	1.45982	1.45751	1.46206	1.44231	1.45891	
2013-03-16T06:00:00	1.45243	1.46342	1.44831	1.45837	1.45185	1.46244	1.44760	1.45751	
2013-03-09T07:00:00	1.45835	1.46308	1.43828	1.45243	1.45746	1.46283	1.43800	1.45185	
2013-03-02T07:00:00	1.47402	1.48615	1.45385	1.45835	1.47378	1.48583	1.45341	1.45746	
2013-02-23T07:00:00	1.47085	1.48843	1.46210	1.47402	1.47011	1.48817	1.46077	1.47378	
2013-02-16T07:00:00	1.50616	1.50804	1.46906	1.47085	1.50531	1.50768	1.46834	1.47011	
2013-02-09T07:00:00	1.53172	1.53572	1.49335	1.50616	1.53002	1.53543	1.49307	1.50531	
2013-02-02T07:00:00	1.50912	1.53469	1.50227	1.53172	1.50807	1.53440	1.50209	1.53002	
2013-01-26T07:00:00	1.51708	1.53146	1.50131	1.50912	1.51565	1.53118	1.50106	1.50807	
2013-01-19T07:00:00	1.51088	1.51882	1.49657	1.51708	1.51013	1.51856	1.49631	1.51565	
2013-01-12T07:00:00	1.53064	1.53314	1.50933	1.51088	1.52993	1.53285	1.50891	1.51013	
2013-01-05T07:00:00	1.53401	1.53792	1.51577	1.53064	1.53271	1.53770	1.51550	1.52993	
2012-12-29T07:00:00	1.55891	1.56793	1.53256	1.53401	1.55824	1.56750	1.53233	1.53271	
2012-12-22T07:00:00	1.55472	1.56110	1.54942	1.55891	1.55355	1.56083	1.54911	1.55824	
2012-12-15T07:00:00	1.53072	1.56040	1.53062	1.55472	1.52998	1.56022	1.52990	1.55355	
2012-12-08T07:00:00	1.53006	1.53632	1.52753	1.53072	1.52898	1.53607	1.52730	1.52998	
2012-12-01T07:00:00	1.53621	1.54646	1.52686	1.53006	1.53469	1.54551	1.52662	1.52898	
2012-11-24T07:00:00	1.53344	1.54108	1.52749	1.53621	1.53159	1.54080	1.52719	1.53469	
2012-11-17T07:00:00	1.53637	1.54165	1.52530	1.53344	1.53576	1.54140	1.52493	1.53159	
2012-11-10T07:00:00	1.53188	1.54051	1.51848	1.53637	1.53068	1.54025	1.51816	1.53576	
2012-11-03T06:00:00	1.55009	1.55059	1.52930	1.53188	1.54937	1.54980	1.52901	1.53068	
2012-10-27T06:00:00	1.55252	1.56010	1.54212	1.55009	1.55166	1.55981	1.54179	1.54937	
2012-10-20T06:00:00	1.54948	1.56331	1.54528	1.55252	1.54853	1.56298	1.54490	1.55166	
2012-10-13T06:00:00	1.57098	1.57238	1.54682	1.54948	1.57025	1.57205	1.54641	1.54853	
2012-10-06T06:00:00	1.58444	1.58972	1.55720	1.57098	1.58388	1.58834	1.55690	1.57025	
2012-09-29T06:00:00	1.55697	1.58853	1.55400	1.58444	1.55674	1.58823	1.55367	1.58388	
2012-09-22T06:00:00	1.55292	1.56437	1.54988	1.55697	1.55207	1.56408	1.54959	1.55674	
2012-09-15T06:00:00	1.53728	1.56035	1.53709	1.55292	1.53655	1.56020	1.53568	1.55207	
2012-09-08T06:00:00	1.54143	1.55024	1.52804	1.53728	1.54061	1.54993	1.52772	1.53655	
2012-09-01T06:00:00	1.53800	1.56387	1.53800	1.54143	1.53659	1.56361	1.53659	1.54061	
2012-08-25T06:00:00	1.52018	1.54013	1.51718	1.53800	1.51936	1.53981	1.51643	1.53659	
2012-08-18T06:00:00	1.50733	1.52741	1.49725	1.52018	1.50577	1.52721	1.49698	1.51936	
2012-08-11T06:00:00	1.48335	1.50758	1.48335	1.50733	1.48280	1.50732	1.48280	1.50577	
2012-08-04T06:00:00	1.48154	1.48793	1.47125	1.48335	1.47953	1.48765	1.47093	1.48280	
2012-07-28T06:00:00	1.50272	1.50456	1.47554	1.48154	1.50071	1.50425	1.47524	1.47953	
2012-07-21T06:00:00	1.50529	1.52253	1.49648	1.50272	1.50448	1.52194	1.49619	1.50071	
2012-07-14T06:00:00	1.52366	1.52861	1.50301	1.50529	1.52162	1.52866	1.50269	1.50448	
2012-07-07T06:00:00	1.51704	1.52792	1.51170	1.52366	1.51643	1.52766	1.51128	1.52162	
2012-06-30T06:00:00	1.53336	1.53458	1.50722	1.51704	1.53244	1.53428	1.50687	1.51643	
2012-06-23T06:00:00	1.54988	1.56040	1.52862	1.53336	1.54793	1.56019	1.52831	1.53244	
2012-06-16T06:00:00	1.56057	1.56057	1.53733	1.54988	1.55858	1.56007	1.53679	1.54793	
2012-06-09T06:00:00	1.56083	1.57096	1.54474	1.56057	1.55966	1.57065	1.54445	1.55858	
2012-06-02T06:00:00	1.58501	1.59429	1.55249	1.56083	1.58291	1.59389	1.55220	1.55966	
2012-05-26T06:00:00	1.60516	1.60516	1.57906	1.58501	1.60411	1.60411	1.57878	1.58291	
2012-05-19T06:00:00	1.60744	1.61872	1.59279	1.60516	1.60645	1.61843	1.59245	1.60411	
2012-05-12T06:00:00	1.60422	1.61794	1.58966	1.60744	1.60304	1.61742	1.58931	1.60645	
2012-05-05T06:00:00	1.58899	1.60803	1.58399	1.60422	1.58691	1.60778	1.58361	1.60304	
2012-04-28T06:00:00	1.55417	1.58905	1.55417	1.58899	1.55209	1.58868	1.55209	1.58691	
2012-04-21T06:00:00	1.55446	1.57310	1.55253	1.55417	1.55244	1.57272	1.55209	1.55209	
2012-04-14T06:00:00	1.52831	1.56072	1.52677	1.55446	1.52665	1.56039	1.52638	1.55244	
2012-04-07T06:00:00	1.54138	1.55048	1.52621	1.52831	1.53926	1.55010	1.52585	1.52665	
2012-03-31T06:00:00	1.54823	1.55026	1.53246	1.54138	1.54626	1.54984	1.53087	1.53926	
2012-03-24T06:00:00	1.51685	1.54823	1.51012	1.54823	1.51514	1.54711	1.50968	1.54626	
2012-03-17T06:00:00	1.49714	1.52946	1.49264	1.51685	1.49507	1.52914	1.49217	1.51514	
2012-03-10T07:00:00	1.48299	1.50259	1.48201	1.49714	1.48124	1.50228	1.48124	1.49507	
2012-03-03T07:00:00	1.47606	1.49597	1.47474	1.48299	1.47426	1.49567	1.47410	1.48124	
2012-02-25T07:00:00	1.48505	1.48938	1.46859	1.47606	1.48405	1.48903	1.46823	1.47426	
2012-02-18T07:00:00	1.47902	1.48726	1.46487	1.48505	1.47795	1.48688	1.46455	1.48405	
2012-02-11T07:00:00	1.47667	1.47972	1.45574	1.47902	1.47567	1.47922	1.45538	1.47795	
2012-02-04T07:00:00	1.46873	1.48389	1.46196	1.47667	1.46790	1.48353	1.46162	1.47567	
2012-01-28T07:00:00	1.47625	1.48920	1.46507	1.46873	1.47550	1.48882	1.46475	1.46790	
2012-01-21T07:00:00	1.48641	1.49603	1.46880	1.47625	1.48473	1.49491	1.46844	1.47550	
2012-01-14T07:00:00	1.48441	1.49185	1.47153	1.48641	1.48311	1.49142	1.47083	1.48473	
2012-01-07T07:00:00	1.50916	1.51851	1.48049	1.48441	1.50719	1.51810	1.47915	1.48311	
2011-12-31T07:00:00	1.52383	1.52383	1.50330	1.50916	1.52273	1.52273	1.50294	1.50719	
2011-12-24T07:00:00	1.53897	1.54711	1.51195	1.52383	1.53723	1.54631	1.51136	1.52273	
2011-12-17T07:00:00	1.55872	1.56805	1.53492	1.53897	1.55694	1.56767	1.53399	1.53723	
2011-12-10T07:00:00	1.53419	1.56638	1.53247	1.55872	1.53292	1.56613	1.53173	1.55694	
2011-12-03T07:00:00	1.52791	1.55243	1.51686	1.53419	1.52739	1.55219	1.51646	1.53292	
2011-11-26T07:00:00	1.59340	1.59340	1.52180	1.52791	1.59286	1.59286	1.52045	1.52739	
2011-11-19T07:00:00	1.57886	1.60581	1.57710	1.59340	1.57835	1.60547	1.57616	1.59286	
2011-11-12T07:00:00	1.56366	1.58270	1.55047	1.57886	1.56340	1.58230	1.54988	1.57835	
2011-11-05T06:00:00	1.54289	1.58153	1.53884	1.56366	1.54249	1.58114	1.53818	1.56340	
2011-10-29T06:00:00	1.50600	1.55695	1.50504	1.54289	1.50561	1.55656	1.50393	1.54249	
2011-10-22T06:00:00	1.54219	1.54732	1.49978	1.50600	1.54171	1.54693	1.49918	1.50561	
2011-10-15T06:00:00	1.52879	1.55689	1.52440	1.54219	1.52845	1.55653	1.52401	1.54171	
2011-10-08T06:00:00	1.59046	1.59623	1.52849	1.52879	1.58982	1.59493	1.52807	1.52845	
2011-10-01T06:00:00	1.61113	1.63613	1.57262	1.59046	1.61050	1.63573	1.57130	1.58982	
2011-09-24T06:00:00	1.58507	1.61312	1.57030	1.61113	1.58406	1.61290	1.56985	1.61050	
2011-09-17T06:00:00	1.52433	1.59178	1.52433	1.58507	1.52258	1.59126	1.52258	1.58406	
2011-09-10T06:00:00	1.51921	1.54935	1.51674	1.52433	1.51871	1.54896	1.51576	1.52258	
2011-09-03T06:00:00	1.52245	1.53313	1.49891	1.51921	1.52191	1.53240	1.49859	1.51871	
2011-08-27T06:00:00	1.54585	1.54805	1.50335	1.52245	1.54531	1.54765	1.50294	1.52191	
2011-08-20T06:00:00	1.58344	1.59056	1.53852	1.54585	1.58304	1.59019	1.53813	1.54531	
2011-08-13T06:00:00	1.57310	1.59719	1.55671	1.58344	1.57228	1.59690	1.55633	1.58304	
2011-08-06T06:00:00	1.56642	1.63929	1.56138	1.57310	1.56598	1.63866	1.56094	1.57228	
2011-07-30T06:00:00	1.49500	1.57704	1.47954	1.56642	1.49388	1.57675	1.47922	1.56598	
2011-07-23T06:00:00	1.50183	1.50902	1.47619	1.49500	1.50144	1.50869	1.47588	1.49388	
2011-07-16T06:00:00	1.51517	1.52118	1.49646	1.50183	1.51469	1.52082	1.49613	1.50144	
2011-07-09T06:00:00	1.49104	1.51803	1.48588	1.51517	1.49052	1.51772	1.48553	1.51469	
2011-07-02T06:00:00	1.49023	1.50760	1.47964	1.49104	1.48995	1.50733	1.47930	1.49052	
2011-06-25T06:00:00	1.52096	1.53356	1.48896	1.49023	1.52030	1.53323	1.48863	1.48995	
2011-06-18T06:00:00	1.52460	1.53952	1.51130	1.52096	1.52417	1.53897	1.51093	1.52030	
2011-06-11T06:00:00	1.53874	1.54817	1.52144	1.52460	1.53830	1.54771	1.52116	1.52417	
2011-06-04T06:00:00	1.53271	1.55560	1.52102	1.53874	1.53232	1.55523	1.52016	1.53830	
2011-05-28T06:00:00	1.54249	1.55079	1.52472	1.53271	1.54109	1.55055	1.52441	1.53232	
2011-05-21T06:00:00	1.52475	1.55020	1.52275	1.54249	1.52032	1.54995	1.52032	1.54109	
2011-05-14T06:00:00	1.53243	1.54158	1.51438	1.52475	1.53205	1.54131	1.51403	1.52032	
2011-05-07T06:00:00	1.53416	1.54575	1.50438	1.53243	1.53379	1.54521	1.50409	1.53205	
2011-04-30T06:00:00	1.52355	1.55295	1.51228	1.53416	1.52301	1.55262	1.51195	1.53379	
2011-04-23T06:00:00	1.53859	1.54290	1.51951	1.52355	1.53634	1.54244	1.51901	1.52301	
2011-04-16T06:00:00	1.54317	1.55490	1.52694	1.53859	1.54256	1.55463	1.52658	1.53634	
2011-04-09T06:00:00	1.54904	1.56728	1.54228	1.54317	1.54791	1.56691	1.54188	1.54256	
2011-04-02T06:00:00	1.55179	1.58028	1.54878	1.54904	1.55141	1.57990	1.54761	1.54791	
2011-03-26T06:00:00	1.56234	1.56568	1.54481	1.55179	1.56193	1.56535	1.54430	1.55141	
2011-03-19T06:00:00	1.62813	1.63358	1.56060	1.56234	1.62754	1.63261	1.56022	1.56193	
2011-03-12T07:00:00	1.58483	1.65009	1.58483	1.62813	1.58447	1.64897	1.58383	1.62754	
2011-03-05T07:00:00	1.60526	1.61428	1.58284	1.58483	1.60483	1.61401	1.58252	1.58447	
2011-02-26T07:00:00	1.58392	1.61257	1.58279	1.60526	1.58340	1.61189	1.58054	1.60483	
2011-02-19T07:00:00	1.60041	1.62602	1.57854	1.58392	1.59998	1.62569	1.57811	1.58340	
2011-02-12T07:00:00	1.59715	1.62262	1.59480	1.60041	1.59661	1.62233	1.59446	1.59998	
2011-02-05T07:00:00	1.58778	1.61137	1.57814	1.59715	1.58715	1.61103	1.57781	1.59661	
2011-01-29T07:00:00	1.59823	1.61144	1.57628	1.58778	1.59769	1.61102	1.57597	1.58715	
2011-01-22T07:00:00	1.61708	1.62142	1.58151	1.59823	1.61651	1.62048	1.58111	1.59769	
2011-01-15T07:00:00	1.60447	1.61866	1.58943	1.61708	1.60365	1.61834	1.58901	1.61651	
2011-01-08T07:00:00	1.56068	1.60875	1.55870	1.60447	1.55996	1.60833	1.55826	1.60365	
2011-01-01T07:00:00	1.52412	1.56720	1.51432	1.56068	1.52362	1.56676	1.51382	1.55996	
2010-12-25T07:00:00	1.53807	1.54611	1.51534	1.52420	1.53726	1.54240	1.51489	1.52397	
2010-12-18T07:00:00	1.57075	1.57401	1.53060	1.53807	1.57005	1.57255	1.53018	1.53726	
2010-12-11T07:00:00	1.60509	1.60828	1.56828	1.57075	1.60428	1.60619	1.56779	1.57005	
2010-12-04T07:00:00	1.58969	1.61698	1.58386	1.60509	1.58907	1.61661	1.58345	1.60428	
2010-11-27T07:00:00	1.61758	1.63274	1.58680	1.58969	1.61631	1.63241	1.58637	1.58907	
2010-11-20T07:00:00	1.62226	1.63234	1.60280	1.61758	1.62164	1.63195	1.60239	1.61631	
2010-11-13T07:00:00	1.63338	1.64287	1.61110	1.62226	1.63211	1.64243	1.60932	1.62164	
2010-11-06T06:00:00	1.59482	1.64080	1.58376	1.63572	1.59425	1.64039	1.58349	1.63502	
2010-10-30T06:00:00	1.63535	1.63535	1.59196	1.59482	1.63431	1.63431	1.59168	1.59425	
2010-10-23T06:00:00	1.59827	1.64201	1.57686	1.63535	1.59771	1.64178	1.57663	1.63431	
2010-10-16T06:00:00	1.61616	1.62516	1.59476	1.59827	1.61551	1.62486	1.59455	1.59771	
2010-10-09T06:00:00	1.61830	1.62588	1.59615	1.61616	1.61771	1.62540	1.59587	1.61551	
2010-10-02T06:00:00	1.62801	1.65782	1.60399	1.61830	1.62731	1.65730	1.60360	1.61771	
2010-09-25T06:00:00	1.64954	1.65306	1.62046	1.62801	1.64901	1.65272	1.62001	1.62731	
2010-09-18T06:00:00	1.66918	1.67414	1.63161	1.64954	1.66863	1.67071	1.63112	1.64901	
2010-09-11T06:00:00	1.65719	1.67431	1.64437	1.66918	1.65653	1.67389	1.64396	1.66863	
2010-09-04T06:00:00	1.68748	1.69149	1.65664	1.65719	1.68686	1.69103	1.65612	1.65653	
2010-08-28T06:00:00	1.72628	1.73765	1.68248	1.68748	1.72575	1.73723	1.68201	1.68686	
2010-08-21T06:00:00	1.74118	1.76198	1.72469	1.72628	1.74052	1.76064	1.72415	1.72575	
2010-08-14T06:00:00	1.74783	1.75426	1.71624	1.74118	1.74713	1.75371	1.71571	1.74052	
2010-08-07T06:00:00	1.73758	1.75455	1.72813	1.74783	1.73706	1.75399	1.72769	1.74713	
2010-07-31T06:00:00	1.73488	1.75456	1.72638	1.73758	1.73433	1.75406	1.72581	1.73706	
2010-07-24T06:00:00	1.72093	1.75268	1.70916	1.73488	1.72026	1.75224	1.70865	1.73433	
2010-07-17T06:00:00	1.75858	1.77279	1.70585	1.72093	1.75781	1.77142	1.70529	1.72026	
2010-07-10T06:00:00	1.71625	1.76383	1.71218	1.75858	1.71551	1.76334	1.71118	1.75781	
2010-07-03T06:00:00	1.80388	1.81470	1.71598	1.71625	1.80331	1.81411	1.71535	1.71551	
2010-06-26T06:00:00	1.72272	1.81273	1.71721	1.80388	1.72211	1.81230	1.71662	1.80331	
2010-06-19T06:00:00	1.70293	1.73823	1.67513	1.72272	1.70298	1.73776	1.67463	1.72211	
2010-06-12T06:00:00	1.70929	1.72997	1.69815	1.70293	1.70934	1.73002	1.69820	1.70298	
2010-06-05T06:00:00	1.76006	1.78900	1.70737	1.70929	1.76011	1.78905	1.70742	1.70934	
2010-05-29T06:00:00	1.70904	1.77586	1.70014	1.76006	1.70743	1.77591	1.69955	1.76011	
2010-05-22T06:00:00	1.74209	1.77200	1.70048	1.70904	1.74138	1.77145	1.69997	1.70743	
2010-05-15T06:00:00	1.64163	1.77896	1.63177	1.74209	1.64105	1.77701	1.63119	1.74138	
2010-05-08T06:00:00	1.67238	1.67914	1.62237	1.64163	1.67181	1.67871	1.62191	1.64105	
2010-05-01T06:00:00	1.65450	1.69278	1.62877	1.67238	1.65396	1.69041	1.62829	1.67181	
2010-04-24T06:00:00	1.65958	1.67200	1.63766	1.65450	1.65898	1.67151	1.63715	1.65396	
2010-04-17T06:00:00	1.66386	1.67459	1.64662	1.65958	1.66321	1.67401	1.64601	1.65898	
2010-04-10T06:00:00	1.64784	1.66715	1.64568	1.66386	1.64711	1.66654	1.64485	1.66321	
2010-04-03T06:00:00	1.65480	1.66390	1.63506	1.64784	1.65389	1.66302	1.63441	1.64711	
2010-03-27T06:00:00	1.64923	1.66305	1.63110	1.65480	1.64851	1.66241	1.63055	1.65389	
2010-03-20T06:00:00	1.63948	1.65403	1.62837	1.64923	1.63871	1.65346	1.62762	1.64851	
2010-03-13T07:00:00	1.65918	1.66746	1.63775	1.63948	1.65843	1.66681	1.63713	1.63871	
2010-03-06T07:00:00	1.66846	1.66846	1.62508	1.65918	1.66748	1.66748	1.62451	1.65843	
2010-02-27T07:00:00	1.70229	1.70229	1.65015	1.66846	1.70136	1.70136	1.64942	1.66748	
2010-02-20T07:00:00	1.72070	1.74196	1.69926	1.70229	1.71977	1.74134	1.69853	1.70136	
2010-02-13T07:00:00	1.76663	1.76846	1.72012	1.72070	1.76585	1.76741	1.71942	1.71977	
2010-02-06T07:00:00	1.80319	1.80822	1.75182	1.76663	1.80225	1.80715	1.75125	1.76585	
2010-01-30T07:00:00	1.80807	1.82857	1.78874	1.80319	1.80728	1.82802	1.78781	1.80225	
2010-01-23T07:00:00	1.78180	1.81439	1.77572	1.80807	1.78102	1.81375	1.77522	1.80728	
2010-01-16T07:00:00	1.76083	1.80170	1.75860	1.78767	1.76000	1.80041	1.75788	1.78652	
2010-01-09T07:00:00	1.73543	1.76868	1.72683	1.76083	1.73451	1.76708	1.72621	1.76000	
2010-01-02T07:00:00	1.80133	1.80133	1.73125	1.73543	1.80054	1.80054	1.73060	1.73451	
2009-12-26T07:00:00	1.80648	1.80808	1.77118	1.80133	1.80569	1.80641	1.77047	1.80054	
2009-12-19T07:00:00	1.81317	1.83088	1.80512	1.80648	1.81236	1.83004	1.80433	1.80569	
2009-12-12T07:00:00	1.78183	1.83158	1.77760	1.81317	1.78082	1.83071	1.77688	1.81236	
2009-12-05T07:00:00	1.79824	1.80634	1.77075	1.78183	1.79731	1.80565	1.77007	1.78082	
2009-11-28T07:00:00	1.81533	1.81533	1.78385	1.79824	1.81401	1.81401	1.78312	1.79731	
2009-11-21T07:00:00	1.80407	1.82822	1.79170	1.81533	1.80321	1.82602	1.79099	1.81401	
2009-11-14T07:00:00	1.78746	1.81983	1.78678	1.80407	1.78662	1.81934	1.78601	1.80321	
2009-11-07T07:00:00	1.81036	1.81512	1.77017	1.78746	1.80935	1.81444	1.76936	1.78662	
2009-10-31T06:00:00	1.82355	1.83764	1.80109	1.81036	1.82266	1.83601	1.80041	1.80935	
2009-10-24T06:00:00	1.76921	1.83095	1.75827	1.82355	1.76826	1.83022	1.75732	1.82266	
2009-10-17T06:00:00	1.78432	1.80234	1.76220	1.76921	1.78351	1.80164	1.76123	1.76826	
2009-10-10T06:00:00	1.75389	1.78820	1.73334	1.78432	1.75281	1.78757	1.73271	1.78351	
2009-10-03T06:00:00	1.84378	1.84378	1.75220	1.75389	1.84261	1.84261	1.75143	1.75281	
2009-09-26T06:00:00	1.84218	1.84765	1.80658	1.84378	1.84101	1.84676	1.80561	1.84261	
2009-09-19T06:00:00	1.87304	1.88775	1.83734	1.84218	1.87201	1.88635	1.83672	1.84101	
2009-09-12T06:00:00	1.93284	1.94268	1.87068	1.87304	1.93167	1.94161	1.86971	1.87201	
2009-09-05T06:00:00	1.92788	1.94295	1.90669	1.93284	1.92664	1.94222	1.90609	1.93167	
2009-08-29T06:00:00	1.93478	1.95925	1.92228	1.92788	1.93331	1.95806	1.92131	1.92664	
2009-08-22T06:00:00	1.97918	1.97918	1.92920	1.93478	1.97785	1.97785	1.92846	1.93331	
2009-08-15T06:00:00	1.99187	2.01074	1.97443	1.97918	1.99054	2.01001	1.97365	1.97785	
2009-08-08T06:00:00	1.99733	2.00718	1.95906	1.99187	1.99611	2.00660	1.95811	1.99054	
2009-08-01T06:00:00	1.99803	2.02736	1.98872	1.99733	1.99680	2.02665	1.98786	1.99611	
2009-07-25T06:00:00	2.01208	2.01453	1.98326	1.99803	2.01069	2.01266	1.98207	1.99680	
2009-07-18T06:00:00	2.03936	2.04093	2.00267	2.01208	2.03789	2.03846	2.00196	2.01069	
2009-07-11T06:00:00	2.08248	2.08614	2.03366	2.03936	2.08141	2.08538	2.03298	2.03789	
2009-07-04T06:00:00	2.04750	2.09886	2.02040	2.08248	2.04523	2.09795	2.01963	2.08141	
2009-06-27T06:00:00	2.04874	2.06971	2.03339	2.04750	2.04727	2.06841	2.03266	2.04523	
2009-06-20T06:00:00	2.04893	2.08884	2.03303	2.04874	2.04740	2.08795	2.03196	2.04727	
2009-06-13T06:00:00	2.02039	2.07788	2.02039	2.04893	2.01931	2.07697	2.01931	2.04740	
2009-06-06T06:00:00	2.01451	2.04357	1.99558	2.02039	2.01304	2.04231	1.99471	2.01931	
2009-05-30T06:00:00	2.01925	2.04901	1.98830	2.01451	2.01796	2.04815	1.98753	2.01304	
2009-05-23T06:00:00	2.02994	2.06153	2.01118	2.01925	2.02868	2.06021	2.01044	2.01796	
2009-05-16T06:00:00	2.02376	2.04576	1.99388	2.02994	2.02236	2.04477	1.99301	2.02868	
2009-05-09T06:00:00	1.98456	2.02789	1.97507	2.02376	1.98318	2.02719	1.97321	2.02236	
2009-05-02T06:00:00	2.04338	2.04571	1.96977	1.98456	2.04136	2.04450	1.96881	1.98318	
2009-04-25T06:00:00	2.02949	2.08787	2.00936	2.04338	2.02762	2.08679	2.00831	2.04136	
2009-04-18T06:00:00	2.05156	2.09155	2.02795	2.02949	2.04986	2.09024	2.02671	2.02762	
2009-04-11T06:00:00	2.03881	2.08470	2.01308	2.05156	2.03616	2.08382	2.01111	2.04986	
2009-04-04T06:00:00	2.07243	2.09578	2.03407	2.03881	2.07087	2.09478	2.03148	2.03616	
2009-03-28T06:00:00	2.06558	2.10148	2.04250	2.07243	2.06426	2.10019	2.04166	2.07087	
2009-03-21T06:00:00	2.10628	2.11838	2.05351	2.06558	2.10453	2.11750	2.05263	2.06426	
2009-03-14T06:00:00	2.12703	2.15058	2.08722	2.10628	2.12613	2.14961	2.08622	2.10453	
2009-03-07T07:00:00	2.19884	2.21012	2.11228	2.12703	2.19657	2.20889	2.11127	2.12613	
2009-02-28T07:00:00	2.23967	2.25867	2.17013	2.19884	2.23783	2.25617	2.16867	2.19657	
2009-02-21T07:00:00	2.23340	2.26924	2.18762	2.23967	2.23155	2.26422	2.18667	2.23783	
2009-02-14T07:00:00	2.19067	2.24758	2.17749	2.23340	2.18782	2.24637	2.17510	2.23155	
2009-02-07T07:00:00	2.18922	2.23454	2.17476	2.19067	2.18762	2.23312	2.17337	2.18782	
2009-01-31T07:00:00	2.28147	2.28333	2.17797	2.18922	2.28002	2.28202	2.17677	2.18762	
2009-01-24T07:00:00	2.10352	2.28347	2.07617	2.28147	2.10158	2.28172	2.07382	2.28002	
2009-01-17T07:00:00	2.19257	2.19747	2.08869	2.10352	2.19102	2.19552	2.08747	2.10158	
2009-01-10T07:00:00	2.15997	2.23222	2.14592	2.19257	2.15862	2.23030	2.14365	2.19102	
2009-01-03T07:00:00	2.04567	2.18262	2.02428	2.15997	2.04332	2.18062	2.02207	2.15862	
2008-12-27T07:00:00	2.13781	2.14762	2.03725	2.04567	2.13322	2.14572	2.03562	2.04332	
2008-12-20T07:00:00	2.18828	2.20259	2.13427	2.13781	2.18492	2.19752	2.13157	2.13322	
2008-12-13T07:00:00	2.26367	2.30596	2.14189	2.18828	2.26097	2.30390	2.13753	2.18492	
2008-12-06T07:00:00	2.27571	2.30310	2.20431	2.26367	2.27307	2.30118	2.20264	2.26097	
2008-11-29T07:00:00	2.35369	2.37754	2.24639	2.27571	2.35138	2.37597	2.24497	2.27307	
2008-11-22T07:00:00	2.36232	2.40972	2.31751	2.35369	2.35865	2.40827	2.31236	2.35138	
2008-11-15T07:00:00	2.26442	2.43507	2.26315	2.36232	2.26117	2.43238	2.26117	2.35865	
2008-11-08T07:00:00	2.31803	2.37997	2.22147	2.26442	2.31628	2.37888	2.21858	2.26117	
2008-11-01T06:00:00	2.41785	2.41785	2.27797	2.31803	2.41550	2.41550	2.27542	2.31628	
2008-10-25T06:00:00	2.56752	2.59567	2.40688	2.41785	2.56382	2.59380	2.40104	2.41550	
2008-10-18T06:00:00	2.51217	2.58041	2.39852	2.56752	2.50969	2.57747	2.39616	2.56382	
2008-10-11T06:00:00	2.63767	2.64387	2.43117	2.51217	2.63197	2.64067	2.42962	2.50969	
2008-10-04T06:00:00	2.29547	2.70917	2.28427	2.63767	2.29312	2.70617	2.28207	2.63197	
2008-09-27T06:00:00	2.21837	2.30310	2.19535	2.29547	2.21712	2.30222	2.19447	2.29312	
2008-09-20T06:00:00	2.19907	2.23407	2.18137	2.21837	2.19672	2.23252	2.18042	2.21712	
2008-09-13T06:00:00	2.18157	2.31522	2.18157	2.19907	2.18012	2.31320	2.18012	2.19672	
2008-09-06T06:00:00	2.17078	2.21477	2.13468	2.18157	2.16983	2.21392	2.13263	2.18012	
2008-08-30T06:00:00	2.12337	2.19417	2.09812	2.17078	2.12222	2.19312	2.09727	2.16983	
2008-08-23T06:00:00	2.13700	2.16027	2.11357	2.12337	2.13607	2.15952	2.11277	2.12222	
2008-08-16T06:00:00	2.15307	2.15802	2.12527	2.13700	2.15189	2.15707	2.12452	2.13607	
2008-08-09T06:00:00	2.15968	2.20594	2.13052	2.15307	2.15867	2.20500	2.12975	2.15189	
2008-08-02T06:00:00	2.12422	2.16501	2.10671	2.15968	2.12297	2.16417	2.10587	2.15867	
2008-07-26T06:00:00	2.08255	2.12542	2.07067	2.12422	2.08160	2.12407	2.06982	2.12297	
2008-07-19T06:00:00	2.05987	2.08667	2.04070	2.08255	2.05863	2.08585	2.03992	2.08160	
2008-07-12T06:00:00	2.05817	2.06450	2.04012	2.05987	2.05692	2.06357	2.03922	2.05863	
2008-07-05T06:00:00	2.05838	2.07857	2.04936	2.05817	2.05723	2.07772	2.04848	2.05692	
2008-06-28T06:00:00	2.07756	2.09746	2.05606	2.05838	2.07631	2.09672	2.05512	2.05723	
2008-06-21T06:00:00	2.07225	2.08352	2.05576	2.07756	2.07130	2.08242	2.05474	2.07631	
2008-06-14T06:00:00	2.07493	2.09410	2.06568	2.07225	2.07398	2.09332	2.06482	2.07130	
2008-06-07T06:00:00	2.04705	2.08908	2.04412	2.07493	2.04572	2.08813	2.04312	2.07398	
2008-05-31T06:00:00	2.07307	2.07487	2.03027	2.04705	2.07202	2.07302	2.02942	2.04572	
2008-05-24T06:00:00	2.06354	2.07455	2.05059	2.07307	2.06212	2.07362	2.04964	2.07202	
2008-05-17T06:00:00	2.04914	2.07423	2.03277	2.06354	2.04789	2.07328	2.03183	2.06212	
2008-05-10T06:00:00	2.07028	2.09347	2.04687	2.04914	2.06952	2.09242	2.04572	2.04789	
2008-05-03T06:00:00	2.10902	2.11347	2.06505	2.07028	2.10782	2.11242	2.06372	2.06952	
2008-04-26T06:00:00	2.12817	2.13718	2.09579	2.10902	2.12700	2.13662	2.09492	2.10782	
2008-04-19T06:00:00	2.13563	2.14376	2.08360	2.12817	2.13492	2.14282	2.08265	2.12700	
2008-04-12T06:00:00	2.12327	2.15447	2.09677	2.13563	2.12202	2.15375	2.09552	2.13492	
2008-04-05T06:00:00	2.16297	2.16897	2.11079	2.12327	2.16162	2.16752	2.10972	2.12202	
2008-03-29T06:00:00	2.17343	2.19147	2.15797	2.16297	2.17218	2.19052	2.15692	2.16162	
2008-03-22T06:00:00	2.19977	2.20352	2.15875	2.17343	2.19772	2.20242	2.15782	2.17218	
2008-03-15T06:00:00	2.15831	2.21431	2.13427	2.19977	2.15732	2.21336	2.13232	2.19772	
2008-03-08T07:00:00	2.17219	2.20177	2.14626	2.15831	2.17094	2.20092	2.14532	2.15732	
2008-03-01T07:00:00	2.13378	2.17603	2.10717	2.17219	2.13253	2.17512	2.10622	2.17094	
2008-02-23T07:00:00	2.13097	2.13717	2.09587	2.13378	2.12992	2.13592	2.09482	2.13253	
2008-02-16T07:00:00	2.15907	2.15947	2.11164	2.13097	2.15772	2.15782	2.11072	2.12992	
2008-02-09T07:00:00	2.17407	2.19956	2.14824	2.15907	2.17272	2.19862	2.14732	2.15772	
2008-02-02T07:00:00	2.17487	2.20098	2.16388	2.17407	2.17362	2.20002	2.16293	2.17272	
2008-01-26T07:00:00	2.25147	2.26057	2.17477	2.17487	2.25022	2.25862	2.17352	2.17362	
2008-01-19T07:00:00	2.22111	2.28166	2.21967	2.25147	2.22002	2.28042	2.21805	2.25022	
2008-01-12T07:00:00	2.19649	2.26449	2.16996	2.22111	2.19542	2.26332	2.16901	2.22002	
2008-01-05T07:00:00	2.26578	2.27504	2.17517	2.19649	2.26462	2.27399	2.17422	2.19542	
2007-12-29T07:00:00	2.27814	2.28873	2.23098	2.26578	2.27649	2.28747	2.22993	2.26462	
2007-12-22T07:00:00	2.28688	2.29028	2.26647	2.27814	2.28562	2.28873	2.26502	2.27649	
2007-12-15T07:00:00	2.34242	2.36166	2.28160	2.28688	2.34102	2.36041	2.28022	2.28562	
2007-12-08T07:00:00	2.31617	2.35130	2.29407	2.34242	2.31502	2.35002	2.29262	2.34102	
2007-12-01T07:00:00	2.32847	2.36924	2.30189	2.31617	2.32764	2.36822	2.30092	2.31502	
2007-11-24T07:00:00	2.35047	2.38978	2.31832	2.32847	2.34942	2.38873	2.31742	2.32764	
2007-11-17T07:00:00	2.30147	2.38427	2.28457	2.35047	2.30052	2.38282	2.28285	2.34942	
2007-11-10T07:00:00	2.29127	2.35248	2.27997	2.30147	2.28992	2.35152	2.27892	2.30052	
2007-11-03T06:00:00	2.26401	2.30380	2.23187	2.29127	2.26282	2.30282	2.23076	2.28992	
2007-10-27T06:00:00	2.23667	2.28327	2.21942	2.26401	2.23542	2.28202	2.21842	2.26282	
2007-10-20T06:00:00	2.30257	2.32147	2.23583	2.23667	2.30142	2.32002	2.23472	2.23542	
2007-10-13T06:00:00	2.25175	2.30627	2.24417	2.30257	2.25072	2.30474	2.24272	2.30142	
2007-10-06T06:00:00	2.27623	2.28370	2.24457	2.25175	2.27498	2.28282	2.24372	2.25072	
2007-09-29T06:00:00	2.30627	2.31774	2.26787	2.27623	2.30523	2.31659	2.26682	2.27498	
2007-09-22T06:00:00	2.33689	2.34312	2.28907	2.30627	2.33592	2.34212	2.28802	2.30523	
2007-09-15T06:00:00	2.38303	2.40307	2.31149	2.33689	2.38198	2.40212	2.31042	2.33592	
2007-09-08T06:00:00	2.45427	2.48267	2.38274	2.38303	2.45282	2.48142	2.38169	2.38198	
2007-09-01T06:00:00	2.46417	2.47387	2.43187	2.45427	2.46292	2.47192	2.43062	2.45282	
2007-08-25T06:00:00	2.43597	2.48747	2.42157	2.46417	2.43462	2.48642	2.42052	2.46292	
2007-08-18T06:00:00	2.48577	2.50637	2.43337	2.43597	2.48382	2.50512	2.43192	2.43462	
2007-08-11T06:00:00	2.39427	2.56517	2.38107	2.48577	2.39282	2.56382	2.38012	2.48382	
2007-08-04T06:00:00	2.38637	2.40317	2.35147	2.39427	2.38502	2.40252	2.35042	2.39282	
2007-07-28T06:00:00	2.37667	2.39557	2.35617	2.38637	2.37582	2.39462	2.35512	2.38502	
2007-07-21T06:00:00	2.33767	2.38217	2.31147	2.37667	2.33682	2.38122	2.31062	2.37582	
2007-07-14T06:00:00	2.34007	2.34847	2.32537	2.33767	2.33882	2.34742	2.32432	2.33682	
2007-07-07T06:00:00	2.34527	2.36367	2.33587	2.34007	2.34422	2.36242	2.33482	2.33882	
2007-06-30T06:00:00	2.36767	2.36777	2.34297	2.34527	2.36622	2.36632	2.34152	2.34422	
2007-06-23T06:00:00	2.36267	2.39257	2.35127	2.36767	2.36122	2.39112	2.34982	2.36622	
2007-06-16T06:00:00	2.34717	2.36527	2.34557	2.36267	2.34572	2.36382	2.34412	2.36122	
2007-06-09T06:00:00	2.33317	2.36137	2.33067	2.34717	2.33172	2.35992	2.32922	2.34572	
2007-06-02T06:00:00	2.38267	2.39267	2.33017	2.33317	2.38122	2.39122	2.32872	2.33172	
2007-05-26T06:00:00	2.42647	2.43017	2.38027	2.38267	2.42502	2.42872	2.37882	2.38122	
2007-05-19T06:00:00	2.39837	2.42997	2.39417	2.42647	2.39692	2.42852	2.39272	2.42502	
2007-05-12T06:00:00	2.38387	2.40767	2.37437	2.39837	2.38242	2.40622	2.37292	2.39692	
2007-05-05T06:00:00	2.42707	2.43057	2.38087	2.38387	2.42562	2.42912	2.37942	2.38242	
2007-04-28T06:00:00	2.40807	2.43337	2.40227	2.42707	2.40662	2.43192	2.40082	2.42562	
2007-04-21T06:00:00	2.39287	2.42637	2.39217	2.40807	2.39142	2.42492	2.39072	2.40662	
2007-04-14T06:00:00	2.38547	2.41587	2.37917	2.39287	2.38402	2.41442	2.37772	2.39142	
2007-04-07T06:00:00	2.40877	2.41137	2.37887	2.38547	2.40732	2.40992	2.37742	2.38402	
2007-03-31T06:00:00	2.43287	2.44767	2.40197	2.40877	2.43142	2.44622	2.40052	2.40732	
2007-03-24T06:00:00	2.43687	2.44487	2.42027	2.43287	2.43542	2.44342	2.41882	2.43142	
2007-03-17T06:00:00	2.44047	2.45457	2.42097	2.43687	2.43902	2.45312	2.41952	2.43542	
2007-03-10T07:00:00	2.47717	2.48287	2.43887	2.44047	2.47572	2.48142	2.43742	2.43902	
2007-03-03T07:00:00	2.48547	2.49987	2.47237	2.47717	2.48402	2.49842	2.47092	2.47572	
2007-02-24T07:00:00	2.48037	2.50237	2.47107	2.48547	2.47892	2.50092	2.46962	2.48402	
2007-02-17T07:00:00	2.47837	2.49257	2.46757	2.48037	2.47692	2.49112	2.46612	2.47892	
2007-02-10T07:00:00	2.51127	2.52697	2.47797	2.47837	2.50982	2.52552	2.47652	2.47692	
2007-02-03T07:00:00	2.53927	2.54547	2.49847	2.51127	2.53782	2.54402	2.49702	2.50982	
2007-01-27T07:00:00	2.53257	2.54997	2.52577	2.53927	2.53262	2.54852	2.52432	2.53782	
2007-01-20T07:00:00	2.49847	2.54277	2.49557	2.53257	2.49852	2.54282	2.49562	2.53262	
2007-01-13T07:00:00	2.49997	2.51357	2.49227	2.49847	2.50002	2.51362	2.49232	2.49852	
2007-01-06T07:00:00	2.47627	2.50727	2.46417	2.49997	2.47632	2.50732	2.46422	2.50002	
2006-12-30T07:00:00	2.48157	2.48577	2.45667	2.47627	2.48012	2.48582	2.45672	2.47632	
2006-12-23T07:00:00	2.49827	2.50317	2.47677	2.48157	2.49682	2.50172	2.47532	2.48012	
2006-12-16T07:00:00	2.49807	2.52147	2.49207	2.49827	2.49662	2.52002	2.49062	2.49682	
2006-12-09T07:00:00	2.48707	2.51857	2.48437	2.49807	2.48562	2.51712	2.48292	2.49662	
2006-12-02T07:00:00	2.51237	2.51997	2.47847	2.48707	2.51092	2.51852	2.47702	2.48562	
2006-11-25T07:00:00	2.48007	2.51427	2.47557	2.51237	2.47862	2.51282	2.47412	2.51092	
2006-11-18T07:00:00	2.46497	2.48797	2.46017	2.48007	2.46352	2.48652	2.45872	2.47862	
2006-11-11T07:00:00	2.48967	2.49957	2.45577	2.46497	2.48822	2.49812	2.45432	2.46352	
2006-11-04T07:00:00	2.46977	2.49737	2.45857	2.48967	2.46832	2.49592	2.45712	2.48822	
2006-10-28T06:00:00	2.46887	2.47817	2.46027	2.46977	2.46742	2.47672	2.45882	2.46832	
2006-10-21T06:00:00	2.48257	2.48517	2.46057	2.46887	2.48112	2.48372	2.45912	2.46742	
2006-10-14T06:00:00	2.47207	2.48867	2.46637	2.48257	2.47062	2.48722	2.46492	2.48112	
2006-10-07T06:00:00	2.51807	2.52287	2.47057	2.47207	2.51812	2.52142	2.46912	2.47062	
2006-09-30T06:00:00	2.51307	2.54297	2.50817	2.51807	2.51162	2.54152	2.50672	2.51812	
2006-09-23T06:00:00	2.53367	2.53847	2.49807	2.51307	2.53222	2.53702	2.49662	2.51162	
2006-09-16T06:00:00	2.50017	2.53647	2.48797	2.53367	2.49872	2.53502	2.48652	2.53222	
2006-09-09T06:00:00	2.47387	2.50877	2.47167	2.50017	2.47242	2.50732	2.47022	2.49872	
2006-09-02T06:00:00	2.48717	2.48747	2.45257	2.47387	2.48572	2.48602	2.45112	2.47242	
2006-08-26T06:00:00	2.49647	2.50447	2.48257	2.48717	2.49502	2.50302	2.48112	2.48572	
2006-08-19T06:00:00	2.48027	2.50017	2.46867	2.49647	2.47882	2.49872	2.46722	2.49502	
2006-08-12T06:00:00	2.46777	2.49227	2.46317	2.48027	2.46782	2.49082	2.46172	2.47882	
2006-08-05T06:00:00	2.49207	2.51387	2.45717	2.46777	2.49212	2.51392	2.45722	2.46782	
2006-07-29T06:00:00	2.42737	2.49647	2.42677	2.49207	2.42742	2.49652	2.42682	2.49212	
2006-07-22T06:00:00	2.47007	2.47427	2.42567	2.42737	2.47012	2.47282	2.42422	2.42742	
2006-07-15T06:00:00	2.44027	2.47297	2.42407	2.47007	2.44032	2.47302	2.42412	2.47012	
2006-07-08T06:00:00	2.46057	2.46757	2.42687	2.44027	2.46062	2.46762	2.42692	2.44032	
2006-07-01T06:00:00	2.48767	2.49057	2.45487	2.46057	2.48772	2.48912	2.45342	2.46062	
2006-06-24T06:00:00	2.48407	2.49827	2.46237	2.48767	2.48412	2.49832	2.46242	2.48772	
2006-06-17T06:00:00	2.50277	2.51147	2.47947	2.48407	2.50282	2.51152	2.47952	2.48412	
2006-06-10T06:00:00	2.46087	2.50827	2.45527	2.50277	2.45942	2.50832	2.45532	2.50282	
2006-06-03T06:00:00	2.50577	2.51827	2.45637	2.46087	2.50432	2.51682	2.45492	2.45942	
2006-05-27T06:00:00	2.45207	2.51457	2.44837	2.50577	2.45062	2.51312	2.44692	2.50432	
2006-05-20T06:00:00	2.48017	2.51387	2.44717	2.45207	2.47872	2.51242	2.44572	2.45062	
2006-05-13T06:00:00	2.45007	2.48787	2.44677	2.48017	2.44862	2.48642	2.44532	2.47872	
2006-05-06T06:00:00	2.40837	2.45537	2.39867	2.45007	2.40692	2.45392	2.39722	2.44862	
2006-04-29T06:00:00	2.40157	2.42137	2.38327	2.40837	2.40012	2.41992	2.38182	2.40692	
2006-04-22T06:00:00	2.39307	2.40617	2.36817	2.40157	2.39162	2.40472	2.36672	2.40012	
2006-04-15T06:00:00	2.40547	2.41887	2.38797	2.39307	2.40402	2.41742	2.38652	2.39162	
2006-04-08T06:00:00	2.40177	2.41627	2.37637	2.40547	2.40032	2.41482	2.37492	2.40402	
2006-04-01T07:00:00	2.42787	2.44557	2.38637	2.40177	2.42642	2.44412	2.38492	2.40032	
2006-03-25T07:00:00	2.45757	2.48587	2.42377	2.42787	2.45612	2.48442	2.42232	2.42642	
2006-03-18T07:00:00	2.41457	2.46237	2.40987	2.45757	2.41462	2.46092	2.40842	2.45612	
2006-03-11T07:00:00	2.35867	2.41757	2.35077	2.41457	2.35872	2.41762	2.35082	2.41462	
2006-03-04T07:00:00	2.35607	2.37367	2.35187	2.35867	2.35462	2.37222	2.35042	2.35872	
2006-02-25T07:00:00	2.35827	2.36537	2.33657	2.35607	2.35832	2.36392	2.33512	2.35462	
2006-02-18T07:00:00	2.35677	2.37377	2.35017	2.35827	2.35532	2.37382	2.34872	2.35832	
2006-02-11T07:00:00	2.36577	2.36907	2.33707	2.35677	2.36432	2.36762	2.33562	2.35532	
2006-02-04T07:00:00	2.35337	2.36997	2.34577	2.36577	2.35192	2.36852	2.34432	2.36432	
2006-01-28T07:00:00	2.35417	2.36737	2.34437	2.35337	2.35272	2.36592	2.34292	2.35192	
2006-01-21T07:00:00	2.36807	2.38537	2.35157	2.35417	2.36662	2.38392	2.35012	2.35272	
2006-01-14T07:00:00	2.35267	2.37077	2.33387	2.36807	2.35122	2.36932	2.33242	2.36662	
2006-01-07T07:00:00	2.34797	2.35997	2.33107	2.35267	2.34652	2.35852	2.32962	2.35122	
2005-12-31T07:00:00	2.34767	2.38167	2.34167	2.34797	2.34622	2.38022	2.34022	2.34652	
2005-12-24T07:00:00	2.38247	2.39047	2.34007	2.34767	2.38102	2.38902	2.33862	2.34622	
2005-12-17T07:00:00	2.38297	2.39927	2.36837	2.38247	2.38152	2.39782	2.36692	2.38102	
2005-12-10T07:00:00	2.33887	2.38837	2.33347	2.38297	2.33742	2.38692	2.33202	2.38152	
2005-12-03T07:00:00	2.31587	2.34167	2.30187	2.33887	2.31442	2.34022	2.30042	2.33742	
2005-11-26T07:00:00	2.33067	2.34697	2.31447	2.31587	2.32922	2.34552	2.31302	2.31442	
2005-11-19T07:00:00	2.34007	2.34677	2.32657	2.33067	2.34012	2.34532	2.32512	2.32922	
2005-11-12T07:00:00	2.37837	2.39007	2.33837	2.34007	2.37692	2.39012	2.33842	2.34012	
2005-11-05T07:00:00	2.39177	2.39407	2.36327	2.37837	2.39032	2.39262	2.36182	2.37692	
2005-10-29T06:00:00	2.36457	2.40047	2.36287	2.39177	2.36462	2.39902	2.36142	2.39032	
2005-10-22T06:00:00	2.36237	2.37307	2.34707	2.36457	2.36242	2.37312	2.34712	2.36462	
2005-10-15T06:00:00	2.35327	2.37047	2.33187	2.36237	2.35332	2.37052	2.33192	2.36242	
2005-10-08T06:00:00	2.32807	2.35587	2.30637	2.35327	2.32812	2.35592	2.30642	2.35332	
2005-10-01T06:00:00	2.31277	2.34927	2.29567	2.32807	2.31282	2.34932	2.29572	2.32812	
2005-09-24T06:00:00	2.34777	2.35427	2.30947	2.31277	2.34782	2.35432	2.30952	2.31282	
2005-09-17T06:00:00	2.35567	2.36377	2.33837	2.34777	2.35572	2.36382	2.33842	2.34782	
2005-09-10T06:00:00	2.37547	2.37967	2.34577	2.35567	2.37552	2.37972	2.34582	2.35572	
2005-09-03T06:00:00	2.40817	2.40987	2.37397	2.37547	2.40822	2.40992	2.37402	2.37552	
2005-08-27T06:00:00	2.38287	2.41207	2.38127	2.40817	2.38292	2.41212	2.38132	2.40822	
2005-08-20T06:00:00	2.39187	2.39347	2.36787	2.38287	2.39192	2.39352	2.36792	2.38292	
2005-08-13T06:00:00	2.34737	2.39477	2.34347	2.39187	2.34742	2.39482	2.34352	2.39192	
2005-08-06T06:00:00	2.31697	2.35377	2.30907	2.34737	2.31702	2.35382	2.30912	2.34742	
2005-07-30T06:00:00	2.32137	2.32867	2.29827	2.31697	2.32142	2.32872	2.29832	2.31702	
2005-07-23T06:00:00	2.27507	2.32347	2.27497	2.32137	2.27512	2.32352	2.27502	2.32142	
2005-07-16T06:00:00	2.33697	2.34247	2.26757	2.27507	2.33702	2.34252	2.26762	2.27512	
2005-07-09T06:00:00	2.34067	2.35577	2.33377	2.33697	2.34072	2.35582	2.33382	2.33702	
2005-07-02T06:00:00	2.35657	2.38077	2.33727	2.34067	2.35662	2.38082	2.33732	2.34072	
2005-06-25T06:00:00	2.37097	2.38457	2.33737	2.35657	2.37102	2.38462	2.33742	2.35662	
2005-06-18T06:00:00	2.35357	2.37597	2.33597	2.37097	2.35362	2.37602	2.33602	2.37102	
2005-06-11T06:00:00	2.37987	2.38197	2.34467	2.35357	2.37992	2.38202	2.34472	2.35362	
2005-06-04T06:00:00	2.39787	2.40237	2.36877	2.37987	2.39792	2.40242	2.36882	2.37992	
2005-05-28T06:00:00	2.39037	2.42497	2.38987	2.39787	2.39042	2.42502	2.38992	2.39792	
2005-05-21T06:00:00	2.41747	2.42097	2.38787	2.39037	2.41752	2.42102	2.38792	2.39042	
2005-05-14T06:00:00	2.43357	2.44747	2.41457	2.41747	2.43362	2.44752	2.41462	2.41752	
2005-05-07T06:00:00	2.43707	2.44447	2.41257	2.43357	2.43712	2.44452	2.41262	2.43362	
2005-04-30T06:00:00	2.44277	2.45077	2.42697	2.43707	2.44282	2.45082	2.42702	2.43712	
2005-04-23T06:00:00	2.44727	2.45957	2.43887	2.44277	2.44732	2.45962	2.43892	2.44282	
2005-04-16T06:00:00	2.46187	2.49907	2.44627	2.44727	2.46192	2.49912	2.44632	2.44732	
2005-04-09T06:00:00	2.44147	2.46437	2.42687	2.46187	2.44152	2.46442	2.42692	2.46192	
2005-04-02T07:00:00	2.43957	2.46477	2.43167	2.44147	2.43962	2.46482	2.43172	2.44152	
2005-03-26T07:00:00	2.42297	2.45007	2.41497	2.43957	2.42302	2.45012	2.41502	2.43962	
2005-03-19T07:00:00	2.41657	2.42827	2.39697	2.42297	2.41662	2.42832	2.39702	2.42302	
2005-03-12T07:00:00	2.42857	2.44117	2.41427	2.41657	2.42862	2.44122	2.41432	2.41662	
2005-03-05T07:00:00	2.43297	2.44537	2.41217	2.42857	2.43302	2.44542	2.41222	2.42862	
2005-02-26T07:00:00	2.43947	2.45967	2.42217	2.43297	2.43952	2.45972	2.42222	2.43302	
2005-02-19T07:00:00	2.40387	2.44507	2.39597	2.43947	2.40392	2.44512	2.39602	2.43952	
2005-02-12T07:00:00	2.37727	2.42337	2.37297	2.40387	2.37732	2.42342	2.37302	2.40392	
2005-02-05T07:00:00	2.43527	2.44457	2.37297	2.37727	2.43532	2.44462	2.37302	2.37732	
2005-01-29T07:00:00	2.43807	2.45577	2.42157	2.43527	2.43812	2.45582	2.42162	2.43532	
2005-01-22T07:00:00	2.44127	2.44787	2.42197	2.43807	2.44132	2.44792	2.42202	2.43812	
2005-01-15T07:00:00	2.46407	2.48357	2.43017	2.44127	2.46412	2.48362	2.43022	2.44132	
2005-01-08T07:00:00	2.47027	2.48177	2.45137	2.46407	2.47032	2.48182	2.45142	2.46412	
2005-01-01T07:00:00	2.45617	2.47677	2.43217	2.47027	2.45622	2.47682	2.43222	2.47032	
2004-12-25T07:00:00	2.50307	2.50357	2.44927	2.45617	2.50312	2.50362	2.44932	2.45622	
2004-12-18T07:00:00	2.54077	2.55847	2.49077	2.50307	2.54082	2.55852	2.49082	2.50312	
2004-12-11T07:00:00	2.55037	2.56827	2.52457	2.54077	2.55042	2.56832	2.52462	2.54082	
2004-12-04T07:00:00	2.48617	2.56267	2.48267	2.55037	2.48622	2.56272	2.48272	2.55042	
2004-11-27T07:00:00	2.39657	2.49967	2.39357	2.48617	2.39662	2.49972	2.39362	2.48622	
2004-11-20T07:00:00	2.37087	2.40677	2.36477	2.39657	2.37092	2.40682	2.36482	2.39662	
2004-11-13T07:00:00	2.41347	2.41717	2.36267	2.37087	2.41352	2.41722	2.36272	2.37092	
2004-11-06T07:00:00	2.43327	2.45527	2.40267	2.41347	2.43332	2.45532	2.40272	2.41352	
2004-10-30T06:00:00	2.45407	2.47157	2.42307	2.43327	2.45412	2.47162	2.42312	2.43332	
2004-10-23T06:00:00	2.47017	2.47487	2.44167	2.45407	2.47022	2.47492	2.44172	2.45412	
2004-10-16T06:00:00	2.46907	2.48827	2.45707	2.47017	2.46912	2.48832	2.45712	2.47022	
2004-10-09T06:00:00	2.44067	2.48437	2.43017	2.46907	2.44072	2.48442	2.43022	2.46912	
2004-10-02T06:00:00	2.47677	2.49587	2.43707	2.44067	2.47682	2.49592	2.43712	2.44072	
2004-09-25T06:00:00	2.52757	2.54367	2.47467	2.47677	2.52762	2.54372	2.47472	2.47682	
2004-09-18T06:00:00	2.57207	2.57207	2.51167	2.52757	2.57212	2.57212	2.51172	2.52762	
2004-09-11T06:00:00	2.58207	2.58947	2.55017	2.57207	2.58212	2.58952	2.55022	2.57212	
2004-09-04T06:00:00	2.56777	2.60257	2.55197	2.58207	2.56782	2.60262	2.55202	2.58212	
2004-08-28T06:00:00	2.54557	2.58007	2.54297	2.56777	2.54562	2.58012	2.54302	2.56782	
2004-08-21T06:00:00	2.51427	2.56147	2.51107	2.54557	2.51432	2.56152	2.51112	2.54562	
2004-08-14T06:00:00	2.56997	2.57787	2.50987	2.51427	2.57002	2.57792	2.50992	2.51432	
2004-08-07T06:00:00	2.57917	2.58737	2.54897	2.56997	2.57922	2.58742	2.54902	2.57002	
2004-07-31T06:00:00	2.59517	2.61307	2.57627	2.57917	2.59522	2.61312	2.57632	2.57922	
2004-07-24T06:00:00	2.58307	2.61757	2.57707	2.59517	2.58312	2.61762	2.57712	2.59522	
2004-07-17T06:00:00	2.55927	2.59517	2.53407	2.58307	2.55932	2.59522	2.53412	2.58312	
2004-07-10T06:00:00	2.57247	2.57867	2.55447	2.55927	2.57252	2.57872	2.55452	2.55932	
2004-07-03T06:00:00	2.57127	2.58577	2.55227	2.57247	2.57132	2.58582	2.55232	2.57252	
2004-06-26T06:00:00	2.60787	2.62957	2.56157	2.57127	2.60792	2.62962	2.56162	2.57132	
2004-06-19T06:00:00	2.66787	2.67497	2.59387	2.60787	2.66792	2.67502	2.59392	2.60792	
2004-06-12T06:00:00	2.63087	2.70847	2.61907	2.66787	2.63092	2.70852	2.61912	2.66792	
2004-06-05T06:00:00	2.64657	2.66417	2.60167	2.63087	2.64662	2.66422	2.60172	2.63092	
2004-05-29T06:00:00	2.56567	2.68647	2.55657	2.64657	2.56572	2.68652	2.55662	2.64662	
2004-05-22T06:00:00	2.56207	2.57697	2.54937	2.56567	2.56212	2.57702	2.54942	2.56572	
2004-05-15T06:00:00	2.54287	2.60387	2.53177	2.56207	2.54292	2.60392	2.53182	2.56212	
2004-05-08T06:00:00	2.53867	2.57667	2.51187	2.54287	2.53872	2.57672	2.51192	2.54292	
2004-05-01T06:00:00	2.46287	2.54287	2.44157	2.53867	2.46292	2.54292	2.44162	2.53872	
2004-04-24T06:00:00	2.42277	2.47307	2.41237	2.46287	2.42282	2.47312	2.41242	2.46292	
2004-04-17T06:00:00	2.41617	2.44527	2.40927	2.42277	2.41622	2.44532	2.40932	2.42282	
2004-04-10T06:00:00	2.40037	2.44697	2.38737	2.41617	2.40042	2.44702	2.38742	2.41622	
2004-04-03T07:00:00	2.41827	2.42987	2.39497	2.40037	2.41832	2.42992	2.39502	2.40042	
2004-03-27T07:00:00	2.43067	2.44587	2.39377	2.41827	2.43072	2.44592	2.39382	2.41832	
2004-03-20T07:00:00	2.44707	2.46717	2.42477	2.43067	2.44712	2.46722	2.42482	2.43072	
2004-03-13T07:00:00	2.46297	2.47107	2.43337	2.44707	2.46302	2.47112	2.43342	2.44712	
2004-03-06T07:00:00	2.42727	2.48237	2.40117	2.46297	2.42732	2.48242	2.40122	2.46302	
2004-02-28T07:00:00	2.41367	2.45827	2.40177	2.42727	2.41372	2.45832	2.40182	2.42732	
2004-02-21T07:00:00	2.41517	2.43627	2.40107	2.41367	2.41522	2.43632	2.40112	2.41372	
2004-02-14T07:00:00	2.38697	2.43057	2.37487	2.41517	2.38702	2.43062	2.37492	2.41522	
2004-02-07T07:00:00	2.39837	2.41327	2.38357	2.38697	2.39842	2.41332	2.38362	2.38702	
2004-01-31T07:00:00	2.38877	2.41457	2.38517	2.39837	2.38882	2.41462	2.38522	2.39842	
2004-01-24T07:00:00	2.36427	2.40207	2.33227	2.38877	2.36432	2.40212	2.33232	2.38882	
2004-01-17T07:00:00	2.35257	2.38337	2.35257	2.36427	2.35262	2.38342	2.35262	2.36432	
2004-01-10T07:00:00	2.38067	2.38627	2.34487	2.35257	2.38072	2.38632	2.34492	2.35262	
2004-01-03T07:00:00	2.36437	2.38177	2.34117	2.38067	2.36442	2.38182	2.34122	2.38072	
2003-12-27T07:00:00	2.39077	2.39287	2.35977	2.36437	2.39082	2.39292	2.35982	2.36442	
2003-12-20T07:00:00	2.39737	2.40917	2.38067	2.39077	2.39742	2.40922	2.38072	2.39082	
2003-12-13T07:00:00	2.35257	2.40347	2.34287	2.39737	2.35262	2.40352	2.34292	2.39742	
2003-12-06T07:00:00	2.34867	2.37627	2.33627	2.35257	2.34872	2.37632	2.33632	2.35262	
2003-11-29T07:00:00	2.37717	2.38407	2.33837	2.34867	2.37722	2.38412	2.33842	2.34872	
2003-11-22T07:00:00	2.35347	2.38757	2.34617	2.37717	2.35352	2.38762	2.34622	2.37722	
2003-11-15T07:00:00	2.34237	2.38507	2.34137	2.35347	2.34242	2.38512	2.34142	2.35352	
2003-11-08T07:00:00	2.36167	2.36667	2.32507	2.34237	2.36172	2.36672	2.32512	2.34242	
2003-11-01T07:00:00	2.39447	2.41457	2.34557	2.36167	2.39452	2.41462	2.34562	2.36172	
2003-10-25T06:00:00	2.42387	2.42927	2.39127	2.39447	2.42392	2.42932	2.39132	2.39452	
2003-10-18T06:00:00	2.42237	2.43087	2.38867	2.42387	2.42242	2.43092	2.38872	2.42392	
2003-10-11T06:00:00	2.40717	2.43477	2.40047	2.42237	2.40722	2.43482	2.40052	2.42242	
2003-10-04T06:00:00	2.45067	2.45717	2.39517	2.40717	2.45072	2.45722	2.39522	2.40722	
2003-09-27T06:00:00	2.45877	2.47677	2.42517	2.45067	2.45882	2.47682	2.42522	2.45072	
2003-09-20T06:00:00	2.43607	2.46407	2.41267	2.45877	2.43612	2.46412	2.41272	2.45882	
2003-09-13T06:00:00	2.42007	2.43767	2.38937	2.43607	2.42012	2.43772	2.38942	2.43612	
2003-09-06T06:00:00	2.45477	2.46037	2.40867	2.42007	2.45482	2.46042	2.40872	2.42012	
2003-08-30T06:00:00	2.43547	2.47467	2.42797	2.45477	2.43552	2.47472	2.42802	2.45482	
2003-08-23T06:00:00	2.41507	2.47257	2.40887	2.43547	2.41512	2.47262	2.40892	2.43552	
2003-08-16T06:00:00	2.42117	2.43067	2.40087	2.41507	2.42122	2.43072	2.40092	2.41512	
2003-08-09T06:00:00	2.45707	2.46247	2.41407	2.42117	2.45712	2.46252	2.41412	2.42122	
2003-08-02T06:00:00	2.46937	2.51547	2.45337	2.45707	2.46942	2.51552	2.45342	2.45712	
2003-07-26T06:00:00	2.44317	2.49177	2.43557	2.46937	2.44322	2.49182	2.43562	2.46942	
2003-07-19T06:00:00	2.45477	2.46127	2.42047	2.44317	2.45482	2.46132	2.42052	2.44322	
2003-07-12T06:00:00	2.47157	2.48387	2.42377	2.45477	2.47162	2.48392	2.42382	2.45482	
2003-07-05T06:00:00	2.45297	2.51877	2.41887	2.47157	2.45302	2.51882	2.41892	2.47162	
2003-06-28T06:00:00	2.47567	2.48357	2.43897	2.45297	2.47572	2.48362	2.43902	2.45302	
2003-06-21T06:00:00	2.48647	2.51837	2.47077	2.47567	2.48652	2.51842	2.47082	2.47572	
2003-06-14T06:00:00	2.50227	2.53237	2.48617	2.48647	2.50232	2.53242	2.48622	2.48652	
2003-06-07T06:00:00	2.52357	2.53507	2.49297	2.50227	2.52362	2.53512	2.49302	2.50232	
2003-05-31T06:00:00	2.50097	2.53377	2.44917	2.52357	2.50102	2.53382	2.44922	2.52362	
2003-05-24T06:00:00	2.48267	2.55717	2.47227	2.50097	2.48272	2.55722	2.47232	2.50102	
2003-05-17T06:00:00	2.48747	2.50757	2.46307	2.48267	2.48752	2.50762	2.46312	2.48272	
2003-05-10T06:00:00	2.48657	2.53727	2.47277	2.48747	2.48662	2.53732	2.47282	2.48752	
2003-05-03T06:00:00	2.54547	2.54847	2.48177	2.48657	2.54552	2.54852	2.48182	2.48662	
2003-04-26T06:00:00	2.58217	2.59177	2.53887	2.54547	2.58222	2.59182	2.53892	2.54552	
2003-04-19T06:00:00	2.55807	2.58847	2.53427	2.58217	2.55812	2.58852	2.53432	2.58222	
2003-04-12T06:00:00	2.59797	2.61547	2.55747	2.55807	2.59802	2.61552	2.55752	2.55812	
2003-04-05T07:00:00	2.59837	2.61557	2.56877	2.59797	2.59842	2.61562	2.56882	2.59802	
2003-03-29T07:00:00	2.62087	2.62747	2.59287	2.59837	2.62092	2.62752	2.59292	2.59842	
2003-03-22T07:00:00	2.64667	2.65687	2.59887	2.62087	2.64672	2.65692	2.59892	2.62092	
2003-03-15T07:00:00	2.64607	2.66597	2.62267	2.64667	2.64612	2.66602	2.62272	2.64672	
2003-03-08T07:00:00	2.61167	2.72957	2.59007	2.64607	2.61172	2.72962	2.59012	2.64612	
2003-03-01T07:00:00	2.58857	2.62087	2.56377	2.61167	2.58862	2.62092	2.56382	2.61172	
2003-02-22T07:00:00	2.64397	2.64837	2.58537	2.58857	2.64402	2.64842	2.58542	2.58862	
2003-02-15T07:00:00	2.72767	2.73177	2.64357	2.64397	2.72772	2.73182	2.64362	2.64402	
2003-02-08T07:00:00	2.76437	2.76877	2.71477	2.72767	2.76442	2.76882	2.71482	2.72772	
2003-02-01T07:00:00	2.80667	2.82117	2.75167	2.76437	2.80672	2.82122	2.75172	2.76442	
2003-01-25T07:00:00	2.75727	2.82617	2.74907	2.80667	2.75732	2.82622	2.74912	2.80672	
2003-01-18T07:00:00	2.72597	2.77217	2.71617	2.75727	2.72602	2.77222	2.71622	2.75732	
2003-01-11T07:00:00	2.75577	2.76407	2.72107	2.72597	2.75582	2.76412	2.72112	2.72602	
2003-01-04T07:00:00	2.83667	2.84397	2.75417	2.75577	2.83672	2.84402	2.75422	2.75582	
2002-12-28T07:00:00	2.85997	2.88257	2.82167	2.83667	2.86002	2.88262	2.82172	2.83672	
2002-12-21T07:00:00	2.84847	2.86097	2.82197	2.85997	2.84852	2.86102	2.82202	2.86002	
2002-12-14T07:00:00	2.81517	2.86567	2.80237	2.84847	2.81522	2.86572	2.80242	2.84852	
2002-12-07T07:00:00	2.80987	2.82017	2.78367	2.81517	2.80992	2.82022	2.78372	2.81522	
2002-11-30T07:00:00	2.77667	2.81497	2.76087	2.80987	2.77672	2.81502	2.76092	2.80992	
2002-11-23T07:00:00	2.80447	2.80647	2.75847	2.77667	2.80452	2.80652	2.75852	2.77672	
2002-11-16T07:00:00	2.80537	2.85047	2.79827	2.80447	2.80542	2.85052	2.79832	2.80452	
2002-11-09T07:00:00	2.81697	2.84527	2.79607	2.80537	2.81702	2.84532	2.79612	2.80542	
2002-11-02T07:00:00	2.79727	2.81957	2.76387	2.81697	2.79732	2.81962	2.76392	2.81702	
2002-10-26T06:00:00	2.79327	2.82627	2.77467	2.79727	2.79332	2.82632	2.77472	2.79732	
2002-10-19T06:00:00	2.81317	2.81337	2.77237	2.79327	2.81322	2.81342	2.77242	2.79332	
2002-10-12T06:00:00	2.84257	2.86617	2.80107	2.81317	2.84262	2.86622	2.80112	2.81322	
2002-10-05T06:00:00	2.86377	2.86647	2.83267	2.84257	2.86382	2.86652	2.83272	2.84262	
2002-09-28T06:00:00	2.87047	2.91757	2.85987	2.86377	2.87052	2.91762	2.85992	2.86382	
2002-09-21T06:00:00	2.84787	2.88227	2.83667	2.87047	2.84792	2.88232	2.83672	2.87052	
2002-09-14T06:00:00	2.81977	2.85117	2.79127	2.84787	2.81982	2.85122	2.79132	2.84792	
2002-09-07T06:00:00	2.84757	2.85707	2.80717	2.81977	2.84762	2.85712	2.80722	2.81982	
2002-08-31T06:00:00	2.81607	2.90947	2.80587	2.84757	2.81612	2.90952	2.80592	2.84762	
2002-08-24T06:00:00	2.80137	2.81817	2.74937	2.81607	2.80142	2.81822	2.74942	2.81612	
2002-08-17T06:00:00	2.82207	2.83887	2.78737	2.80137	2.82212	2.83892	2.78742	2.80142	
2002-08-10T06:00:00	2.84767	2.88177	2.80337	2.82207	2.84772	2.88182	2.80342	2.82212	
2002-08-03T06:00:00	2.91357	2.96937	2.84147	2.84767	2.91362	2.96942	2.84152	2.84772	
2002-07-27T06:00:00	2.92757	2.92757	2.84777	2.91357	2.92762	2.92762	2.84782	2.91362	
2002-07-20T06:00:00	2.83807	2.93637	2.82667	2.92757	2.83812	2.93642	2.82672	2.92762	
2002-07-13T06:00:00	2.77457	2.85867	2.76687	2.83807	2.77462	2.85872	2.76692	2.83812	
2002-07-06T06:00:00	2.73627	2.79277	2.71357	2.77457	2.73632	2.79282	2.71362	2.77462	
2002-06-29T06:00:00	2.71977	2.75597	2.71357	2.73627	2.71982	2.75602	2.71362	2.73632	
2002-06-22T06:00:00	2.60807	2.73597	2.59747	2.71977	2.60812	2.73602	2.59752	2.71982	
2002-06-15T06:00:00	2.63627	2.66037	2.60597	2.60807	2.63632	2.66042	2.60602	2.60812	
2002-06-08T06:00:00	2.55297	2.65187	2.55157	2.63627	2.55302	2.65192	2.55162	2.63632	
2002-06-01T06:00:00	2.56547	2.57687	2.52547	2.55297	2.56552	2.57692	2.52552	2.55302	
2002-05-25T06:00:00	2.62017	2.62317	2.56347	2.56547	2.62022	2.62322	2.56352	2.56552	
2002-05-18T06:00:00	2.63827	2.65407	2.60097	2.62017	2.63832	2.65412	2.60102	2.62022	
2002-05-11T06:00:00	2.68637	2.69467	2.63767	2.63827	2.68642	2.69472	2.63772	2.63832	
2002-05-04T06:00:00	2.72397	2.72997	2.67887	2.68637	2.72402	2.73002	2.67892	2.68642	
2002-04-27T06:00:00	2.68307	2.73997	2.67587	2.72397	2.68312	2.74002	2.67592	2.72402	
2002-04-20T06:00:00	2.68057	2.69347	2.66227	2.68307	2.68062	2.69352	2.66232	2.68312	
2002-04-13T06:00:00	2.68787	2.71077	2.67547	2.68057	2.68792	2.71082	2.67552	2.68062	
2002-04-06T07:00:00	2.70327	2.72367	2.67667	2.68787	2.70332	2.72372	2.67672	2.68792	
2002-03-30T07:00:00	2.67337	2.71787	2.66077	2.70327	2.67342	2.71792	2.66082	2.70332	
2002-03-23T07:00:00	2.68687	2.71097	2.66467	2.67337	2.68692	2.71102	2.66472	2.67342	
2002-03-16T07:00:00	2.71047	2.73287	2.67237	2.68687	2.71052	2.73292	2.67242	2.68692	
2002-03-09T07:00:00	2.72037	2.73597	2.70657	2.71047	2.72042	2.73602	2.70662	2.71052	
2002-03-02T07:00:00	2.72927	2.74307	2.70317	2.72037	2.72932	2.74312	2.70322	2.72042	
2002-02-23T07:00:00	2.79277	2.79747	2.72507	2.72927	2.79282	2.79752	2.72512	2.72932	
2002-02-16T07:00:00	2.76827	2.80247	2.75197	2.79277	2.76832	2.80252	2.75202	2.79282	
2002-02-09T07:00:00	2.77177	2.83077	2.75627	2.76827	2.77182	2.83082	2.75632	2.76832	
2002-02-02T07:00:00	2.78867	2.79857	2.75677	2.77177	2.78872	2.79862	2.75682	2.77182	
2002-01-26T07:00:00	2.72847	2.80187	2.72437	2.78867	2.72852	2.80192	2.72442	2.78872	
2002-01-19T07:00:00	2.79397	2.80267	2.72237	2.72847	2.79402	2.80272	2.72242	2.72852	
2002-01-12T07:00:00	2.77767	2.80767	2.77717	2.79397	2.77772	2.80772	2.77722	2.79402	
2002-01-05T07:00:00	2.77747	2.78947	2.73177	2.77767	2.77752	2.78952	2.73182	2.77772	
2001-12-29T07:00:00	2.83767	2.85337	2.77307	2.77747	2.83772	2.85342	2.77312	2.77752	
2001-12-22T07:00:00	2.83057	2.87407	2.81977	2.83767	2.83062	2.87412	2.81982	2.83772	
2001-12-15T07:00:00	2.79637	2.87627	2.79637	2.83057	2.79642	2.87632	2.79642	2.83062	
2001-12-08T07:00:00	2.78867	2.80977	2.77057	2.79637	2.78872	2.80982	2.77062	2.79642	
2001-12-01T07:00:00	2.73247	2.78997	2.72547	2.78867	2.73252	2.79002	2.72552	2.78872	
2001-11-24T07:00:00	2.70987	2.75857	2.70767	2.73247	2.70992	2.75862	2.70772	2.73252	
