日時	GBP/JPY(始値, 買い)	GBP/JPY(高値, 買い)	GBP/JPY(安値, 買い)	GBP/JPY(終値, 買い)	GBP/JPY(始値, 売り)	GBP/JPY(高値, 売り)	GBP/JPY(安値, 売り)	GBP/JPY(終値, 売り)	
2014-02-01T07:00:00	167.852	168.237	163.900	165.826	167.671	168.216	163.872	165.804	
2014-01-25T07:00:00	168.649	171.481	167.596	167.852	168.460	171.452	167.575	167.671	
2014-01-18T07:00:00	171.393	173.669	168.579	168.649	171.223	173.640	168.460	168.460	
2014-01-11T07:00:00	171.773	171.890	168.365	171.393	171.629	171.866	168.334	171.223	
2014-01-04T07:00:00	172.215	173.152	170.427	171.773	172.063	173.120	170.398	171.629	
2013-12-28T07:00:00	173.445	174.854	171.072	172.215	173.260	174.828	171.033	172.063	
2013-12-21T07:00:00	170.055	173.972	169.791	173.445	169.943	173.939	169.759	173.260	
2013-12-14T07:00:00	168.322	171.216	166.594	170.055	168.151	171.177	166.570	169.943	
2013-12-07T07:00:00	168.269	170.076	167.530	168.322	168.189	170.049	167.516	168.151	
2013-11-30T07:00:00	167.804	169.156	165.891	168.269	167.617	169.131	165.862	168.189	
2013-11-23T07:00:00	164.364	167.914	163.697	167.804	164.219	167.885	163.667	167.617	
2013-11-16T07:00:00	161.542	164.405	160.426	164.364	161.405	164.363	160.398	164.219	
2013-11-09T07:00:00	158.760	161.669	158.002	161.542	158.618	161.642	157.967	161.405	
2013-11-02T06:00:00	157.250	159.295	156.649	158.760	157.150	159.267	156.620	158.618	
2013-10-26T06:00:00	157.478	158.325	156.780	157.250	157.413	158.298	156.740	157.150	
2013-10-19T06:00:00	158.140	159.547	156.880	157.478	158.027	159.524	156.857	157.413	
2013-10-12T06:00:00	157.294	158.693	156.754	158.140	157.198	158.670	156.643	158.027	
2013-10-05T06:00:00	156.128	157.541	154.736	157.294	155.992	157.515	154.711	157.198	
2013-09-28T06:00:00	158.662	159.983	155.744	156.128	158.520	159.939	155.714	155.992	
2013-09-21T06:00:00	159.098	159.288	157.357	158.662	158.998	159.258	157.335	158.520	
2013-09-14T06:00:00	157.777	160.014	156.923	159.098	157.741	159.966	156.763	158.998	
2013-09-07T06:00:00	155.002	158.574	155.530	157.777	154.851	158.530	155.479	157.741	
2013-08-31T06:00:00	152.264	156.459	152.433	155.002	152.075	156.422	152.375	154.851	
2013-08-24T06:00:00	153.679	153.994	150.496	152.264	153.593	153.964	150.450	152.075	
2013-08-17T06:00:00	152.532	154.715	151.755	153.679	152.416	154.660	151.725	153.593	
2013-08-10T06:00:00	149.299	153.258	148.898	152.532	149.179	153.232	148.844	152.416	
2013-08-03T06:00:00	151.299	151.592	147.643	149.299	151.193	151.490	147.589	149.179	
2013-07-27T06:00:00	151.243	151.618	148.277	151.299	151.129	151.559	148.242	151.193	
2013-07-20T06:00:00	153.706	154.067	150.737	151.243	153.594	154.037	150.712	151.129	
2013-07-13T06:00:00	149.846	153.723	149.720	153.706	149.777	153.659	149.654	153.594	
2013-07-06T06:00:00	150.798	151.630	148.805	149.846	150.621	151.601	148.765	149.777	
2013-06-29T06:00:00	150.931	153.041	149.511	150.798	150.791	153.008	149.459	150.621	
2013-06-22T06:00:00	150.999	151.771	149.273	150.931	150.845	151.732	149.231	150.791	
2013-06-15T06:00:00	147.868	151.947	147.987	150.999	147.696	151.924	147.863	150.845	
2013-06-08T06:00:00	151.754	154.287	147.126	147.868	151.670	154.213	147.090	147.696	
2013-06-01T06:00:00	152.694	153.831	148.239	151.754	152.614	153.799	148.163	151.670	
2013-05-25T06:00:00	153.283	154.707	152.256	152.694	153.141	154.629	152.223	152.614	
2013-05-18T06:00:00	156.617	156.617	151.801	153.283	156.543	156.543	151.772	153.141	
2013-05-11T06:00:00	156.198	156.789	154.989	156.617	156.119	156.776	154.959	156.543	
2013-05-04T06:00:00	154.205	156.702	152.744	156.198	154.105	156.671	152.717	156.119	
2013-04-27T06:00:00	151.872	154.703	150.767	154.205	151.766	154.672	150.735	154.105	
2013-04-20T06:00:00	151.638	153.791	149.984	151.872	151.559	153.760	149.958	151.766	
2013-04-13T06:00:00	151.030	152.542	146.481	151.638	150.954	152.514	146.416	151.559	
2013-04-06T06:00:00	149.677	153.883	149.677	151.030	149.612	153.858	149.612	150.954	
2013-03-30T06:00:00	143.300	150.062	140.411	149.677	143.153	150.032	140.371	149.612	
2013-03-23T06:00:00	144.008	144.799	141.914	143.300	143.888	144.775	141.874	143.153	
2013-03-16T06:00:00	144.050	145.281	142.372	144.008	143.984	145.258	142.255	143.888	
2013-03-09T07:00:00	143.330	145.891	142.024	144.050	143.233	145.864	141.997	143.984	
2013-03-02T07:00:00	140.759	144.814	140.231	143.330	140.731	144.770	140.204	143.233	
2013-02-23T07:00:00	141.719	143.154	137.854	140.759	141.648	142.998	137.817	140.731	
2013-02-16T07:00:00	145.143	145.919	141.357	141.719	145.028	145.885	141.329	141.648	
2013-02-09T07:00:00	146.549	147.952	142.788	145.143	146.386	147.906	142.756	145.028	
2013-02-02T07:00:00	145.808	147.999	144.880	146.549	145.681	147.960	144.838	146.386	
2013-01-26T07:00:00	143.585	146.507	141.916	145.808	143.465	146.477	141.880	145.681	
2013-01-19T07:00:00	143.018	144.261	139.280	143.585	142.862	144.233	139.247	143.465	
2013-01-12T07:00:00	143.953	144.823	140.530	143.018	143.786	144.794	140.498	142.862	
2013-01-05T07:00:00	141.757	144.447	139.430	143.953	141.624	144.413	139.378	143.786	
2012-12-29T07:00:00	139.075	142.652	138.642	141.757	138.991	142.602	138.500	141.624	
2012-12-22T07:00:00	136.305	139.562	136.264	139.075	136.133	139.532	136.120	138.991	
2012-12-15T07:00:00	135.069	137.880	135.069	136.305	134.960	137.854	134.960	136.133	
2012-12-08T07:00:00	132.361	135.422	131.693	135.069	132.311	135.390	131.661	134.960	
2012-12-01T07:00:00	132.043	132.927	131.577	132.361	131.992	132.900	131.549	132.311	
2012-11-24T07:00:00	132.142	132.818	130.470	132.043	132.035	132.787	130.449	131.992	
2012-11-17T07:00:00	129.174	132.344	128.949	132.142	129.148	132.318	128.921	132.035	
2012-11-10T07:00:00	126.377	129.305	125.697	129.174	126.296	129.264	125.665	129.148	
2012-11-03T06:00:00	128.986	129.093	125.974	126.377	128.935	129.066	125.945	126.296	
2012-10-27T06:00:00	128.280	129.636	127.049	128.986	128.233	129.601	127.016	128.935	
2012-10-20T06:00:00	127.000	129.663	126.729	128.280	126.941	129.640	126.700	128.233	
2012-10-13T06:00:00	126.050	128.259	125.557	127.000	126.029	128.227	125.533	126.941	
2012-10-06T06:00:00	126.914	127.083	124.762	126.050	126.833	127.050	124.733	126.029	
2012-09-29T06:00:00	125.928	127.830	125.533	126.914	125.879	127.804	125.502	126.833	
2012-09-22T06:00:00	126.901	127.151	125.366	125.928	126.852	126.979	125.341	125.879	
2012-09-15T06:00:00	127.150	128.848	126.248	126.901	127.091	128.823	126.222	126.852	
2012-09-08T06:00:00	125.297	127.276	124.468	127.150	125.244	127.248	124.360	127.091	
2012-09-01T06:00:00	124.398	126.233	123.980	125.297	124.323	126.192	123.948	125.244	
2012-08-25T06:00:00	124.429	124.825	123.718	124.398	124.357	124.798	123.688	124.323	
2012-08-18T06:00:00	124.933	125.536	124.089	124.429	124.796	125.509	124.066	124.357	
2012-08-11T06:00:00	122.798	124.988	122.422	124.933	122.733	124.959	122.396	124.796	
2012-08-04T06:00:00	122.839	123.277	121.760	122.798	122.646	123.247	121.733	122.733	
2012-07-28T06:00:00	123.598	123.670	121.110	122.839	123.396	123.611	121.078	122.646	
2012-07-21T06:00:00	122.695	123.820	120.848	123.598	122.489	123.761	120.821	123.396	
2012-07-14T06:00:00	123.394	123.936	122.509	122.695	123.203	123.909	122.469	122.489	
2012-07-07T06:00:00	123.434	124.067	122.058	123.394	123.336	124.025	122.027	123.203	
2012-06-30T06:00:00	125.454	125.510	123.081	123.434	125.250	125.475	123.051	123.336	
2012-06-23T06:00:00	125.443	125.690	122.899	125.454	125.292	125.654	122.860	125.250	
2012-06-16T06:00:00	123.812	125.848	123.262	125.443	123.613	125.821	123.222	125.292	
2012-06-09T06:00:00	123.049	124.294	122.147	123.812	122.875	124.266	122.120	123.613	
2012-06-02T06:00:00	119.886	124.366	119.775	123.049	119.682	124.334	119.682	122.875	
2012-05-26T06:00:00	124.849	125.161	118.813	119.886	124.649	125.078	118.772	119.682	
2012-05-19T06:00:00	125.115	126.478	124.171	124.849	124.915	126.451	124.142	124.649	
2012-05-12T06:00:00	128.547	128.889	124.670	125.115	128.345	128.861	124.636	124.915	
2012-05-05T06:00:00	129.080	129.602	127.844	128.547	128.884	129.568	127.806	128.345	
2012-04-28T06:00:00	130.652	130.888	128.872	129.080	130.452	130.852	128.840	128.884	
2012-04-21T06:00:00	131.548	131.847	130.229	130.652	131.359	131.814	130.182	130.452	
2012-04-14T06:00:00	128.330	131.814	127.130	131.548	128.126	131.788	127.090	131.359	
2012-04-07T06:00:00	129.644	130.256	127.902	128.330	129.444	130.221	127.868	128.126	
2012-03-31T06:00:00	132.771	133.280	129.174	129.644	132.567	133.245	129.129	129.444	
2012-03-24T06:00:00	130.780	133.399	130.163	132.771	130.600	133.367	130.133	132.567	
2012-03-17T06:00:00	132.291	133.509	130.024	130.780	132.100	133.482	129.983	130.600	
2012-03-10T07:00:00	129.345	132.458	128.199	132.291	129.184	132.431	128.166	132.100	
2012-03-03T07:00:00	129.587	129.769	126.566	129.345	129.448	129.747	126.538	129.184	
2012-02-25T07:00:00	128.967	130.123	126.712	129.587	128.888	130.097	126.676	129.448	
2012-02-18T07:00:00	125.960	129.001	125.490	128.967	125.813	128.950	125.459	128.888	
2012-02-11T07:00:00	122.338	126.084	121.706	125.960	122.277	126.055	121.667	125.813	
2012-02-04T07:00:00	121.230	123.193	120.506	122.338	121.075	123.166	120.476	122.277	
2012-01-28T07:00:00	120.742	121.279	119.609	121.230	120.561	121.215	119.581	121.075	
2012-01-21T07:00:00	120.067	122.066	119.517	120.742	119.874	122.039	119.482	120.561	
2012-01-14T07:00:00	118.007	120.083	117.394	120.067	117.808	119.963	117.363	119.874	
2012-01-07T07:00:00	118.781	119.134	117.296	118.007	118.713	119.108	117.274	117.808	
2011-12-31T07:00:00	119.619	120.252	118.567	118.781	119.525	120.195	118.539	118.713	
2011-12-24T07:00:00	121.788	122.320	119.290	119.619	121.644	122.297	119.254	119.525	
2011-12-17T07:00:00	121.026	122.791	120.540	121.788	120.953	122.760	120.510	121.644	
2011-12-10T07:00:00	121.695	121.808	120.309	121.026	121.618	121.780	120.284	120.953	
2011-12-03T07:00:00	121.677	122.320	120.950	121.695	121.639	122.298	120.916	121.618	
2011-11-26T07:00:00	120.154	122.734	119.970	121.677	120.108	122.650	119.880	121.639	
2011-11-19T07:00:00	121.456	121.559	119.394	120.154	121.425	121.495	119.348	120.108	
2011-11-12T07:00:00	124.005	124.369	120.910	121.456	123.967	124.290	120.875	121.425	
2011-11-05T06:00:00	125.309	125.685	122.990	124.005	125.316	125.628	122.958	123.967	
2011-10-29T06:00:00	122.204	127.350	121.908	125.309	122.166	127.311	121.871	125.316	
2011-10-22T06:00:00	121.553	122.541	120.714	122.204	121.509	122.508	120.679	122.166	
2011-10-15T06:00:00	122.103	122.661	120.013	121.553	122.072	122.630	119.982	121.509	
2011-10-08T06:00:00	119.596	122.639	119.184	122.103	119.553	122.603	119.145	122.072	
2011-10-01T06:00:00	120.171	120.384	116.996	119.596	120.129	120.342	116.953	119.553	
2011-09-24T06:00:00	118.641	120.867	117.789	120.171	118.576	120.838	117.753	120.129	
2011-09-17T06:00:00	121.475	121.475	116.861	118.641	121.296	121.296	116.827	118.576	
2011-09-10T06:00:00	123.076	123.076	120.697	121.475	123.034	123.034	120.660	121.296	
2011-09-03T06:00:00	124.634	125.094	122.384	123.076	124.585	125.061	122.348	123.034	
2011-08-27T06:00:00	125.359	126.604	124.152	124.634	125.320	126.572	124.116	124.585	
2011-08-20T06:00:00	126.035	127.354	124.514	125.359	126.005	127.336	124.478	125.320	
2011-08-13T06:00:00	125.106	126.998	125.000	126.035	125.042	126.969	124.963	126.005	
2011-08-06T06:00:00	128.575	128.931	123.321	125.106	128.530	128.862	123.293	125.042	
2011-07-30T06:00:00	126.297	130.861	124.208	128.575	126.243	130.838	124.175	128.530	
2011-07-23T06:00:00	127.926	128.400	126.114	126.297	127.882	128.330	125.968	126.243	
2011-07-16T06:00:00	127.519	128.441	126.674	127.926	127.470	128.412	126.642	127.882	
2011-07-09T06:00:00	129.364	129.456	124.934	127.519	129.320	129.425	124.835	127.470	
2011-07-02T06:00:00	129.848	130.862	128.917	129.364	129.810	130.837	128.825	129.320	
2011-06-25T06:00:00	128.509	130.104	128.264	129.848	128.469	130.071	128.137	129.810	
2011-06-18T06:00:00	129.499	130.566	128.255	128.509	129.452	130.531	128.222	128.469	
2011-06-11T06:00:00	130.380	132.352	129.372	129.499	130.338	132.319	129.340	129.452	
2011-06-04T06:00:00	131.834	132.328	129.809	130.380	131.735	132.289	129.672	130.338	
2011-05-28T06:00:00	133.290	135.152	130.682	131.834	133.230	135.118	130.647	131.735	
2011-05-21T06:00:00	132.736	133.818	131.301	133.290	132.680	133.794	131.263	133.230	
2011-05-14T06:00:00	130.905	133.209	130.412	132.736	130.871	133.177	130.379	132.680	
2011-05-07T06:00:00	132.130	134.079	130.310	130.905	132.093	134.054	130.269	130.871	
2011-04-30T06:00:00	135.559	136.134	130.933	132.130	135.510	136.106	130.894	132.093	
2011-04-23T06:00:00	135.322	137.074	134.107	135.559	135.248	137.036	134.050	135.510	
2011-04-16T06:00:00	135.355	135.978	133.017	135.322	135.306	135.956	132.982	135.248	
2011-04-09T06:00:00	138.937	139.581	135.301	135.355	138.874	139.545	135.275	135.306	
2011-04-02T06:00:00	135.471	140.041	135.213	138.937	135.434	140.015	135.182	138.874	
2011-03-26T06:00:00	130.525	135.846	130.191	135.471	130.488	135.816	130.103	135.434	
2011-03-19T06:00:00	130.875	133.013	130.213	130.525	130.821	132.986	130.175	130.488	
2011-03-12T07:00:00	131.758	132.589	122.585	130.875	131.728	132.552	122.294	130.821	
2011-03-05T07:00:00	133.962	134.374	130.892	131.758	133.923	134.347	130.864	131.728	
2011-02-26T07:00:00	131.611	135.287	131.300	133.962	131.570	135.216	131.256	133.923	
2011-02-19T07:00:00	134.882	135.553	131.143	131.611	134.817	135.404	131.110	131.570	
2011-02-12T07:00:00	133.557	135.585	133.202	134.882	133.508	135.506	133.171	134.817	
2011-02-05T07:00:00	132.374	134.280	131.590	133.557	132.314	134.250	131.560	133.508	
2011-01-29T07:00:00	130.276	132.963	129.861	132.374	130.218	132.936	129.831	132.314	
2011-01-22T07:00:00	132.169	132.688	129.536	130.276	132.123	132.667	129.511	130.218	
2011-01-15T07:00:00	131.753	132.531	130.699	132.169	131.703	132.504	130.666	132.123	
2011-01-08T07:00:00	129.134	131.905	128.335	131.753	129.094	131.873	128.308	131.703	
2011-01-01T07:00:00	126.524	129.463	125.792	129.134	126.495	129.431	125.760	129.094	
2010-12-25T07:00:00	128.062	128.094	125.521	126.541	128.007	128.024	125.484	126.493	
2010-12-18T07:00:00	130.174	130.509	127.476	128.062	130.130	130.484	127.445	128.007	
2010-12-11T07:00:00	132.752	133.086	130.033	130.174	132.705	133.045	129.997	130.130	
2010-12-04T07:00:00	130.510	133.035	129.560	132.752	130.456	133.002	129.521	132.705	
2010-11-27T07:00:00	131.152	131.783	129.370	130.510	131.097	131.757	129.338	130.456	
2010-11-20T07:00:00	133.479	134.221	130.862	131.152	133.429	134.189	130.838	131.097	
2010-11-13T07:00:00	133.254	134.241	132.209	133.479	133.135	134.212	132.175	133.429	
2010-11-06T06:00:00	131.671	133.592	129.855	133.043	131.617	133.567	129.824	133.011	
2010-10-30T06:00:00	128.941	132.037	128.811	131.671	128.896	132.018	128.735	131.617	
2010-10-23T06:00:00	127.613	129.615	126.475	128.941	127.568	129.588	126.436	128.896	
2010-10-16T06:00:00	130.176	130.297	127.111	127.613	130.125	130.216	127.080	127.568	
2010-10-09T06:00:00	131.113	131.113	129.007	130.176	131.070	131.070	128.964	130.125	
2010-10-02T06:00:00	131.942	133.048	130.153	131.113	131.899	133.015	129.927	131.070	
2010-09-25T06:00:00	133.390	133.793	130.889	131.942	133.350	133.761	130.855	131.899	
2010-09-18T06:00:00	134.077	134.477	131.735	133.390	134.037	134.442	131.705	133.350	
2010-09-11T06:00:00	129.274	135.079	127.661	134.077	129.235	135.048	127.628	134.037	
2010-09-04T06:00:00	130.594	130.686	127.930	129.274	130.551	130.653	127.896	129.235	
2010-08-28T06:00:00	132.437	133.636	128.678	130.594	132.388	133.611	128.648	130.551	
2010-08-21T06:00:00	133.064	133.359	128.804	132.437	133.016	133.325	128.777	132.388	
2010-08-14T06:00:00	134.576	134.630	132.002	133.064	134.524	134.524	131.968	133.016	
2010-08-07T06:00:00	136.392	137.016	132.828	134.576	136.345	136.981	132.790	134.524	
2010-07-31T06:00:00	135.583	137.798	135.504	136.392	135.533	137.770	135.463	136.345	
2010-07-24T06:00:00	134.819	137.570	134.214	135.583	134.780	137.548	134.180	135.533	
2010-07-17T06:00:00	132.657	135.041	130.861	134.819	132.606	134.998	130.826	134.780	
2010-07-10T06:00:00	133.541	135.894	132.053	132.657	133.493	135.824	132.011	132.606	
2010-07-03T06:00:00	133.449	134.677	131.269	133.541	133.405	134.642	131.247	133.493	
2010-06-26T06:00:00	134.640	135.286	131.307	133.449	134.585	135.242	131.274	133.405	
2010-06-19T06:00:00	134.451	136.049	133.112	134.640	134.462	136.009	133.076	134.585	
2010-06-12T06:00:00	133.207	135.948	133.207	134.451	133.218	135.959	133.218	134.462	
2010-06-05T06:00:00	132.704	135.129	130.398	133.207	132.715	135.140	130.409	133.218	
2010-05-29T06:00:00	131.429	136.407	130.789	132.704	131.368	136.418	130.800	132.715	
2010-05-22T06:00:00	130.363	133.264	127.672	131.429	130.311	133.227	127.635	131.368	
2010-05-15T06:00:00	134.274	134.927	126.752	130.363	134.218	134.800	126.725	130.311	
2010-05-08T06:00:00	135.490	140.595	133.218	134.274	135.437	140.566	133.182	134.218	
2010-05-01T06:00:00	143.743	144.945	130.069	135.490	143.700	144.901	129.810	135.437	
2010-04-24T06:00:00	144.637	146.003	141.602	143.743	144.575	145.965	141.567	143.700	
2010-04-17T06:00:00	141.796	144.794	139.401	144.637	141.746	144.766	139.375	144.575	
2010-04-10T06:00:00	143.351	145.063	141.374	141.796	143.299	145.032	141.337	141.746	
2010-04-03T06:00:00	143.818	144.968	140.989	143.351	143.746	144.875	140.953	143.299	
2010-03-27T06:00:00	137.861	144.000	137.712	143.818	137.812	143.935	137.670	143.746	
2010-03-20T06:00:00	136.038	138.164	134.568	137.861	135.987	138.125	134.537	137.812	
2010-03-13T07:00:00	137.399	139.374	135.210	136.038	137.357	139.352	135.167	135.987	
2010-03-06T07:00:00	136.868	138.105	133.920	137.399	136.815	138.068	133.905	137.357	
2010-02-27T07:00:00	135.522	137.093	132.051	136.868	135.468	137.042	132.000	136.815	
2010-02-20T07:00:00	141.643	142.216	134.684	135.522	141.605	142.178	134.643	135.468	
2010-02-13T07:00:00	141.071	143.677	140.738	141.643	141.025	143.613	140.701	141.605	
2010-02-06T07:00:00	139.738	141.933	138.660	141.071	139.687	141.894	138.617	141.025	
2010-01-30T07:00:00	144.310	145.316	138.272	139.738	144.257	145.278	138.241	139.687	
2010-01-23T07:00:00	145.211	147.319	143.666	144.310	145.168	147.285	143.631	144.257	
2010-01-16T07:00:00	147.670	149.491	144.719	144.844	147.623	149.456	144.685	144.795	
2010-01-09T07:00:00	148.479	150.037	146.685	147.670	148.422	149.992	146.647	147.623	
2010-01-02T07:00:00	150.488	150.743	146.028	148.479	150.445	150.706	145.984	148.422	
2009-12-26T07:00:00	146.186	150.721	145.864	150.488	146.143	150.681	145.815	150.445	
2009-12-19T07:00:00	145.847	147.104	145.506	146.186	145.792	147.061	145.430	146.143	
2009-12-12T07:00:00	144.698	146.960	143.165	145.847	144.663	146.928	143.140	145.792	
2009-12-05T07:00:00	148.829	148.856	142.022	144.698	148.772	148.833	141.995	144.663	
2009-11-28T07:00:00	142.650	149.121	141.078	148.829	142.588	149.088	141.031	148.772	
2009-11-21T07:00:00	147.014	148.265	139.334	142.650	146.963	148.222	139.276	142.588	
2009-11-14T07:00:00	149.724	150.411	146.479	147.014	149.665	150.369	146.448	146.963	
2009-11-07T07:00:00	149.463	151.652	148.286	149.724	149.384	151.612	148.243	149.665	
2009-10-31T06:00:00	147.743	151.486	145.814	149.463	147.692	151.295	145.780	149.384	
2009-10-24T06:00:00	150.179	151.774	147.697	147.743	150.125	151.731	147.644	147.692	
2009-10-17T06:00:00	148.729	153.269	147.108	150.179	148.676	153.234	147.068	150.125	
2009-10-10T06:00:00	142.314	149.341	141.212	148.729	142.263	149.299	141.172	148.676	
2009-10-03T06:00:00	142.883	143.994	139.743	142.314	142.819	143.952	139.705	142.263	
2009-09-26T06:00:00	143.158	144.565	139.786	142.883	143.098	144.530	139.714	142.819	
2009-09-19T06:00:00	148.401	150.402	142.794	143.158	148.347	150.368	142.768	143.098	
2009-09-12T06:00:00	151.184	151.792	148.281	148.401	151.135	151.748	148.240	148.347	
2009-09-05T06:00:00	152.540	153.286	150.525	151.184	152.485	153.254	150.484	151.135	
2009-08-29T06:00:00	152.324	152.793	149.059	152.540	152.268	152.753	149.017	152.485	
2009-08-22T06:00:00	155.534	156.857	151.094	152.324	155.485	156.810	151.051	152.268	
2009-08-15T06:00:00	156.758	157.565	153.488	155.534	156.708	157.516	153.450	155.485	
2009-08-08T06:00:00	162.707	163.072	156.007	156.758	162.648	162.966	155.966	156.708	
2009-08-01T06:00:00	158.094	163.131	158.094	162.707	158.044	163.084	158.044	162.648	
2009-07-25T06:00:00	155.705	158.621	153.893	158.094	155.642	158.582	153.850	158.044	
2009-07-18T06:00:00	154.236	157.654	152.355	155.705	154.181	157.612	152.312	155.642	
2009-07-11T06:00:00	149.804	155.205	147.157	154.236	149.755	155.161	147.129	154.181	
2009-07-04T06:00:00	156.900	157.006	146.783	149.804	156.829	156.879	146.740	149.755	
2009-06-27T06:00:00	157.352	160.312	156.442	156.900	157.284	160.271	156.402	156.829	
2009-06-20T06:00:00	158.742	158.979	154.107	157.352	158.668	158.882	154.060	157.284	
2009-06-13T06:00:00	161.652	161.954	155.006	158.742	161.593	161.855	154.961	158.668	
2009-06-06T06:00:00	157.964	162.629	155.568	161.652	157.907	162.582	155.528	161.593	
2009-05-30T06:00:00	154.054	160.507	153.524	157.964	154.005	160.469	153.475	157.907	
2009-05-23T06:00:00	150.860	155.777	149.604	154.054	150.792	155.733	149.558	154.005	
2009-05-16T06:00:00	144.316	151.123	143.074	150.860	144.254	151.075	143.026	150.792	
2009-05-09T06:00:00	150.046	150.592	143.398	144.316	149.979	150.446	143.364	144.254	
2009-05-02T06:00:00	148.060	150.929	146.997	150.046	148.004	150.880	146.954	149.979	
2009-04-25T06:00:00	142.384	148.390	139.042	148.060	142.313	148.341	139.009	148.004	
2009-04-18T06:00:00	146.764	147.127	140.622	142.384	146.691	147.071	140.593	142.313	
2009-04-11T06:00:00	147.069	149.887	145.894	146.764	146.947	149.839	145.837	146.691	
2009-04-04T06:00:00	148.664	151.556	145.758	147.069	148.634	151.524	145.723	146.947	
2009-03-28T06:00:00	140.073	148.757	135.749	148.664	140.034	148.739	135.713	148.634	
2009-03-21T06:00:00	138.509	145.099	138.254	140.073	138.479	145.075	138.030	140.034	
2009-03-14T06:00:00	137.034	140.034	135.074	138.509	137.004	140.009	134.827	138.479	
2009-03-07T07:00:00	138.344	139.370	131.508	137.034	138.295	139.330	131.467	137.004	
2009-02-28T07:00:00	139.739	141.534	135.569	138.344	139.710	141.505	135.540	138.295	
2009-02-21T07:00:00	134.239	141.809	133.854	139.739	134.210	141.775	133.795	139.710	
2009-02-14T07:00:00	132.464	136.396	129.644	134.239	132.435	136.375	129.620	134.210	
2009-02-07T07:00:00	136.284	137.404	127.149	132.464	136.250	137.340	127.115	132.435	
2009-01-31T07:00:00	130.204	136.824	125.344	136.284	130.170	136.790	125.317	136.250	
2009-01-24T07:00:00	122.664	130.602	119.754	130.204	122.630	130.570	119.641	130.170	
2009-01-17T07:00:00	133.609	135.941	118.839	122.664	133.565	135.875	118.805	122.630	
2009-01-10T07:00:00	136.884	136.884	128.867	133.609	136.850	136.850	128.835	133.565	
2009-01-03T07:00:00	133.819	141.599	132.879	136.884	133.780	141.570	132.823	136.850	
2008-12-27T07:00:00	132.924	133.868	129.914	133.819	132.850	133.805	129.852	133.780	
2008-12-20T07:00:00	132.974	134.733	132.059	132.924	132.925	134.665	132.015	132.850	
2008-12-13T07:00:00	136.104	139.269	132.374	132.974	136.055	139.250	132.275	132.925	
2008-12-06T07:00:00	137.097	140.774	132.389	136.104	137.040	140.750	132.245	136.055	
2008-11-29T07:00:00	147.276	147.276	133.330	137.097	147.184	147.184	133.254	137.040	
2008-11-22T07:00:00	142.709	148.659	141.229	147.276	142.635	148.615	141.153	147.184	
2008-11-15T07:00:00	143.712	147.919	137.699	142.709	143.670	147.890	137.668	142.635	
2008-11-08T07:00:00	154.122	157.593	138.936	143.712	154.047	157.537	138.857	143.670	
2008-11-01T06:00:00	158.695	163.393	150.362	154.122	158.631	163.306	150.294	154.047	
2008-10-25T06:00:00	150.531	165.152	140.692	158.695	150.440	165.042	140.633	158.631	
2008-10-18T06:00:00	175.610	179.252	139.274	150.531	175.536	179.192	139.110	150.440	
2008-10-11T06:00:00	171.012	181.438	168.794	175.610	170.867	181.380	168.635	175.536	
2008-10-04T06:00:00	186.697	186.697	166.050	171.012	186.602	186.602	165.951	170.867	
2008-09-27T06:00:00	195.562	195.562	184.722	186.697	195.487	195.487	184.647	186.602	
2008-09-20T06:00:00	196.922	197.492	193.214	195.562	196.837	197.431	193.143	195.487	
2008-09-13T06:00:00	193.569	197.142	184.532	196.922	193.499	197.050	184.465	196.837	
2008-09-06T06:00:00	189.169	195.703	185.932	193.569	189.115	195.657	185.887	193.499	
2008-08-30T06:00:00	198.391	198.391	186.299	189.169	198.332	198.332	186.145	189.115	
2008-08-23T06:00:00	203.737	203.882	197.662	198.391	203.684	203.783	197.611	198.332	
2008-08-16T06:00:00	205.906	206.310	201.817	203.737	205.853	206.251	201.776	203.684	
2008-08-09T06:00:00	211.619	211.619	202.551	205.906	211.581	211.581	202.508	205.853	
2008-08-02T06:00:00	212.673	213.973	210.622	211.619	212.614	213.929	210.529	211.581	
2008-07-26T06:00:00	214.789	214.924	212.052	212.673	214.741	214.875	211.999	212.614	
2008-07-19T06:00:00	213.693	215.925	211.644	214.789	213.634	215.882	211.599	214.741	
2008-07-12T06:00:00	211.409	213.739	208.044	213.693	211.362	213.689	207.985	213.634	
2008-07-05T06:00:00	211.661	212.476	210.276	211.409	211.602	212.430	210.221	211.362	
2008-06-28T06:00:00	211.777	212.356	209.440	211.661	211.745	212.302	209.395	211.602	
2008-06-21T06:00:00	212.050	213.962	210.639	211.777	212.008	213.909	210.556	211.745	
2008-06-14T06:00:00	210.766	213.336	210.414	212.050	210.717	213.291	210.282	212.008	
2008-06-07T06:00:00	206.863	210.861	205.811	210.766	206.816	210.823	205.662	210.717	
2008-05-31T06:00:00	208.853	208.853	204.029	206.863	208.808	208.808	203.975	206.816	
2008-05-24T06:00:00	204.609	208.998	204.324	208.853	204.550	208.950	204.255	208.808	
2008-05-17T06:00:00	203.559	206.590	202.654	204.609	203.501	206.547	202.615	204.550	
2008-05-10T06:00:00	201.045	205.018	200.233	203.559	201.002	204.959	200.153	203.501	
2008-05-03T06:00:00	207.989	208.360	199.834	201.045	207.935	208.325	199.767	201.002	
2008-04-26T06:00:00	207.068	209.091	203.513	207.989	207.035	209.025	203.460	207.935	
2008-04-19T06:00:00	206.888	208.164	203.391	207.068	206.829	208.105	203.345	207.035	
2008-04-12T06:00:00	198.961	209.053	198.120	206.888	198.885	209.003	198.061	206.829	
2008-04-05T06:00:00	202.531	204.495	198.114	198.961	202.455	204.437	198.057	198.885	
2008-03-29T06:00:00	197.826	205.224	196.897	202.531	197.773	205.122	196.838	202.455	
2008-03-22T06:00:00	197.164	201.794	196.834	197.826	197.005	201.768	196.715	197.773	
2008-03-15T06:00:00	200.901	201.894	192.644	197.164	200.822	201.785	192.475	197.005	
2008-03-08T07:00:00	207.214	208.031	199.958	200.901	207.155	207.975	199.877	200.822	
2008-03-01T07:00:00	206.473	208.034	203.540	207.214	206.414	207.983	203.488	207.155	
2008-02-23T07:00:00	210.947	213.565	206.012	206.473	210.890	213.485	205.963	206.414	
2008-02-16T07:00:00	211.422	212.023	208.819	210.947	211.360	211.965	208.761	210.890	
2008-02-09T07:00:00	208.894	213.920	206.857	211.422	208.850	213.874	206.785	211.360	
2008-02-02T07:00:00	209.607	212.145	205.949	208.894	209.538	212.099	205.880	208.850	
2008-01-26T07:00:00	211.730	213.771	208.883	209.607	211.675	213.695	208.834	209.538	
2008-01-19T07:00:00	208.450	214.082	204.665	211.730	208.399	214.045	204.606	211.675	
2008-01-12T07:00:00	213.244	213.504	207.064	208.450	213.197	213.445	207.013	208.399	
2008-01-05T07:00:00	213.878	217.363	212.053	213.244	213.821	217.325	211.984	213.197	
2007-12-29T07:00:00	224.514	224.994	213.533	213.878	224.447	224.885	213.474	213.821	
2007-12-22T07:00:00	226.383	228.449	224.390	224.514	226.318	228.375	224.302	224.447	
2007-12-15T07:00:00	228.806	229.183	223.619	226.383	228.748	229.149	223.550	226.318	
2007-12-08T07:00:00	226.983	230.423	224.828	228.806	226.925	230.345	224.769	228.748	
2007-12-01T07:00:00	228.484	228.539	223.745	226.983	228.426	228.486	223.698	226.925	
2007-11-24T07:00:00	223.303	229.394	221.979	228.484	223.225	229.346	221.894	228.426	
2007-11-17T07:00:00	227.682	228.420	221.339	223.303	227.623	228.345	221.271	223.225	
2007-11-10T07:00:00	231.494	232.482	224.003	227.682	231.395	232.423	223.915	227.623	
2007-11-03T06:00:00	239.953	239.964	231.186	231.494	239.894	239.894	231.135	231.395	
2007-10-27T06:00:00	234.564	241.430	234.262	239.953	234.475	241.371	234.161	239.894	
2007-10-20T06:00:00	235.124	235.889	230.357	234.564	235.047	235.844	230.269	234.475	
2007-10-13T06:00:00	239.233	240.764	234.903	235.124	239.185	240.685	234.815	235.047	
2007-10-06T06:00:00	238.760	240.434	237.022	239.233	238.701	240.375	236.975	239.185	
2007-09-29T06:00:00	235.054	238.944	234.770	238.760	234.995	238.895	234.665	238.701	
2007-09-22T06:00:00	233.144	235.111	229.790	235.054	233.085	235.055	229.735	234.995	
2007-09-15T06:00:00	231.350	234.314	228.262	233.144	231.291	234.273	228.203	233.085	
2007-09-08T06:00:00	230.104	234.844	228.324	231.350	230.025	234.785	228.225	231.291	
2007-09-01T06:00:00	233.484	234.864	229.194	230.104	233.425	234.805	229.135	230.025	
2007-08-25T06:00:00	234.354	235.604	227.474	233.484	234.265	235.545	227.405	233.425	
2007-08-18T06:00:00	226.414	234.964	224.894	234.354	226.285	234.905	224.845	234.265	
2007-08-11T06:00:00	239.804	239.904	219.414	226.414	239.725	239.815	219.275	226.285	
2007-08-04T06:00:00	241.044	244.134	236.344	239.804	240.955	244.075	236.285	239.725	
2007-07-28T06:00:00	240.674	243.174	237.664	241.044	240.615	243.125	237.605	240.955	
2007-07-21T06:00:00	249.154	250.344	240.164	240.674	249.105	250.205	240.105	240.615	
2007-07-14T06:00:00	248.184	251.164	247.654	249.154	248.145	251.105	247.585	249.105	
2007-07-07T06:00:00	248.214	249.014	245.114	248.184	248.145	248.965	245.035	248.145	
2007-06-30T06:00:00	247.314	248.214	246.114	248.214	247.235	248.145	246.035	248.145	
2007-06-23T06:00:00	247.484	247.894	244.054	247.314	247.405	247.815	243.975	247.235	
2007-06-16T06:00:00	243.904	248.014	243.904	247.484	243.825	247.935	243.825	247.405	
2007-06-09T06:00:00	239.634	244.434	239.014	243.904	239.555	244.355	238.935	243.825	
2007-06-02T06:00:00	241.974	243.074	237.734	239.634	241.895	242.995	237.655	239.555	
2007-05-26T06:00:00	241.624	242.094	239.824	241.974	241.545	242.015	239.745	241.895	
2007-05-19T06:00:00	239.204	241.944	239.064	241.624	239.125	241.865	238.985	241.545	
2007-05-12T06:00:00	238.144	239.974	237.804	239.204	238.065	239.895	237.725	239.125	
2007-05-05T06:00:00	239.474	239.844	236.494	238.144	239.395	239.765	236.415	238.065	
2007-04-28T06:00:00	238.814	239.844	237.834	239.474	238.735	239.765	237.755	239.395	
2007-04-21T06:00:00	237.914	239.484	236.044	238.814	237.835	239.405	235.965	238.735	
2007-04-14T06:00:00	236.804	239.514	235.294	237.914	236.725	239.435	235.215	237.835	
2007-04-07T06:00:00	234.394	237.044	233.724	236.804	234.315	236.965	233.645	236.725	
2007-03-31T06:00:00	231.934	235.184	231.294	234.394	231.855	235.105	231.215	234.315	
2007-03-24T06:00:00	231.704	233.074	228.844	231.934	231.625	232.995	228.765	231.855	
2007-03-17T06:00:00	226.794	232.424	225.454	231.704	226.715	232.345	225.375	231.625	
2007-03-10T07:00:00	228.464	229.794	222.704	226.794	228.385	229.715	222.625	226.715	
2007-03-03T07:00:00	227.174	228.814	221.164	228.464	227.095	228.735	221.085	228.385	
2007-02-24T07:00:00	237.704	237.904	226.624	227.174	237.625	237.825	226.545	227.095	
2007-02-17T07:00:00	232.784	238.244	232.184	237.704	232.705	238.165	232.105	237.625	
2007-02-10T07:00:00	237.364	238.624	232.194	232.784	237.285	238.545	232.115	232.705	
2007-02-03T07:00:00	238.134	238.964	235.434	237.364	238.055	238.885	235.355	237.285	
2007-01-27T07:00:00	238.154	240.124	236.424	238.134	238.165	240.045	236.345	238.055	
2007-01-20T07:00:00	239.214	241.484	236.324	238.154	239.225	241.495	236.335	238.165	
2007-01-13T07:00:00	235.694	240.014	234.954	239.214	235.705	240.025	234.965	239.225	
2007-01-06T07:00:00	229.014	235.944	228.044	235.694	229.025	235.955	228.055	235.705	
2006-12-30T07:00:00	233.134	234.814	228.584	229.014	233.055	234.825	228.595	229.025	
2006-12-23T07:00:00	232.764	233.964	231.614	233.134	232.685	233.885	231.535	233.055	
2006-12-16T07:00:00	230.474	233.314	229.474	232.764	230.395	233.235	229.395	232.685	
2006-12-09T07:00:00	227.294	231.864	227.034	230.474	227.215	231.785	226.955	230.395	
2006-12-02T07:00:00	228.644	229.054	225.764	227.294	228.565	228.975	225.685	227.215	
2006-11-25T07:00:00	223.724	229.124	223.714	228.644	223.645	229.045	223.635	228.565	
2006-11-18T07:00:00	223.174	224.354	222.424	223.724	223.095	224.275	222.345	223.645	
2006-11-11T07:00:00	224.754	224.864	222.564	223.174	224.675	224.785	222.485	223.095	
2006-11-04T07:00:00	224.354	225.364	224.014	224.754	224.275	225.285	223.935	224.675	
2006-10-28T06:00:00	223.084	224.614	222.524	224.354	223.005	224.535	222.445	224.275	
2006-10-21T06:00:00	223.594	224.434	222.634	223.084	223.515	224.355	222.555	223.005	
2006-10-14T06:00:00	222.194	223.824	221.294	223.594	222.115	223.745	221.215	223.515	
2006-10-07T06:00:00	222.574	223.204	221.584	222.194	222.585	223.125	221.505	222.115	
2006-09-30T06:00:00	221.194	222.984	220.514	222.574	221.115	222.905	220.435	222.585	
2006-09-23T06:00:00	221.554	222.304	220.014	221.194	221.475	222.225	219.935	221.115	
2006-09-16T06:00:00	221.094	222.314	220.064	221.554	221.015	222.235	219.985	221.475	
2006-09-09T06:00:00	218.064	222.174	217.684	221.094	217.985	222.095	217.605	221.015	
2006-09-02T06:00:00	223.284	223.294	217.444	218.064	223.205	223.215	217.365	217.985	
2006-08-26T06:00:00	221.394	223.894	221.014	223.284	221.315	223.815	220.935	223.205	
2006-08-19T06:00:00	217.874	221.714	217.764	221.394	217.795	221.635	217.685	221.315	
2006-08-12T06:00:00	219.784	220.624	217.534	217.874	219.795	220.545	217.455	217.795	
2006-08-05T06:00:00	218.304	220.284	217.724	219.784	218.315	220.295	217.735	219.795	
2006-07-29T06:00:00	213.754	218.494	212.934	218.304	213.765	218.505	212.945	218.315	
2006-07-22T06:00:00	215.944	216.434	213.664	213.754	215.955	216.355	213.675	213.765	
2006-07-15T06:00:00	213.514	216.524	212.544	215.944	213.525	216.535	212.555	215.955	
2006-07-08T06:00:00	210.884	213.694	209.524	213.514	210.895	213.705	209.535	213.525	
2006-07-01T06:00:00	211.594	212.564	210.714	210.884	211.605	212.485	210.725	210.895	
2006-06-24T06:00:00	211.924	212.344	209.834	211.594	211.935	212.355	209.845	211.605	
2006-06-17T06:00:00	212.904	213.694	210.874	211.924	212.915	213.705	210.885	211.935	
2006-06-10T06:00:00	209.844	213.224	209.764	212.904	209.765	213.235	209.765	212.915	
2006-06-03T06:00:00	210.254	211.224	209.634	209.844	210.175	211.145	209.555	209.765	
2006-05-27T06:00:00	209.274	211.524	208.794	210.254	209.195	211.445	208.715	210.175	
2006-05-20T06:00:00	209.874	211.334	208.644	209.274	209.795	211.255	208.565	209.195	
2006-05-13T06:00:00	208.544	210.284	206.514	209.874	208.465	210.205	206.435	209.795	
2006-05-06T06:00:00	209.074	209.404	205.474	208.544	208.995	209.325	205.395	208.465	
2006-04-29T06:00:00	207.534	211.074	206.274	209.074	207.455	210.995	206.195	208.995	
2006-04-22T06:00:00	207.974	207.974	203.864	207.534	207.895	207.895	203.785	207.455	
2006-04-15T06:00:00	207.804	210.864	207.574	207.974	207.725	210.785	207.495	207.895	
2006-04-08T06:00:00	206.284	208.004	205.764	207.804	206.205	207.925	205.685	207.725	
2006-04-01T07:00:00	204.534	206.954	204.164	206.284	204.455	206.875	204.085	206.205	
2006-03-25T07:00:00	204.824	205.884	203.204	204.534	204.745	205.805	203.125	204.455	
2006-03-18T07:00:00	203.424	205.784	202.824	204.824	203.435	205.705	202.745	204.745	
2006-03-11T07:00:00	205.404	206.144	203.204	203.424	205.415	206.155	203.215	203.435	
2006-03-04T07:00:00	204.184	206.134	203.694	205.404	204.105	206.055	203.705	205.415	
2006-02-25T07:00:00	203.774	204.764	201.734	204.184	203.785	204.685	201.655	204.105	
2006-02-18T07:00:00	205.924	207.824	203.624	203.774	205.845	207.745	203.635	203.785	
2006-02-11T07:00:00	205.664	206.374	202.994	205.924	205.585	206.295	202.915	205.845	
2006-02-04T07:00:00	209.464	209.724	204.884	205.664	209.385	209.645	204.805	205.585	
2006-01-28T07:00:00	207.354	211.204	207.064	209.464	207.275	211.125	206.985	209.385	
2006-01-21T07:00:00	204.164	208.234	203.494	207.354	204.085	208.155	203.415	207.275	
2006-01-14T07:00:00	202.934	204.524	202.094	204.164	202.855	204.445	202.015	204.085	
2006-01-07T07:00:00	202.614	203.254	200.634	202.934	202.535	203.175	200.555	202.855	
2005-12-31T07:00:00	203.004	204.824	202.194	202.614	202.925	204.745	202.115	202.535	
2005-12-24T07:00:00	201.674	203.884	201.284	203.004	201.595	203.805	201.205	202.925	
2005-12-17T07:00:00	205.084	206.604	201.204	201.674	205.005	206.525	201.125	201.595	
2005-12-10T07:00:00	211.754	213.084	204.014	205.084	211.675	213.005	203.935	205.005	
2005-12-03T07:00:00	208.974	211.894	208.924	211.754	208.895	211.815	208.845	211.675	
2005-11-26T07:00:00	205.104	209.754	204.434	208.974	205.025	209.675	204.355	208.895	
2005-11-19T07:00:00	204.614	205.744	203.554	205.104	204.625	205.665	203.475	205.025	
2005-11-12T07:00:00	205.444	207.104	203.724	204.614	205.365	207.115	203.735	204.625	
2005-11-05T07:00:00	207.284	207.284	203.844	205.444	207.205	207.205	203.765	205.365	
2005-10-29T06:00:00	205.204	208.194	204.934	207.284	205.125	208.115	204.855	207.205	
2005-10-22T06:00:00	204.944	206.444	203.784	205.204	204.865	206.365	203.705	205.125	
2005-10-15T06:00:00	201.844	205.654	201.264	204.944	201.765	205.575	201.185	204.865	
2005-10-08T06:00:00	200.354	201.894	199.244	201.844	200.275	201.815	199.165	201.765	
2005-10-01T06:00:00	200.244	202.104	199.834	200.354	200.165	202.025	199.755	200.275	
2005-09-24T06:00:00	199.924	200.754	198.974	200.244	199.845	200.675	198.895	200.165	
2005-09-17T06:00:00	201.394	202.104	198.914	199.924	201.315	202.025	198.835	199.845	
2005-09-10T06:00:00	201.824	202.324	199.134	201.394	201.745	202.245	199.055	201.315	
2005-09-03T06:00:00	202.224	203.554	201.044	201.824	202.145	203.475	200.965	201.745	
2005-08-27T06:00:00	198.534	202.454	198.274	202.224	198.455	202.375	198.195	202.145	
2005-08-20T06:00:00	198.424	198.854	196.844	198.534	198.345	198.775	196.765	198.455	
2005-08-13T06:00:00	198.504	199.414	197.394	198.424	198.425	199.335	197.315	198.345	
2005-08-06T06:00:00	199.304	200.324	198.094	198.504	199.225	200.245	198.015	198.425	
2005-07-30T06:00:00	197.634	199.324	196.964	199.304	197.555	199.245	196.885	199.225	
2005-07-23T06:00:00	193.524	197.694	193.324	197.634	193.445	197.615	193.245	197.555	
2005-07-16T06:00:00	196.644	197.034	192.714	193.524	196.565	196.955	192.635	193.445	
2005-07-09T06:00:00	194.824	197.764	194.794	196.644	194.745	197.685	194.715	196.565	
2005-07-02T06:00:00	197.664	197.664	194.564	194.824	197.585	197.585	194.485	194.745	
2005-06-25T06:00:00	198.964	200.434	197.124	197.664	198.885	200.355	197.045	197.585	
2005-06-18T06:00:00	198.824	199.844	197.474	198.964	198.745	199.765	197.395	198.885	
2005-06-11T06:00:00	196.874	199.364	196.424	198.824	196.795	199.285	196.345	198.745	
2005-06-04T06:00:00	195.354	196.964	194.204	196.874	195.275	196.885	194.125	196.795	
2005-05-28T06:00:00	196.954	197.434	195.334	195.354	196.875	197.355	195.255	195.275	
2005-05-21T06:00:00	197.584	197.934	196.154	196.954	197.505	197.855	196.075	196.875	
2005-05-14T06:00:00	198.804	199.094	195.664	197.584	198.725	199.015	195.585	197.505	
2005-05-07T06:00:00	198.484	199.484	197.754	198.804	198.405	199.405	197.675	198.725	
2005-04-30T06:00:00	199.994	200.874	197.974	198.484	199.915	200.795	197.895	198.405	
2005-04-23T06:00:00	202.994	203.034	199.794	199.994	202.915	202.955	199.715	199.915	
2005-04-16T06:00:00	203.974	205.374	202.514	202.994	203.895	205.295	202.435	202.915	
2005-04-09T06:00:00	204.214	204.724	202.714	203.974	204.135	204.645	202.635	203.895	
2005-04-02T07:00:00	202.384	204.514	202.174	204.214	202.305	204.435	202.095	204.135	
2005-03-26T07:00:00	198.904	203.044	198.554	202.384	198.825	202.965	198.475	202.305	
2005-03-19T07:00:00	201.164	201.464	197.584	198.904	201.085	201.385	197.505	198.825	
2005-03-12T07:00:00	200.144	201.614	199.674	201.164	200.065	201.535	199.595	201.085	
2005-03-05T07:00:00	201.524	202.104	199.624	200.144	201.445	202.025	199.545	200.065	
2005-02-26T07:00:00	201.794	201.974	200.014	201.524	201.715	201.895	199.935	201.445	
2005-02-19T07:00:00	200.184	202.064	198.304	201.794	200.105	201.985	198.225	201.715	
2005-02-12T07:00:00	197.654	200.644	196.424	200.184	197.585	200.565	196.355	200.105	
2005-02-05T07:00:00	195.134	198.044	194.544	197.654	195.055	197.975	194.465	197.585	
2005-01-29T07:00:00	195.204	197.054	194.744	195.134	195.125	196.975	194.665	195.055	
2005-01-22T07:00:00	193.054	195.434	192.514	195.204	192.975	195.355	192.435	195.125	
2005-01-15T07:00:00	190.794	194.344	189.614	193.054	190.715	194.265	189.535	192.975	
2005-01-08T07:00:00	195.944	196.374	190.084	190.794	195.865	196.295	190.005	190.715	
2005-01-01T07:00:00	196.914	197.404	195.144	195.944	196.835	197.325	195.065	195.865	
2004-12-25T07:00:00	199.474	200.114	196.754	196.914	199.395	200.035	196.675	196.835	
2004-12-18T07:00:00	202.414	203.514	198.644	199.474	202.335	203.435	198.565	199.395	
2004-12-11T07:00:00	201.474	203.764	200.724	202.414	201.395	203.685	200.645	202.335	
2004-12-04T07:00:00	198.404	202.414	198.064	201.474	198.325	202.335	197.985	201.395	
2004-11-27T07:00:00	194.424	199.214	193.964	198.404	194.345	199.135	193.885	198.325	
2004-11-20T07:00:00	191.554	195.084	191.054	194.424	191.465	195.005	190.975	194.345	
2004-11-13T07:00:00	195.994	196.244	190.994	191.554	195.905	196.155	190.905	191.465	
2004-11-06T07:00:00	196.104	198.044	195.254	195.994	196.015	197.955	195.165	195.905	
2004-10-30T06:00:00	194.514	196.864	194.514	196.104	194.425	196.775	194.425	196.015	
2004-10-23T06:00:00	195.934	196.944	193.854	194.514	195.845	196.855	193.765	194.425	
2004-10-16T06:00:00	197.014	197.584	195.274	195.934	196.925	197.495	195.185	195.845	
2004-10-09T06:00:00	196.384	197.394	195.954	197.014	196.295	197.305	195.865	196.925	
2004-10-02T06:00:00	198.644	199.274	196.184	196.384	198.555	199.185	196.095	196.295	
2004-09-25T06:00:00	199.624	202.554	197.684	198.644	199.535	202.465	197.595	198.555	
2004-09-18T06:00:00	197.144	200.254	195.794	199.624	197.055	200.165	195.705	199.535	
2004-09-11T06:00:00	196.914	198.724	195.124	197.144	196.825	198.635	195.035	197.055	
2004-09-04T06:00:00	196.174	197.484	193.734	196.914	196.085	197.395	193.645	196.825	
2004-08-28T06:00:00	196.334	197.964	195.054	196.174	196.245	197.875	194.965	196.085	
2004-08-21T06:00:00	198.624	199.444	195.764	196.334	198.535	199.355	195.675	196.245	
2004-08-14T06:00:00	203.984	204.854	198.444	198.624	203.895	204.765	198.355	198.535	
2004-08-07T06:00:00	203.164	204.174	201.944	203.984	203.175	204.085	201.855	203.895	
2004-07-31T06:00:00	202.534	204.484	201.394	203.164	202.445	204.395	201.305	203.175	
2004-07-24T06:00:00	201.844	204.254	201.104	202.534	201.755	204.165	201.015	202.445	
2004-07-17T06:00:00	203.644	204.194	200.554	201.844	203.555	204.105	200.465	201.755	
2004-07-10T06:00:00	201.454	203.994	200.154	203.644	201.365	203.905	200.065	203.555	
2004-07-03T06:00:00	198.674	202.324	198.284	201.454	198.585	202.235	198.195	201.365	
2004-06-26T06:00:00	196.594	199.084	195.444	198.674	196.505	198.995	195.355	198.585	
2004-06-19T06:00:00	200.184	200.384	194.674	196.594	200.095	200.295	194.585	196.505	
2004-06-12T06:00:00	200.274	202.154	199.434	200.184	200.185	202.065	199.345	200.095	
2004-06-05T06:00:00	204.274	204.594	198.934	200.274	204.185	204.505	198.845	200.185	
2004-05-29T06:00:00	202.224	205.384	200.154	204.274	202.135	205.295	200.065	204.185	
2004-05-22T06:00:00	200.744	204.074	200.284	202.224	200.755	203.985	200.195	202.135	
2004-05-15T06:00:00	200.974	202.884	199.444	200.744	200.985	202.895	199.455	200.755	
2004-05-08T06:00:00	200.524	202.434	197.814	200.974	200.435	202.445	197.825	200.985	
2004-05-01T06:00:00	196.494	200.804	194.104	200.524	196.405	200.715	194.015	200.435	
2004-04-24T06:00:00	193.204	196.774	192.894	196.494	193.215	196.685	192.805	196.405	
2004-04-17T06:00:00	193.654	196.734	192.514	193.204	193.665	196.645	192.425	193.215	
2004-04-10T06:00:00	194.964	195.314	192.454	193.654	194.975	195.325	192.465	193.665	
2004-04-03T07:00:00	191.344	195.544	190.044	194.964	191.355	195.555	190.055	194.975	
2004-03-27T07:00:00	192.224	194.024	189.634	191.344	192.235	194.035	189.645	191.355	
2004-03-20T07:00:00	195.464	198.084	190.174	192.224	195.475	198.095	190.185	192.235	
2004-03-13T07:00:00	199.844	200.824	194.404	195.464	199.855	200.835	194.415	195.475	
2004-03-06T07:00:00	206.814	208.054	198.374	199.844	206.825	208.065	198.385	199.855	
2004-02-28T07:00:00	203.404	207.364	199.924	206.814	203.415	207.375	199.935	206.825	
2004-02-21T07:00:00	202.814	205.824	200.714	203.404	202.825	205.835	200.725	203.415	
2004-02-14T07:00:00	198.774	203.814	198.294	202.814	198.785	203.825	198.305	202.825	
2004-02-07T07:00:00	194.694	199.994	194.204	198.774	194.705	200.005	194.215	198.785	
2004-01-31T07:00:00	192.934	196.124	191.474	194.694	192.945	196.135	191.485	194.705	
2004-01-24T07:00:00	194.554	194.624	190.874	192.934	194.565	194.635	190.885	192.945	
2004-01-17T07:00:00	191.644	196.494	191.004	194.554	191.655	196.505	191.015	194.565	
2004-01-10T07:00:00	196.594	197.744	191.344	191.644	196.605	197.755	191.355	191.655	
2004-01-03T07:00:00	191.674	198.134	190.974	196.594	191.685	198.145	190.985	196.605	
2003-12-27T07:00:00	190.304	191.924	189.194	191.674	190.315	191.935	189.205	191.685	
2003-12-20T07:00:00	190.394	190.584	188.914	190.304	190.405	190.595	188.925	190.315	
2003-12-13T07:00:00	188.124	191.024	187.464	190.394	188.135	191.035	187.475	190.405	
2003-12-06T07:00:00	186.154	189.194	185.534	188.124	186.165	189.205	185.545	188.135	
2003-11-29T07:00:00	188.604	189.634	185.864	186.154	188.615	189.645	185.875	186.165	
2003-11-22T07:00:00	185.214	188.684	184.554	188.604	185.225	188.695	184.565	188.615	
2003-11-15T07:00:00	182.684	186.064	182.614	185.214	182.695	186.075	182.625	185.225	
2003-11-08T07:00:00	182.964	183.544	180.324	182.684	182.975	183.555	180.335	182.695	
2003-11-01T07:00:00	186.194	187.324	182.244	182.964	186.205	187.335	182.255	182.975	
2003-10-25T06:00:00	185.414	186.974	182.854	186.194	185.425	186.985	182.865	186.205	
2003-10-18T06:00:00	183.464	186.484	182.584	185.414	183.475	186.495	182.595	185.425	
2003-10-11T06:00:00	180.644	184.124	179.374	183.464	180.655	184.135	179.385	183.475	
2003-10-04T06:00:00	184.164	186.204	180.084	180.644	184.175	186.215	180.095	180.655	
2003-09-27T06:00:00	185.364	186.254	183.194	184.164	185.375	186.265	183.205	184.175	
2003-09-20T06:00:00	186.974	186.974	183.224	185.364	186.985	186.985	183.235	185.375	
2003-09-13T06:00:00	188.054	188.864	184.024	186.974	188.065	188.875	184.035	186.985	
2003-09-06T06:00:00	185.694	188.504	183.554	188.054	185.705	188.515	183.565	188.065	
2003-08-30T06:00:00	184.144	186.154	181.234	185.694	184.155	186.165	181.245	185.705	
2003-08-23T06:00:00	185.184	185.524	183.324	184.144	185.195	185.535	183.335	184.155	
2003-08-16T06:00:00	190.174	190.634	184.264	185.184	190.185	190.645	184.275	185.195	
2003-08-09T06:00:00	190.694	192.474	189.384	190.174	190.705	192.485	189.395	190.185	
2003-08-02T06:00:00	193.114	194.424	190.564	190.694	193.125	194.435	190.575	190.705	
2003-07-26T06:00:00	192.534	194.984	192.294	193.114	192.545	194.995	192.305	193.125	
2003-07-19T06:00:00	188.144	192.874	186.244	192.534	188.155	192.885	186.255	192.545	
2003-07-12T06:00:00	191.844	192.534	186.214	188.144	191.855	192.545	186.225	188.155	
2003-07-05T06:00:00	196.804	196.994	190.914	191.844	196.815	197.005	190.925	191.855	
2003-06-28T06:00:00	197.284	198.924	196.054	196.804	197.295	198.935	196.065	196.815	
2003-06-21T06:00:00	196.524	198.804	195.174	197.284	196.535	198.815	195.185	197.295	
2003-06-14T06:00:00	196.444	199.604	196.104	196.524	196.455	199.615	196.115	196.535	
2003-06-07T06:00:00	197.234	197.444	193.684	196.444	197.245	197.455	193.695	196.455	
2003-05-31T06:00:00	195.164	197.794	192.744	197.234	195.175	197.805	192.755	197.245	
2003-05-24T06:00:00	191.194	196.124	190.594	195.164	191.205	196.135	190.605	195.175	
2003-05-17T06:00:00	188.134	193.024	187.244	191.194	188.145	193.035	187.255	191.205	
2003-05-10T06:00:00	187.954	189.084	186.824	188.134	187.965	189.095	186.835	188.145	
2003-05-03T06:00:00	190.844	191.004	185.024	187.954	190.855	191.015	185.035	187.965	
2003-04-26T06:00:00	191.194	192.014	189.214	190.844	191.205	192.025	189.225	190.855	
2003-04-19T06:00:00	188.034	192.374	187.764	191.194	188.045	192.385	187.775	191.205	
2003-04-12T06:00:00	189.224	190.154	187.684	188.034	189.235	190.165	187.695	188.045	
2003-04-05T07:00:00	187.204	189.604	185.464	189.224	187.215	189.615	185.475	189.235	
2003-03-29T07:00:00	188.514	189.274	185.744	187.204	188.525	189.285	185.755	187.215	
2003-03-22T07:00:00	189.824	190.344	187.334	188.514	189.835	190.355	187.345	188.525	
2003-03-15T07:00:00	187.274	190.574	184.794	189.824	187.285	190.585	184.805	189.835	
2003-03-08T07:00:00	187.564	190.564	185.754	187.274	187.575	190.575	185.765	187.285	
2003-03-01T07:00:00	185.844	188.604	184.664	187.564	185.855	188.615	184.675	187.575	
2003-02-22T07:00:00	187.624	187.744	183.954	185.844	187.635	187.755	183.965	185.855	
2003-02-15T07:00:00	194.194	194.434	187.304	187.624	194.205	194.445	187.315	187.635	
2003-02-08T07:00:00	196.154	197.514	193.364	194.194	196.165	197.525	193.375	194.205	
2003-02-01T07:00:00	197.384	198.514	195.104	196.154	197.395	198.525	195.115	196.165	
2003-01-25T07:00:00	192.424	197.564	192.254	197.384	192.435	197.575	192.265	197.395	
2003-01-18T07:00:00	189.784	192.884	189.594	192.424	189.795	192.895	189.605	192.435	
2003-01-11T07:00:00	191.574	191.944	188.664	189.784	191.585	191.955	188.675	189.795	
2003-01-04T07:00:00	192.644	193.384	191.034	191.574	192.655	193.395	191.045	191.585	
2002-12-28T07:00:00	192.254	192.844	189.704	192.644	192.265	192.855	189.715	192.655	
2002-12-21T07:00:00	193.044	193.044	191.044	192.254	193.055	193.055	191.055	192.265	
2002-12-14T07:00:00	191.564	194.454	191.174	193.044	191.575	194.465	191.185	193.055	
2002-12-07T07:00:00	194.714	195.334	191.104	191.564	194.725	195.345	191.115	191.575	
2002-11-30T07:00:00	190.724	197.214	190.674	194.714	190.735	197.225	190.685	194.725	
2002-11-23T07:00:00	193.984	194.304	187.604	190.724	193.995	194.315	187.615	190.735	
2002-11-16T07:00:00	190.364	194.404	190.154	193.984	190.375	194.415	190.165	193.995	
2002-11-09T07:00:00	190.554	191.094	189.214	190.364	190.565	191.105	189.225	190.375	
2002-11-02T07:00:00	191.034	191.884	189.374	190.554	191.045	191.895	189.385	190.565	
2002-10-26T06:00:00	192.694	193.294	190.694	191.034	192.705	193.305	190.705	191.045	
2002-10-19T06:00:00	194.034	194.114	191.664	192.694	194.045	194.125	191.675	192.705	
2002-10-12T06:00:00	193.824	194.254	192.404	194.034	193.835	194.265	192.415	194.045	
2002-10-05T06:00:00	192.804	194.964	192.154	193.824	192.815	194.975	192.165	193.835	
2002-09-28T06:00:00	191.404	193.364	189.614	192.804	191.415	193.375	189.625	192.815	
2002-09-21T06:00:00	191.754	193.224	189.784	191.404	191.765	193.235	189.795	191.415	
2002-09-14T06:00:00	188.984	191.984	186.654	191.754	188.995	191.995	186.665	191.765	
2002-09-07T06:00:00	184.384	192.444	183.804	188.984	184.395	192.455	183.815	188.995	
2002-08-31T06:00:00	183.444	185.864	182.354	184.384	183.455	185.875	182.365	184.395	
2002-08-24T06:00:00	181.814	183.914	180.224	183.444	181.825	183.925	180.235	183.455	
2002-08-17T06:00:00	181.134	182.614	180.264	181.814	181.145	182.625	180.275	181.825	
2002-08-10T06:00:00	183.034	183.534	179.094	181.134	183.045	183.545	179.105	181.145	
2002-08-03T06:00:00	186.604	187.234	182.684	183.034	186.615	187.245	182.695	183.045	
2002-07-27T06:00:00	185.994	189.244	185.324	186.604	186.005	189.255	185.335	186.615	
2002-07-20T06:00:00	182.784	186.664	182.364	185.994	182.795	186.675	182.375	186.005	
2002-07-13T06:00:00	181.374	183.834	180.424	182.784	181.385	183.845	180.435	182.795	
2002-07-06T06:00:00	183.244	183.264	180.524	181.374	183.255	183.275	180.535	181.385	
2002-06-29T06:00:00	183.554	184.404	181.874	183.244	183.465	184.315	181.885	183.255	
2002-06-22T06:00:00	181.454	184.114	181.274	183.554	181.365	184.025	181.185	183.465	
2002-06-15T06:00:00	183.414	185.814	181.204	181.454	183.325	185.725	181.115	181.365	
2002-06-08T06:00:00	181.664	185.264	181.464	183.414	181.575	185.175	181.375	183.325	
2002-06-01T06:00:00	180.964	182.234	180.364	181.664	180.875	182.145	180.275	181.575	
2002-05-25T06:00:00	182.004	182.534	180.144	180.964	181.915	182.445	180.055	180.875	
2002-05-18T06:00:00	183.774	184.204	180.174	182.004	183.685	184.115	180.085	181.915	
2002-05-11T06:00:00	186.834	187.104	183.394	183.774	186.745	187.015	183.305	183.685	
2002-05-04T06:00:00	186.514	188.464	186.254	186.834	186.425	188.375	186.165	186.745	
2002-04-27T06:00:00	186.404	187.754	186.154	186.514	186.315	187.665	186.065	186.425	
2002-04-20T06:00:00	188.754	189.154	185.944	186.404	188.665	189.065	185.855	186.315	
2002-04-13T06:00:00	189.724	190.124	187.344	188.754	189.635	190.035	187.255	188.665	
2002-04-06T07:00:00	188.854	190.154	187.264	189.724	188.765	190.065	187.175	189.635	
2002-03-30T07:00:00	189.184	192.544	188.524	188.854	189.095	192.455	188.435	188.765	
2002-03-23T07:00:00	189.364	190.414	188.224	189.184	189.275	190.325	188.135	189.095	
2002-03-16T07:00:00	183.994	189.784	183.814	189.364	183.905	189.695	183.725	189.275	
2002-03-09T07:00:00	183.004	184.314	181.584	183.994	182.915	184.225	181.495	183.905	
2002-03-02T07:00:00	189.154	189.604	180.114	183.004	189.065	189.515	180.025	182.915	
2002-02-23T07:00:00	192.054	192.374	188.714	189.154	191.965	192.285	188.625	189.065	
2002-02-16T07:00:00	189.884	192.344	189.294	192.054	189.795	192.255	189.205	191.965	
2002-02-09T07:00:00	190.644	191.304	188.424	189.884	190.555	191.215	188.335	189.795	
2002-02-02T07:00:00	188.524	191.434	187.714	190.644	188.435	191.345	187.625	190.555	
2002-01-26T07:00:00	189.484	190.834	186.954	188.524	189.395	190.745	186.865	188.435	
2002-01-19T07:00:00	190.644	192.364	188.864	189.484	190.555	192.275	188.775	189.395	
2002-01-12T07:00:00	191.044	191.564	188.484	190.644	190.955	191.475	188.395	190.555	
2002-01-05T07:00:00	189.444	192.004	187.984	191.044	189.355	191.915	187.895	190.955	
2001-12-29T07:00:00	190.434	192.114	188.064	189.444	190.345	192.025	187.975	189.355	
2001-12-22T07:00:00	186.504	191.494	186.034	190.434	186.415	191.405	185.945	190.345	
2001-12-15T07:00:00	185.034	188.384	184.694	186.504	184.945	188.295	184.605	186.415	
2001-12-08T07:00:00	179.984	185.884	179.864	185.034	179.895	185.795	179.775	184.945	
2001-12-01T07:00:00	175.944	180.124	175.364	179.984	175.855	180.035	175.275	179.895	
2001-11-24T07:00:00	175.444	177.084	174.394	175.944	175.355	176.995	174.305	175.855	
2001-11-17T07:00:00	175.404	175.874	173.564	175.444	175.315	175.785	173.475	175.355	
2001-11-10T07:00:00	175.374	176.254	174.854	175.404	175.285	176.165	174.765	175.315	
2001-11-03T07:00:00	177.834	178.004	174.214	175.374	177.745	177.915	174.125	175.285	
2001-10-27T06:00:00	176.454	178.704	175.964	177.834	176.365	178.615	175.875	177.745	
2001-10-20T06:00:00	173.804	176.764	173.194	176.434	173.715	176.675	173.105	176.345	
2001-10-13T06:00:00	175.464	176.304	173.684	173.804	175.375	176.215	173.595	173.715	
2001-10-06T06:00:00	178.474	178.544	174.064	175.464	178.385	178.455	173.975	175.375	
2001-09-29T06:00:00	176.004	179.084	175.774	178.474	175.915	178.995	175.685	178.385	
2001-09-22T06:00:00	170.174	176.954	169.214	176.004	170.085	176.865	169.125	175.915	
2001-09-15T06:00:00	173.374	174.614	169.284	170.174	173.285	174.525	169.195	170.085	
2001-09-08T06:00:00	175.634	177.964	171.824	173.374	175.545	177.875	171.735	173.285	
2001-09-01T06:00:00	173.244	176.934	171.644	175.634	173.155	176.845	171.555	175.545	
2001-08-25T06:00:00	173.514	175.044	172.034	173.244	173.425	174.955	171.945	173.155	
2001-08-18T06:00:00	173.984	175.044	172.924	173.514	173.895	174.955	172.835	173.425	
2001-08-11T06:00:00	174.134	175.014	171.344	173.984	174.045	174.925	171.255	173.895	
2001-08-04T06:00:00	176.784	177.404	172.994	174.134	176.695	177.315	172.905	174.045	
2001-07-28T06:00:00	175.404	179.044	175.144	176.784	175.315	178.955	175.055	176.695	
2001-07-21T06:00:00	175.274	177.214	175.254	175.404	175.185	177.125	175.165	175.315	
2001-07-14T06:00:00	175.194	177.374	174.454	175.274	175.105	177.285	174.365	175.185	
2001-07-07T06:00:00	177.554	177.794	173.644	175.194	177.465	177.705	173.555	175.105	
2001-06-30T06:00:00	176.654	178.104	174.264	177.554	176.565	178.015	174.175	177.465	
2001-06-23T06:00:00	175.504	177.234	174.174	176.654	175.415	177.145	174.085	176.565	
2001-06-16T06:00:00	172.784	176.624	171.294	175.504	172.695	176.535	171.205	175.415	
2001-06-09T06:00:00	167.204	173.284	166.684	172.784	167.115	173.195	166.595	172.695	
2001-06-02T06:00:00	169.164	170.604	165.524	167.204	169.075	170.515	165.435	167.115	
2001-05-26T06:00:00	171.444	172.664	167.784	169.164	171.355	172.575	167.695	169.075	
2001-05-19T06:00:00	178.094	178.264	168.004	171.444	178.005	178.175	167.915	171.355	
2001-05-12T06:00:00	173.904	178.094	173.614	178.094	173.815	178.005	173.525	178.005	
2001-05-05T06:00:00	174.574	175.224	172.824	173.904	174.485	175.135	172.735	173.815	
2001-04-28T06:00:00	178.014	178.434	173.354	174.574	177.925	178.345	173.265	174.485	
2001-04-21T06:00:00	175.904	179.324	174.224	178.014	175.815	179.235	174.135	177.925	
2001-04-14T06:00:00	178.404	179.414	173.704	175.904	178.315	179.325	173.615	175.815	
2001-04-07T06:00:00	178.814	181.894	176.294	178.404	178.725	181.805	176.205	178.315	
2001-03-31T07:00:00	178.954	180.954	176.964	178.814	178.865	180.865	176.875	178.725	
2001-03-24T07:00:00	175.394	179.224	173.434	178.954	175.305	179.135	173.345	178.865	
2001-03-17T07:00:00	176.184	177.464	174.194	175.394	176.095	177.375	174.105	175.305	
2001-03-10T07:00:00	175.424	177.224	172.414	176.184	175.335	177.135	172.325	176.095	
2001-03-03T07:00:00	175.224	176.594	173.484	175.424	175.135	176.505	173.395	175.335	
2001-02-24T07:00:00	168.374	175.884	167.264	175.224	168.285	175.795	167.175	175.135	
2001-02-17T07:00:00	168.064	169.634	165.614	168.374	167.975	169.545	165.525	168.285	
2001-02-10T07:00:00	170.114	171.514	166.624	168.064	170.025	171.425	166.535	167.975	
2001-02-03T07:00:00	169.964	171.004	167.284	170.114	169.875	170.915	167.195	170.025	
2001-01-27T07:00:00	171.934	172.134	169.104	169.964	171.845	172.045	169.015	169.875	
2001-01-20T07:00:00	171.454	173.364	169.254	171.934	171.365	173.275	169.165	171.845	
2001-01-13T07:00:00	175.204	176.684	171.364	171.454	175.115	176.595	171.275	171.365	
2001-01-06T07:00:00	175.654	177.724	172.234	175.204	175.565	177.635	172.145	175.115	
2000-12-30T07:00:00	170.974	175.794	169.154	175.654	170.885	175.705	169.065	175.565	
2000-12-23T07:00:00	166.194	171.934	166.144	170.974	166.105	171.845	166.055	170.885	
2000-12-16T07:00:00	166.604	167.484	163.804	166.194	166.515	167.395	163.715	166.105	
2000-12-09T07:00:00	161.744	166.604	159.974	166.604	161.655	166.515	159.885	166.515	
2000-12-02T07:00:00	160.644	161.934	158.564	161.744	160.555	161.845	158.475	161.655	
2000-11-25T07:00:00	155.714	160.834	155.614	160.644	155.625	160.745	155.525	160.555	
2000-11-18T07:00:00	154.874	157.424	154.294	155.714	154.785	157.335	154.205	155.625	
2000-11-11T07:00:00	154.224	155.604	154.044	154.874	154.135	155.515	153.955	154.785	
2000-11-04T07:00:00	155.504	156.034	151.674	154.224	155.415	155.945	151.585	154.135	
2000-10-28T06:00:00	158.214	159.524	154.914	155.504	158.125	159.435	154.825	155.415	
2000-10-21T06:00:00	158.354	158.954	153.614	158.214	158.265	158.865	153.525	158.125	
2000-10-14T06:00:00	156.614	158.354	154.904	158.354	156.525	158.265	154.815	158.265	
2000-10-07T06:00:00	157.674	159.704	156.134	156.614	157.585	159.615	156.045	156.525	
2000-09-30T06:00:00	159.754	160.224	157.024	157.674	159.665	160.135	156.935	157.585	
2000-09-23T06:00:00	157.354	159.894	155.764	159.754	157.265	159.805	155.675	159.665	
2000-09-16T06:00:00	149.954	158.084	149.264	157.354	149.865	157.995	149.175	157.265	
2000-09-09T06:00:00	150.124	152.164	148.384	149.954	150.035	152.075	148.295	149.865	
2000-09-02T06:00:00	155.014	155.414	150.014	150.124	154.925	155.325	149.925	150.035	
2000-08-26T06:00:00	157.114	157.474	153.054	155.014	157.025	157.385	152.965	154.925	
2000-08-19T06:00:00	161.464	162.124	157.044	157.114	161.375	162.035	156.955	157.025	
2000-08-12T06:00:00	163.114	165.944	161.104	161.464	163.025	165.855	161.015	161.375	
2000-08-05T06:00:00	163.414	165.264	161.274	163.114	163.325	165.175	161.185	163.025	
2000-07-29T06:00:00	164.804	165.144	160.554	163.414	164.715	165.055	160.465	163.325	
2000-07-22T06:00:00	165.244	166.354	164.134	164.804	165.155	166.265	164.045	164.715	
2000-07-15T06:00:00	162.144	165.674	161.014	165.244	162.055	165.585	160.925	165.155	
2000-07-08T06:00:00	163.484	164.514	160.844	162.144	163.395	164.425	160.755	162.055	
2000-07-01T06:00:00	160.864	163.634	159.384	163.484	160.775	163.545	159.295	163.395	
2000-06-24T06:00:00	157.114	161.414	156.544	160.864	157.025	161.325	156.455	160.775	
2000-06-17T06:00:00	161.284	161.684	156.394	157.114	161.195	161.595	156.305	157.025	
2000-06-10T06:00:00	161.284	162.104	159.294	161.284	161.195	162.015	159.205	161.195	
2000-06-03T06:00:00	163.274	163.834	159.484	161.284	163.185	163.745	159.395	161.195	
2000-05-27T06:00:00	159.594	163.484	158.274	163.274	159.505	163.395	158.185	163.185	
2000-05-20T06:00:00	159.314	160.284	156.604	159.594	159.225	160.195	156.515	159.505	
2000-05-13T06:00:00	165.534	166.104	158.274	159.314	165.445	166.015	158.185	159.225	
2000-05-06T06:00:00	166.294	168.164	161.854	165.534	166.205	168.075	161.765	165.445	
2000-04-29T06:00:00	167.634	170.914	164.694	166.294	167.545	170.825	164.605	166.205	
2000-04-22T06:00:00	166.894	169.334	166.084	167.634	166.805	169.245	165.995	167.545	
2000-04-15T06:00:00	165.734	167.494	164.164	166.894	165.645	167.405	164.075	166.805	
2000-04-08T06:00:00	166.604	170.064	165.734	165.734	166.515	169.975	165.645	165.645	
2000-04-01T07:00:00	164.674	168.994	163.724	166.604	164.585	168.905	163.635	166.515	
2000-03-25T07:00:00	170.084	171.544	162.824	164.674	169.995	171.455	162.735	164.585	
2000-03-18T07:00:00	168.504	171.174	166.714	170.084	168.415	171.085	166.625	169.995	
2000-03-11T07:00:00	167.774	168.504	164.444	168.504	167.685	168.415	164.355	168.415	
2000-03-04T07:00:00	170.424	170.504	166.774	167.774	170.335	170.415	166.685	167.685	
2000-02-26T07:00:00	175.654	176.554	169.054	170.424	175.565	176.465	168.965	170.335	
2000-02-19T07:00:00	177.354	179.774	175.444	175.654	177.265	179.685	175.355	175.565	
2000-02-12T07:00:00	173.554	178.664	171.964	177.354	173.465	178.575	171.875	177.265	
2000-02-05T07:00:00	170.644	176.924	170.644	173.554	170.555	176.835	170.555	173.465	
2000-01-29T07:00:00	173.854	175.894	170.344	170.644	173.765	175.805	170.255	170.555	
2000-01-22T07:00:00	173.124	175.174	169.954	173.854	173.035	175.085	169.865	173.765	
2000-01-15T07:00:00	173.114	174.814	170.914	173.124	173.025	174.725	170.825	173.035	
2000-01-08T07:00:00	172.364	175.304	170.764	173.114	172.275	175.215	170.675	173.025	
2000-01-01T07:00:00	165.014	174.004	164.414	172.364	164.925	173.915	164.325	172.275	
1999-12-25T07:00:00	166.304	166.624	164.804	165.014	166.215	166.535	164.715	164.925	
1999-12-18T07:00:00	165.834	166.764	162.934	166.304	165.745	166.675	162.845	166.215	
1999-12-11T07:00:00	166.284	167.884	165.094	165.834	166.195	167.795	165.005	165.745	
1999-12-04T07:00:00	164.504	168.274	163.444	166.284	164.415	168.185	163.355	166.195	
1999-11-27T07:00:00	164.644	167.084	162.194	164.504	164.555	166.995	162.105	164.415	
1999-11-20T07:00:00	172.334	172.734	162.794	164.644	172.245	172.645	162.705	164.555	
1999-11-13T07:00:00	170.214	172.464	169.084	172.334	170.125	172.375	168.995	172.245	
1999-11-06T07:00:00	172.414	172.724	169.194	170.214	172.325	172.635	169.105	170.125	
1999-10-30T06:00:00	171.434	173.484	169.914	172.414	171.345	173.395	169.825	172.325	
1999-10-23T06:00:00	175.484	176.234	170.464	171.434	175.395	176.145	170.375	171.345	
1999-10-16T06:00:00	175.954	178.174	175.054	175.484	175.865	178.085	174.965	175.395	
1999-10-09T06:00:00	177.534	179.014	175.494	175.954	177.445	178.925	175.405	175.865	
1999-10-02T06:00:00	174.054	178.864	173.314	177.534	173.965	178.775	173.225	177.445	
1999-09-25T06:00:00	173.394	176.614	171.044	174.054	173.305	176.525	170.955	173.965	
1999-09-18T06:00:00	174.724	175.644	168.784	173.394	174.635	175.555	168.695	173.305	
1999-09-11T06:00:00	176.464	176.954	166.084	174.724	176.375	176.865	165.995	174.635	
1999-09-04T06:00:00	175.824	180.254	175.524	176.464	175.735	180.165	175.435	176.375	
1999-08-28T06:00:00	176.464	177.554	174.204	175.824	176.375	177.465	174.115	175.735	
1999-08-21T06:00:00	179.594	180.584	175.944	176.464	179.505	180.495	175.855	176.375	
1999-08-14T06:00:00	186.064	186.364	179.264	179.594	185.975	186.275	179.175	179.505	
1999-08-07T06:00:00	185.284	187.494	184.394	186.064	185.195	187.405	184.305	185.975	
1999-07-31T06:00:00	186.264	187.494	184.254	185.284	186.175	187.405	184.165	185.195	
1999-07-24T06:00:00	184.604	187.494	183.764	186.264	184.515	187.405	183.675	186.175	
1999-07-17T06:00:00	189.254	189.254	183.484	184.604	189.165	189.165	183.395	184.515	
1999-07-10T06:00:00	189.754	190.454	188.014	189.254	189.665	190.365	187.925	189.165	
1999-07-03T06:00:00	191.124	193.724	189.384	189.754	191.035	193.635	189.295	189.665	
1999-06-26T06:00:00	192.384	193.194	189.944	191.124	192.295	193.105	189.855	191.035	
1999-06-19T06:00:00	194.634	195.414	192.114	192.384	194.545	195.325	192.025	192.295	
1999-06-12T06:00:00	190.804	195.204	189.584	194.634	190.715	195.115	189.495	194.545	
1999-06-05T06:00:00	197.144	197.204	188.654	190.804	197.055	197.115	188.565	190.715	
1999-05-29T06:00:00	195.314	197.144	193.634	197.144	195.225	197.055	193.545	197.055	
1999-05-22T06:00:00	198.844	199.174	191.594	195.314	198.755	199.085	191.505	195.225	
1999-05-15T06:00:00	199.324	202.004	198.344	198.844	199.235	201.915	198.255	198.755	
1999-05-08T06:00:00	197.154	199.324	194.954	199.324	197.065	199.235	194.865	199.235	
1999-05-01T06:00:00	192.524	198.864	192.264	197.154	192.435	198.775	192.175	197.065	
1999-04-24T06:00:00	192.494	195.164	191.364	192.524	192.405	195.075	191.275	192.435	
1999-04-17T06:00:00	190.054	193.724	189.204	192.494	189.965	193.635	189.115	192.405	
1999-04-10T06:00:00	194.384	195.034	189.004	190.054	194.295	194.945	188.915	189.965	
1999-04-03T07:00:00	193.504	195.624	191.764	194.384	193.415	195.535	191.675	194.295	
1999-03-27T07:00:00	195.434	195.604	190.794	193.504	195.345	195.515	190.705	193.415	
1999-03-20T07:00:00	190.574	195.624	190.514	195.434	190.485	195.535	190.425	195.345	
1999-03-13T07:00:00	194.274	194.614	190.194	190.574	194.185	194.525	190.105	190.485	
1999-03-06T07:00:00	196.794	197.594	193.714	194.274	196.705	197.505	193.625	194.185	
1999-02-27T07:00:00	190.504	199.054	190.014	196.794	190.415	198.965	189.925	196.705	
1999-02-20T07:00:00	196.974	198.504	190.054	190.504	196.885	198.415	189.965	190.415	
1999-02-13T07:00:00	186.394	197.274	185.864	196.974	186.305	197.185	185.775	196.885	
1999-02-06T07:00:00	184.464	188.824	184.054	186.394	184.375	188.735	183.965	186.305	
1999-01-30T07:00:00	191.104	191.114	182.904	184.464	191.015	191.025	182.815	184.375	
1999-01-23T07:00:00	189.684	192.664	187.934	191.104	189.595	192.575	187.845	191.015	
1999-01-16T07:00:00	188.484	190.354	184.914	189.684	188.395	190.265	184.825	189.595	
1999-01-09T07:00:00	181.084	189.414	176.884	188.484	180.995	189.325	176.795	188.395	
1999-01-02T07:00:00	190.754	190.764	181.084	181.084	190.665	190.675	180.995	180.995	
1998-12-26T07:00:00	194.504	195.904	186.584	190.754	194.415	195.815	186.495	190.665	
1998-12-19T07:00:00	194.894	197.564	193.164	194.504	194.805	197.475	193.075	194.415	
1998-12-12T07:00:00	196.424	198.364	192.884	194.894	196.335	198.275	192.795	194.805	
1998-12-05T07:00:00	196.954	199.324	194.044	196.424	196.865	199.235	193.955	196.335	
1998-11-28T07:00:00	203.974	205.024	195.944	196.954	203.885	204.935	195.855	196.865	
1998-11-21T07:00:00	199.874	204.584	199.144	203.974	199.785	204.495	199.055	203.885	
1998-11-14T07:00:00	204.034	204.694	197.874	199.874	203.945	204.605	197.785	199.785	
1998-11-07T07:00:00	197.984	205.564	197.394	204.034	197.895	205.475	197.305	203.945	
1998-10-31T07:00:00	193.534	197.984	189.904	197.984	193.445	197.895	189.815	197.895	
1998-10-24T06:00:00	199.824	200.764	193.474	193.534	199.735	200.675	193.385	193.445	
1998-10-17T06:00:00	196.764	202.634	193.924	199.824	196.675	202.545	193.835	199.735	
1998-10-10T06:00:00	199.874	204.894	193.824	196.764	199.785	204.805	193.735	196.675	
1998-10-03T06:00:00	229.684	230.044	193.304	199.874	229.595	229.955	193.215	199.785	
1998-09-26T06:00:00	231.244	233.404	226.574	229.684	231.155	233.315	226.485	229.595	
1998-09-19T06:00:00	224.004	231.604	222.924	231.244	223.915	231.515	222.835	231.155	
1998-09-12T06:00:00	219.504	227.464	219.114	224.004	219.415	227.375	219.025	223.915	
1998-09-05T06:00:00	224.124	228.864	216.084	219.504	224.035	228.775	215.995	219.415	
1998-08-29T06:00:00	238.754	238.904	223.014	224.124	238.665	238.815	222.925	224.035	
1998-08-22T06:00:00	236.914	239.224	232.074	238.754	236.825	239.135	231.985	238.665	
1998-08-15T06:00:00	237.004	237.794	230.324	236.914	236.915	237.705	230.235	236.825	
1998-08-08T06:00:00	238.044	241.054	234.324	237.004	237.955	240.965	234.235	236.915	
1998-08-01T06:00:00	236.884	238.694	234.844	238.044	236.795	238.605	234.755	237.955	
1998-07-25T06:00:00	235.084	236.954	231.914	236.884	234.995	236.865	231.825	236.795	
1998-07-18T06:00:00	229.424	235.344	228.084	235.084	229.335	235.255	227.995	234.995	
1998-07-11T06:00:00	233.534	233.664	227.054	229.424	233.445	233.575	226.965	229.335	
1998-07-04T06:00:00	229.554	233.534	226.834	233.534	229.465	233.445	226.745	233.445	
1998-06-27T06:00:00	236.874	238.044	228.844	229.554	236.785	237.955	228.755	229.465	
1998-06-20T06:00:00	228.954	239.084	228.304	236.874	228.865	238.995	228.215	236.785	
1998-06-13T06:00:00	236.194	240.074	223.914	228.954	236.105	239.985	223.825	228.865	
1998-06-06T06:00:00	228.744	236.414	228.644	236.194	228.655	236.325	228.555	236.105	
1998-05-30T06:00:00	226.444	229.634	224.544	228.744	226.355	229.545	224.455	228.655	
1998-05-23T06:00:00	222.704	226.964	222.274	226.444	222.615	226.875	222.185	226.355	
