日時	NZD/JPY(始値, 買い)	NZD/JPY(高値, 買い)	NZD/JPY(安値, 買い)	NZD/JPY(終値, 買い)	NZD/JPY(始値, 売り)	NZD/JPY(高値, 売り)	NZD/JPY(安値, 売り)	NZD/JPY(終値, 売り)	
2014-02-01T07:00:00	82.614	83.989	81.442	83.349	82.458	83.942	81.414	83.316	
2014-01-25T07:00:00	84.267	85.824	82.452	82.614	84.134	85.667	82.414	82.458	
2014-01-18T07:00:00	86.226	87.230	83.954	84.267	86.032	87.202	83.928	84.134	
2014-01-11T07:00:00	86.526	87.432	85.958	86.226	86.441	87.389	85.924	86.032	
2014-01-04T07:00:00	86.817	87.236	86.030	86.526	86.713	87.211	85.894	86.441	
2013-12-28T07:00:00	85.792	86.845	85.387	86.817	85.608	86.812	85.358	86.713	
2013-12-21T07:00:00	85.428	85.984	85.125	85.792	85.224	85.955	85.091	85.608	
2013-12-14T07:00:00	85.441	86.223	84.405	85.428	85.261	86.130	84.358	85.224	
2013-12-07T07:00:00	85.329	85.764	84.075	85.441	85.151	85.738	84.054	85.261	
2013-11-30T07:00:00	83.377	85.367	83.243	85.329	83.213	85.337	83.214	85.151	
2013-11-23T07:00:00	83.060	83.860	82.819	83.377	82.868	83.832	82.780	83.213	
2013-11-16T07:00:00	83.610	84.136	82.171	83.060	83.462	84.069	82.146	82.868	
2013-11-09T07:00:00	81.789	83.631	81.464	83.610	81.639	83.597	81.439	83.462	
2013-11-02T06:00:00	81.620	83.053	81.260	81.789	81.462	83.027	81.227	81.639	
2013-10-26T06:00:00	80.683	81.654	80.492	81.620	80.605	81.624	80.466	81.462	
2013-10-19T06:00:00	83.274	83.995	80.546	80.683	83.115	83.966	80.518	80.605	
2013-10-12T06:00:00	82.154	83.493	81.399	83.274	82.085	83.464	81.277	83.115	
2013-10-05T06:00:00	81.134	82.219	80.059	82.154	81.076	82.191	80.030	82.085	
2013-09-28T06:00:00	81.431	81.964	79.894	81.134	81.258	81.929	79.873	81.076	
2013-09-21T06:00:00	83.252	83.125	80.947	81.431	83.083	83.092	80.915	81.258	
2013-09-14T06:00:00	80.843	83.691	80.684	83.252	80.751	83.667	80.486	83.083	
2013-09-07T06:00:00	79.324	81.403	79.287	80.843	79.169	81.372	79.258	80.751	
2013-08-31T06:00:00	75.935	79.596	76.127	79.324	75.722	79.477	76.080	79.169	
2013-08-24T06:00:00	77.129	77.611	75.140	75.935	76.996	77.581	75.082	75.722	
2013-08-17T06:00:00	79.137	79.909	76.448	77.129	79.009	79.886	76.420	76.996	
2013-08-10T06:00:00	77.430	79.423	77.059	79.137	77.234	79.389	77.020	79.009	
2013-08-03T06:00:00	77.580	77.651	76.337	77.430	77.511	77.613	76.143	77.234	
2013-07-27T06:00:00	79.522	79.472	77.221	77.580	79.335	79.395	77.187	77.511	
2013-07-20T06:00:00	79.888	80.452	79.002	79.522	79.677	80.421	78.972	79.335	
2013-07-13T06:00:00	77.218	80.109	77.262	79.888	77.029	80.072	77.229	79.677	
2013-07-06T06:00:00	78.121	79.765	76.710	77.218	77.940	79.736	76.675	77.029	
2013-06-29T06:00:00	76.895	78.987	76.621	78.121	76.695	78.808	76.460	77.940	
2013-06-22T06:00:00	75.977	77.331	75.081	76.895	75.764	77.300	75.043	76.695	
2013-06-15T06:00:00	75.757	77.006	75.059	75.977	75.634	76.976	75.026	75.764	
2013-06-08T06:00:00	76.915	78.425	74.479	75.757	76.786	78.397	74.437	75.634	
2013-06-01T06:00:00	79.932	80.782	75.816	76.915	79.739	80.753	75.789	76.786	
2013-05-25T06:00:00	82.053	83.146	79.782	79.932	81.899	83.019	79.681	79.739	
2013-05-18T06:00:00	83.313	84.388	81.153	82.053	83.213	84.358	81.126	81.899	
2013-05-11T06:00:00	84.443	84.637	82.755	83.313	84.367	84.609	82.723	83.213	
2013-05-04T06:00:00	84.545	84.892	82.716	84.443	84.464	84.863	82.686	84.367	
2013-04-27T06:00:00	83.235	84.794	82.262	84.545	83.139	84.766	82.230	84.464	
2013-04-20T06:00:00	83.842	84.948	82.411	83.235	83.740	84.921	82.378	83.139	
2013-04-13T06:00:00	84.555	84.654	80.583	83.842	84.478	84.627	80.510	83.740	
2013-04-06T06:00:00	82.295	86.427	82.295	84.555	82.252	86.401	82.252	84.478	
2013-03-30T06:00:00	78.891	82.526	77.805	82.295	78.745	82.497	77.774	82.252	
2013-03-23T06:00:00	79.043	79.497	78.056	78.891	78.947	79.468	78.028	78.745	
2013-03-16T06:00:00	78.873	79.622	77.482	79.043	78.819	79.596	77.379	78.947	
2013-03-09T07:00:00	78.944	79.915	78.344	78.873	78.866	79.890	78.313	78.819	
2013-03-02T07:00:00	77.243	79.927	76.509	78.944	77.166	79.796	76.477	78.866	
2013-02-23T07:00:00	78.252	79.376	75.123	77.243	78.219	79.223	75.093	77.166	
2013-02-16T07:00:00	79.072	79.556	77.380	78.252	78.906	79.526	77.352	78.219	
2013-02-09T07:00:00	77.563	79.654	77.011	79.072	77.473	79.629	76.980	78.906	
2013-02-02T07:00:00	78.494	79.433	77.133	77.563	78.408	79.407	77.102	77.473	
2013-01-26T07:00:00	76.127	78.556	75.066	78.494	76.063	78.520	75.038	78.408	
2013-01-19T07:00:00	75.347	76.396	74.068	76.127	75.334	76.369	74.039	76.063	
2013-01-12T07:00:00	74.702	75.853	73.504	75.347	74.577	75.829	73.476	75.334	
2013-01-05T07:00:00	73.397	75.418	72.582	74.702	73.282	75.388	72.555	74.577	
2012-12-29T07:00:00	70.511	73.404	70.343	73.397	70.437	73.374	70.007	73.282	
2012-12-22T07:00:00	69.413	71.164	69.307	70.511	69.284	71.126	69.277	70.437	
2012-12-15T07:00:00	70.717	71.451	69.164	69.413	70.634	71.356	69.132	69.284	
2012-12-08T07:00:00	68.734	70.926	68.423	70.717	68.681	70.900	68.394	70.634	
2012-12-01T07:00:00	67.655	68.947	67.284	68.734	67.606	68.921	67.254	68.681	
2012-11-24T07:00:00	67.941	68.102	67.019	67.655	67.812	68.073	66.989	67.606	
2012-11-17T07:00:00	66.104	67.983	66.001	67.941	66.057	67.972	65.972	67.812	
2012-11-10T07:00:00	64.738	66.134	64.672	66.104	64.678	66.094	64.641	66.057	
2012-11-03T06:00:00	66.438	66.745	64.284	64.738	66.397	66.724	64.260	64.678	
2012-10-27T06:00:00	65.589	66.791	65.013	66.438	65.492	66.767	64.986	66.397	
2012-10-20T06:00:00	64.737	66.203	64.589	65.589	64.682	66.175	64.558	65.492	
2012-10-13T06:00:00	64.038	65.245	63.727	64.737	63.993	65.218	63.698	64.682	
2012-10-06T06:00:00	64.321	64.567	63.677	64.038	64.271	64.541	63.646	63.993	
2012-09-29T06:00:00	64.675	65.150	64.142	64.321	64.654	65.123	64.115	64.271	
2012-09-22T06:00:00	64.776	65.060	63.556	64.675	64.731	64.913	63.530	64.654	
2012-09-15T06:00:00	65.030	65.719	64.120	64.776	64.967	65.691	64.091	64.731	
2012-09-08T06:00:00	63.604	65.307	63.245	65.030	63.539	65.280	63.214	64.967	
2012-09-01T06:00:00	63.031	63.621	62.054	63.604	62.885	63.573	62.028	63.539	
2012-08-25T06:00:00	63.893	64.026	62.629	63.031	63.750	63.926	62.586	62.885	
2012-08-18T06:00:00	64.332	64.734	63.497	63.893	64.136	64.709	63.472	63.750	
2012-08-11T06:00:00	63.672	64.448	63.271	64.332	63.609	64.419	63.242	64.136	
2012-08-04T06:00:00	64.333	64.532	63.326	63.672	64.184	64.504	63.294	63.609	
2012-07-28T06:00:00	63.632	64.449	63.057	64.333	63.476	64.420	63.021	64.184	
2012-07-21T06:00:00	62.856	63.688	61.022	63.632	62.683	63.644	60.990	63.476	
2012-07-14T06:00:00	63.121	63.388	62.584	62.856	62.951	63.275	62.552	62.683	
2012-07-07T06:00:00	63.582	63.688	62.336	63.121	63.531	63.658	62.303	62.951	
2012-06-30T06:00:00	64.036	64.419	63.347	63.582	63.892	64.387	63.315	63.531	
2012-06-23T06:00:00	63.710	64.236	62.265	64.036	63.505	64.207	62.231	63.892	
2012-06-16T06:00:00	62.083	64.117	62.083	63.710	61.926	64.085	61.926	63.505	
2012-06-09T06:00:00	61.296	62.285	60.828	62.083	61.154	62.255	60.793	61.926	
2012-06-02T06:00:00	58.899	61.821	58.625	61.296	58.747	61.794	58.593	61.154	
2012-05-26T06:00:00	60.140	60.799	57.982	58.899	59.986	60.774	57.950	58.747	
2012-05-19T06:00:00	59.834	61.082	59.196	60.140	59.692	61.052	59.165	59.986	
2012-05-12T06:00:00	62.656	62.673	59.516	59.834	62.506	62.643	59.483	59.692	
2012-05-05T06:00:00	63.616	63.736	62.188	62.656	63.475	63.705	62.154	62.506	
2012-04-28T06:00:00	66.043	66.212	63.391	63.616	65.891	66.178	63.364	63.475	
2012-04-21T06:00:00	66.815	66.842	65.425	66.043	66.665	66.807	65.390	65.891	
2012-04-14T06:00:00	66.659	66.974	65.563	66.815	66.507	66.939	65.532	66.665	
2012-04-07T06:00:00	66.952	67.514	65.617	66.659	66.804	67.482	65.580	66.507	
2012-03-31T06:00:00	67.903	68.499	66.477	66.952	67.766	68.424	66.433	66.804	
2012-03-24T06:00:00	67.464	68.574	66.605	67.903	67.323	68.543	66.576	67.766	
2012-03-17T06:00:00	68.879	69.166	66.566	67.464	68.734	69.112	66.535	67.323	
2012-03-10T07:00:00	67.819	68.932	66.884	68.879	67.661	68.901	66.852	68.734	
2012-03-03T07:00:00	67.911	67.972	65.325	67.819	67.781	67.938	65.294	67.661	
2012-02-25T07:00:00	67.915	68.380	66.844	67.911	67.828	68.322	66.815	67.781	
2012-02-18T07:00:00	66.301	67.971	66.301	67.915	66.147	67.884	66.147	67.828	
2012-02-11T07:00:00	64.249	66.444	64.249	66.301	64.101	66.417	64.101	66.147	
2012-02-04T07:00:00	64.123	64.884	63.513	64.249	63.975	64.856	63.487	64.101	
2012-01-28T07:00:00	63.293	64.192	62.323	64.123	63.229	64.162	62.294	63.975	
2012-01-21T07:00:00	62.152	63.827	61.940	63.293	62.079	63.801	61.908	63.229	
2012-01-14T07:00:00	61.191	62.207	60.819	62.152	61.105	62.182	60.790	62.079	
2012-01-07T07:00:00	60.110	61.370	59.862	61.191	59.915	61.344	59.836	61.105	
2011-12-31T07:00:00	59.864	60.745	59.652	60.110	59.730	60.705	59.303	59.915	
2011-12-24T07:00:00	60.541	60.541	59.585	59.864	60.409	60.419	59.552	59.730	
2011-12-17T07:00:00	59.353	60.652	58.860	60.541	59.183	60.617	58.832	60.409	
2011-12-10T07:00:00	60.221	60.281	58.252	59.353	60.168	60.168	58.239	59.183	
2011-12-03T07:00:00	60.675	61.035	59.330	60.221	60.636	61.008	59.301	60.168	
2011-11-26T07:00:00	57.477	61.150	57.477	60.675	57.431	61.123	57.431	60.636	
2011-11-19T07:00:00	58.202	58.324	57.050	57.477	58.169	58.231	57.021	57.431	
2011-11-12T07:00:00	60.651	61.353	58.116	58.202	60.607	61.217	58.085	58.169	
2011-11-05T06:00:00	62.202	62.406	60.006	60.651	62.154	62.370	59.975	60.607	
2011-10-29T06:00:00	62.346	64.609	60.955	62.202	62.311	64.565	60.915	62.154	
2011-10-22T06:00:00	61.144	62.627	60.127	62.346	61.102	62.591	60.090	62.311	
2011-10-15T06:00:00	62.182	62.480	60.334	61.144	62.145	62.445	60.300	61.102	
2011-10-08T06:00:00	59.243	62.199	58.993	62.182	59.201	62.171	58.888	62.145	
2011-10-01T06:00:00	58.773	59.940	57.363	59.243	58.719	59.900	57.324	59.201	
2011-09-24T06:00:00	59.409	61.029	58.280	58.773	59.343	60.998	58.245	58.719	
2011-09-17T06:00:00	63.791	63.791	58.845	59.409	63.638	63.687	58.811	59.343	
2011-09-10T06:00:00	63.719	64.112	62.288	63.791	63.673	64.077	62.250	63.638	
2011-09-03T06:00:00	65.026	65.039	63.327	63.719	64.950	64.959	63.290	63.673	
2011-08-27T06:00:00	64.423	65.798	64.348	65.026	64.370	65.754	64.292	64.950	
2011-08-20T06:00:00	62.664	64.548	62.657	64.423	62.590	64.505	62.590	64.370	
2011-08-13T06:00:00	63.987	64.546	62.545	62.664	63.927	64.508	62.500	62.590	
2011-08-06T06:00:00	66.253	66.253	61.416	63.987	66.197	66.197	61.373	63.927	
2011-07-30T06:00:00	67.619	68.912	65.265	66.253	67.572	68.876	65.230	66.197	
2011-07-23T06:00:00	67.837	68.280	66.645	67.619	67.785	68.252	66.610	67.572	
2011-07-16T06:00:00	66.984	68.096	66.476	67.837	66.905	68.065	66.438	67.785	
2011-07-09T06:00:00	67.526	67.526	64.164	66.984	67.480	67.504	64.099	66.905	
2011-07-02T06:00:00	66.912	67.951	66.689	67.526	66.860	67.833	66.651	67.480	
2011-06-25T06:00:00	65.336	67.016	64.542	66.912	65.212	66.984	64.506	66.860	
2011-06-18T06:00:00	64.999	65.811	64.478	65.336	64.953	65.780	64.444	65.212	
2011-06-11T06:00:00	66.009	66.198	64.345	64.999	65.969	66.123	64.330	64.953	
2011-06-04T06:00:00	65.409	66.549	65.017	66.009	65.315	66.518	64.989	65.969	
2011-05-28T06:00:00	66.007	67.441	64.763	65.409	65.970	67.419	64.726	65.315	
2011-05-21T06:00:00	65.152	66.555	64.069	66.007	65.104	66.524	64.050	65.970	
2011-05-14T06:00:00	63.673	65.293	62.675	65.152	63.637	65.261	62.648	65.104	
2011-05-07T06:00:00	63.701	64.694	63.248	63.673	63.664	64.674	63.210	63.637	
2011-04-30T06:00:00	65.696	65.891	62.568	63.701	65.655	65.860	62.528	63.664	
2011-04-23T06:00:00	65.721	66.479	65.086	65.696	65.665	66.372	65.050	65.655	
2011-04-16T06:00:00	66.416	66.629	64.479	65.721	66.374	66.570	64.447	65.665	
2011-04-09T06:00:00	66.445	66.659	64.772	66.416	66.383	66.624	64.748	66.374	
2011-04-02T06:00:00	64.527	66.735	64.281	66.445	64.486	66.704	64.249	66.383	
2011-03-26T06:00:00	61.377	64.679	61.115	64.527	61.338	64.646	61.056	64.486	
2011-03-19T06:00:00	59.028	61.527	58.954	61.377	58.976	61.498	58.871	61.338	
2011-03-12T07:00:00	60.921	61.006	54.907	59.028	60.880	60.963	54.553	58.976	
2011-03-05T07:00:00	60.808	61.439	60.311	60.921	60.762	61.410	60.283	60.880	
2011-02-26T07:00:00	61.329	61.858	60.477	60.808	61.300	61.831	60.453	60.762	
2011-02-19T07:00:00	63.259	63.774	60.865	61.329	63.220	63.721	60.832	61.300	
2011-02-12T07:00:00	63.459	63.653	62.883	63.259	63.413	63.636	62.850	63.220	
2011-02-05T07:00:00	63.214	63.929	63.127	63.459	63.150	63.906	63.096	63.413	
2011-01-29T07:00:00	63.435	63.801	62.622	63.214	63.377	63.767	62.475	63.150	
2011-01-22T07:00:00	62.652	64.271	62.596	63.435	62.600	64.245	62.520	63.377	
2011-01-15T07:00:00	63.682	64.013	62.480	62.652	63.639	63.982	62.445	62.600	
2011-01-08T07:00:00	63.218	64.029	62.823	63.682	63.182	63.975	62.783	63.639	
2011-01-01T07:00:00	63.157	63.542	62.538	63.218	63.087	63.513	62.504	63.182	
2010-12-25T07:00:00	62.119	63.412	61.858	63.148	62.056	63.372	61.812	63.104	
2010-12-18T07:00:00	61.864	62.659	61.749	62.119	61.820	62.622	61.647	62.056	
2010-12-11T07:00:00	62.829	63.335	61.833	61.864	62.787	63.303	61.801	61.820	
2010-12-04T07:00:00	63.386	63.514	62.472	62.829	63.345	63.469	62.437	62.787	
2010-11-27T07:00:00	63.129	63.586	61.893	63.386	63.070	63.522	61.855	63.345	
2010-11-20T07:00:00	65.068	65.389	62.726	63.129	65.016	65.363	62.696	63.070	
2010-11-13T07:00:00	64.137	65.159	63.585	65.068	64.029	65.120	63.550	65.016	
2010-11-06T06:00:00	64.839	64.839	63.094	63.868	64.793	64.793	63.058	63.814	
2010-10-30T06:00:00	61.348	64.858	61.348	64.839	61.303	64.810	61.303	64.793	
2010-10-23T06:00:00	60.772	61.667	60.531	61.348	60.731	61.632	60.486	61.303	
2010-10-16T06:00:00	61.421	61.732	60.456	60.772	61.373	61.703	60.424	60.731	
2010-10-09T06:00:00	62.039	62.522	61.262	61.421	61.994	62.484	61.230	61.373	
2010-10-02T06:00:00	62.019	62.689	60.975	62.039	61.981	62.643	60.940	61.994	
2010-09-25T06:00:00	61.895	62.249	61.093	62.019	61.851	62.177	61.052	61.981	
2010-09-18T06:00:00	62.281	62.798	61.266	61.895	62.239	62.771	61.235	61.851	
2010-09-11T06:00:00	61.314	63.009	60.434	62.281	61.258	62.980	60.406	62.239	
2010-09-04T06:00:00	60.874	61.473	59.695	61.314	60.835	61.439	59.657	61.258	
2010-08-28T06:00:00	60.812	61.489	58.444	60.874	60.773	61.451	58.409	60.835	
2010-08-21T06:00:00	60.584	60.852	58.534	60.812	60.541	60.818	58.498	60.773	
2010-08-14T06:00:00	60.896	61.467	59.776	60.584	60.841	61.434	59.738	60.541	
2010-08-07T06:00:00	62.598	62.802	60.370	60.896	62.556	62.768	60.334	60.841	
2010-07-31T06:00:00	62.717	63.738	62.036	62.598	62.670	63.705	62.001	62.556	
2010-07-24T06:00:00	63.546	64.706	62.072	62.717	63.498	64.680	62.036	62.670	
2010-07-17T06:00:00	61.664	63.775	60.918	63.546	61.623	63.736	60.887	63.498	
2010-07-10T06:00:00	63.070	64.320	61.312	61.664	63.022	64.282	61.272	61.623	
2010-07-03T06:00:00	60.541	63.113	59.702	63.070	60.498	63.084	59.663	63.022	
2010-06-26T06:00:00	63.801	63.972	59.596	60.541	63.739	63.911	59.556	60.498	
2010-06-19T06:00:00	64.004	65.332	62.699	63.801	64.009	65.298	62.660	63.739	
2010-06-12T06:00:00	63.282	64.407	62.724	64.004	63.287	64.412	62.729	64.009	
2010-06-05T06:00:00	61.397	63.346	59.880	63.282	61.402	63.351	59.885	63.287	
2010-05-29T06:00:00	61.749	63.943	60.675	61.397	61.688	63.948	60.680	61.402	
2010-05-22T06:00:00	61.069	62.633	58.692	61.749	61.015	62.612	58.654	61.688	
2010-05-15T06:00:00	65.291	65.399	58.927	61.069	65.242	65.308	58.888	61.015	
2010-05-08T06:00:00	65.233	68.156	65.069	65.291	65.184	68.131	65.027	65.242	
2010-05-01T06:00:00	68.280	69.382	61.919	65.233	68.249	69.355	61.806	65.184	
2010-04-24T06:00:00	67.381	69.061	65.939	68.280	67.325	68.981	65.898	68.249	
2010-04-17T06:00:00	65.312	67.452	64.789	67.381	65.261	67.413	64.769	67.325	
2010-04-10T06:00:00	66.700	67.037	65.031	65.312	66.653	67.005	64.993	65.261	
2010-04-03T06:00:00	66.783	67.055	65.129	66.700	66.722	66.945	65.089	66.653	
2010-03-27T06:00:00	65.146	66.895	65.015	66.783	65.104	66.857	64.976	66.722	
2010-03-20T06:00:00	64.166	65.724	63.020	65.146	64.121	65.685	62.980	65.104	
2010-03-13T07:00:00	63.456	64.973	63.187	64.166	63.410	64.932	63.147	64.121	
2010-03-06T07:00:00	63.002	64.346	62.483	63.456	62.958	64.311	62.440	63.410	
2010-02-27T07:00:00	62.041	63.100	60.631	63.002	62.001	63.053	60.596	62.958	
2010-02-20T07:00:00	64.034	64.512	60.920	62.041	63.985	64.479	60.881	62.001	
2010-02-13T07:00:00	62.658	64.543	62.612	64.034	62.612	64.491	62.573	63.985	
2010-02-06T07:00:00	61.461	63.108	60.820	62.658	61.407	63.074	60.757	62.612	
2010-01-30T07:00:00	63.350	64.712	60.494	61.461	63.303	64.671	60.456	61.407	
2010-01-23T07:00:00	64.266	64.942	62.765	63.350	64.223	64.908	62.743	63.303	
2010-01-16T07:00:00	67.064	67.469	63.789	63.917	67.013	67.430	63.756	63.822	
2010-01-09T07:00:00	68.251	68.657	66.796	67.064	68.207	68.558	66.757	67.013	
2010-01-02T07:00:00	67.556	68.713	66.801	68.251	67.513	68.662	66.762	68.207	
2009-12-26T07:00:00	64.621	67.825	64.528	67.556	64.578	67.782	64.459	67.513	
2009-12-19T07:00:00	64.233	64.735	63.972	64.621	64.181	64.692	63.931	64.578	
2009-12-12T07:00:00	64.586	64.971	62.931	64.233	64.547	64.930	62.893	64.181	
2009-12-05T07:00:00	64.752	65.079	62.053	64.586	64.703	65.049	62.019	64.547	
2009-11-28T07:00:00	61.473	64.921	61.420	64.752	61.418	64.887	61.380	64.703	
2009-11-21T07:00:00	64.528	65.498	59.918	61.473	64.476	65.469	59.879	61.418	
2009-11-14T07:00:00	66.762	66.896	64.060	64.528	66.713	66.856	64.031	64.476	
2009-11-07T07:00:00	65.207	67.106	65.207	66.762	65.145	67.074	65.145	66.713	
2009-10-31T06:00:00	64.569	66.467	63.242	65.207	64.525	66.433	63.180	65.145	
2009-10-24T06:00:00	69.448	69.569	64.382	64.569	69.400	69.532	64.347	64.525	
2009-10-17T06:00:00	67.238	69.767	67.045	69.448	67.184	69.724	67.001	69.400	
2009-10-10T06:00:00	65.990	68.174	65.385	67.238	65.935	68.136	65.348	67.184	
2009-10-03T06:00:00	64.265	66.122	64.052	65.990	64.211	66.088	63.991	65.935	
2009-09-26T06:00:00	64.443	65.175	63.099	64.265	64.390	65.146	63.052	64.211	
2009-09-19T06:00:00	64.776	66.412	64.230	64.443	64.718	66.381	64.195	64.390	
2009-09-12T06:00:00	64.030	65.226	63.055	64.776	63.962	65.197	63.016	64.718	
2009-09-05T06:00:00	63.970	64.683	63.767	64.030	63.891	64.644	63.689	63.962	
2009-08-29T06:00:00	64.136	64.256	61.743	63.970	64.051	64.234	61.704	63.891	
2009-08-22T06:00:00	64.344	65.285	63.404	64.136	64.286	65.232	63.376	64.051	
2009-08-15T06:00:00	64.179	64.790	62.538	64.344	64.083	64.753	62.507	64.286	
2009-08-08T06:00:00	65.601	65.958	62.923	64.179	65.497	65.919	62.884	64.083	
2009-08-01T06:00:00	62.692	65.828	62.434	65.601	62.604	65.789	62.392	65.497	
2009-07-25T06:00:00	62.192	63.127	61.465	62.692	62.107	63.088	61.426	62.604	
2009-07-18T06:00:00	60.718	62.894	60.686	62.192	60.627	62.861	60.537	62.107	
2009-07-11T06:00:00	58.020	61.492	56.945	60.718	57.960	61.453	56.907	60.627	
2009-07-04T06:00:00	60.593	60.997	56.928	58.020	60.496	60.951	56.861	57.960	
2009-06-27T06:00:00	61.518	63.028	60.037	60.593	61.421	62.966	59.991	60.496	
2009-06-20T06:00:00	62.008	62.168	59.471	61.518	61.903	62.103	59.423	61.421	
2009-06-13T06:00:00	63.287	63.394	59.860	62.008	63.176	63.176	59.793	61.903	
2009-06-06T06:00:00	61.972	63.433	60.441	63.287	61.867	63.381	60.379	63.176	
2009-05-30T06:00:00	61.101	63.398	60.169	61.972	61.031	63.306	60.096	61.867	
2009-05-23T06:00:00	58.918	61.422	57.818	61.101	58.789	61.361	57.758	61.031	
2009-05-16T06:00:00	55.808	59.052	55.262	58.918	55.721	58.955	55.179	58.789	
2009-05-09T06:00:00	59.414	60.418	55.508	55.808	59.292	60.341	55.431	55.721	
2009-05-02T06:00:00	56.618	59.608	56.493	59.414	56.536	59.547	56.413	59.292	
2009-04-25T06:00:00	55.670	57.083	52.948	56.618	55.557	57.015	52.876	56.536	
2009-04-18T06:00:00	56.198	56.913	53.708	55.670	56.091	56.637	53.631	55.557	
2009-04-11T06:00:00	58.562	59.552	56.088	56.198	58.369	59.451	56.002	56.091	
2009-04-04T06:00:00	58.923	60.426	56.741	58.562	58.816	60.329	56.659	58.369	
2009-03-28T06:00:00	55.854	59.090	53.727	58.923	55.746	59.024	53.661	58.816	
2009-03-21T06:00:00	53.579	57.261	53.473	55.854	53.498	57.137	53.306	55.746	
2009-03-14T06:00:00	51.448	53.984	50.958	53.579	51.356	53.949	50.811	53.498	
2009-03-07T07:00:00	49.397	51.968	48.612	51.448	49.282	51.860	48.554	51.356	
2009-02-28T07:00:00	48.937	50.447	47.777	49.397	48.842	50.393	47.682	49.282	
2009-02-21T07:00:00	47.650	50.540	47.245	48.937	47.580	50.490	47.058	48.842	
2009-02-14T07:00:00	48.327	48.987	46.579	47.650	48.124	48.937	46.540	47.580	
2009-02-07T07:00:00	49.127	49.951	46.501	48.327	49.002	49.892	46.427	48.124	
2009-01-31T07:00:00	45.669	49.487	44.266	49.127	45.597	49.402	44.208	49.002	
2009-01-24T07:00:00	47.317	48.673	45.274	45.669	47.267	48.557	45.228	45.597	
2009-01-17T07:00:00	49.626	50.575	45.127	47.317	49.502	50.508	45.023	47.267	
2009-01-10T07:00:00	53.338	53.338	47.163	49.626	53.205	53.205	47.122	49.502	
2009-01-03T07:00:00	54.055	56.387	53.175	53.338	53.955	56.329	53.107	53.205	
2008-12-27T07:00:00	52.587	54.222	51.885	54.055	52.267	54.115	51.333	53.955	
2008-12-20T07:00:00	51.313	52.627	51.267	52.587	51.152	52.448	51.033	52.267	
2008-12-13T07:00:00	49.608	54.210	49.507	51.313	49.517	54.118	49.257	51.152	
2008-12-06T07:00:00	49.761	51.392	48.122	49.608	49.631	51.217	47.966	49.517	
2008-11-29T07:00:00	52.635	52.635	47.844	49.761	52.354	52.354	47.740	49.631	
2008-11-22T07:00:00	51.442	53.850	50.337	52.635	51.354	53.760	50.097	52.354	
2008-11-15T07:00:00	54.207	54.657	48.720	51.442	54.097	54.542	48.477	51.354	
2008-11-08T07:00:00	57.987	60.137	52.517	54.207	57.902	60.042	52.117	54.097	
2008-11-01T06:00:00	57.697	61.720	56.087	57.987	57.522	61.512	56.007	57.902	
2008-10-25T06:00:00	53.002	59.622	49.327	57.697	52.882	59.512	49.041	57.522	
2008-10-18T06:00:00	62.077	63.842	50.177	53.002	61.882	63.762	49.991	52.882	
2008-10-11T06:00:00	59.917	65.377	58.992	62.077	59.712	65.272	58.774	61.882	
2008-10-04T06:00:00	69.697	69.697	57.441	59.917	69.592	69.592	57.285	59.712	
2008-09-27T06:00:00	72.707	73.482	68.917	69.697	72.642	73.402	68.767	69.592	
2008-09-20T06:00:00	73.917	74.167	71.687	72.707	73.812	74.102	71.602	72.642	
2008-09-13T06:00:00	72.127	74.217	67.277	73.917	72.022	74.112	67.210	73.812	
2008-09-06T06:00:00	71.564	74.657	68.573	72.127	71.509	74.528	68.507	72.022	
2008-08-30T06:00:00	76.201	76.201	69.912	71.564	76.146	76.146	69.797	71.509	
2008-08-23T06:00:00	78.074	78.162	75.711	76.201	78.019	78.057	75.658	76.146	
2008-08-16T06:00:00	78.087	79.047	77.209	78.074	77.932	78.965	77.148	78.019	
2008-08-09T06:00:00	77.758	78.211	73.979	78.087	77.703	78.156	73.927	77.932	
2008-08-02T06:00:00	78.353	79.220	76.590	77.758	78.298	79.151	76.515	77.703	
2008-07-26T06:00:00	80.185	80.305	77.937	78.353	80.130	80.257	77.877	78.298	
2008-07-19T06:00:00	81.415	81.676	79.269	80.185	81.360	81.584	79.214	80.130	
2008-07-12T06:00:00	81.021	81.649	80.192	81.415	80.967	81.596	80.142	81.360	
2008-07-05T06:00:00	81.072	81.707	79.952	81.021	81.017	81.657	79.904	80.967	
2008-06-28T06:00:00	80.762	81.257	79.780	81.072	80.707	81.213	79.728	81.017	
2008-06-21T06:00:00	81.689	82.067	80.494	80.762	81.634	82.007	80.405	80.707	
2008-06-14T06:00:00	81.120	82.457	81.120	81.689	81.065	82.402	81.052	81.634	
2008-06-07T06:00:00	80.659	81.519	80.246	81.120	80.594	81.464	80.191	81.065	
2008-05-31T06:00:00	82.625	82.717	80.535	80.659	82.570	82.662	80.470	80.594	
2008-05-24T06:00:00	81.227	82.777	80.981	82.625	81.152	82.722	80.882	82.570	
2008-05-17T06:00:00	80.510	81.937	79.833	81.227	80.455	81.865	79.762	81.152	
2008-05-10T06:00:00	79.194	80.910	78.564	80.510	79.139	80.855	78.509	80.455	
2008-05-03T06:00:00	82.356	83.087	78.543	79.194	82.301	83.020	78.492	79.139	
2008-04-26T06:00:00	81.563	82.627	79.977	82.356	81.508	82.542	79.923	82.301	
2008-04-19T06:00:00	82.073	82.930	81.347	81.563	82.018	82.875	81.282	81.508	
2008-04-12T06:00:00	80.141	82.457	79.157	82.073	80.066	82.383	79.072	82.018	
2008-04-05T06:00:00	80.185	82.177	79.962	80.141	80.110	82.092	79.872	80.066	
2008-03-29T06:00:00	79.059	81.427	77.978	80.185	79.004	81.342	77.923	80.110	
2008-03-22T06:00:00	78.847	81.097	78.567	79.059	78.702	81.033	78.492	79.004	
2008-03-15T06:00:00	80.805	81.877	76.815	78.847	80.732	81.772	76.712	78.702	
2008-03-08T07:00:00	81.738	83.367	79.977	80.805	81.683	83.269	79.892	80.732	
2008-03-01T07:00:00	83.065	83.737	80.787	81.738	83.000	83.642	80.692	81.683	
2008-02-23T07:00:00	86.747	88.154	82.908	83.065	86.622	88.099	82.843	83.000	
2008-02-16T07:00:00	85.228	86.897	85.147	86.747	85.163	86.832	85.012	86.622	
2008-02-09T07:00:00	84.610	85.839	83.907	85.228	84.545	85.784	83.860	85.163	
2008-02-02T07:00:00	84.649	85.273	82.801	84.610	84.564	85.223	82.747	84.545	
2008-01-26T07:00:00	82.318	84.763	81.380	84.649	82.253	84.698	81.292	84.564	
2008-01-19T07:00:00	81.106	83.520	78.220	82.318	81.051	83.455	78.145	82.253	
2008-01-12T07:00:00	85.348	85.671	80.683	81.106	85.293	85.616	80.618	81.051	
2008-01-05T07:00:00	83.043	86.240	83.013	85.348	82.988	86.185	82.932	85.293	
2007-12-29T07:00:00	87.221	87.367	82.980	83.043	87.146	87.262	82.902	82.988	
2007-12-22T07:00:00	87.258	88.288	86.811	87.221	87.193	88.213	86.747	87.146	
2007-12-15T07:00:00	87.095	87.475	84.838	87.258	87.020	87.410	84.772	87.193	
2007-12-08T07:00:00	86.710	89.157	85.322	87.095	86.635	89.095	85.267	87.020	
2007-12-01T07:00:00	84.728	87.312	83.241	86.710	84.673	87.257	83.186	86.635	
2007-11-24T07:00:00	82.197	86.008	80.340	84.728	82.119	85.957	80.285	84.673	
2007-11-17T07:00:00	83.866	84.596	80.767	82.197	83.811	84.515	80.695	82.119	
2007-11-10T07:00:00	84.517	85.720	81.287	83.866	84.471	85.665	81.212	83.811	
2007-11-03T06:00:00	87.883	90.127	84.499	84.517	87.832	90.052	84.444	84.471	
2007-10-27T06:00:00	87.594	89.407	86.739	87.883	87.539	89.360	86.682	87.832	
2007-10-20T06:00:00	85.751	87.824	83.677	87.594	85.692	87.782	83.606	87.539	
2007-10-13T06:00:00	91.238	91.517	85.649	85.751	91.183	91.422	85.594	85.692	
2007-10-06T06:00:00	89.034	91.253	88.886	91.238	88.979	91.202	88.831	91.183	
2007-09-29T06:00:00	87.079	89.151	87.079	89.034	87.024	89.112	87.024	88.979	
2007-09-22T06:00:00	85.761	87.394	83.583	87.079	85.706	87.342	83.528	87.024	
2007-09-15T06:00:00	82.238	86.036	80.467	85.761	82.183	85.982	80.417	85.706	
2007-09-08T06:00:00	78.417	82.997	77.007	82.238	78.352	82.942	76.932	82.183	
2007-09-01T06:00:00	81.347	81.967	77.687	78.417	81.222	81.912	77.632	78.352	
2007-08-25T06:00:00	83.817	84.947	78.327	81.347	83.742	84.862	78.242	81.222	
2007-08-18T06:00:00	79.437	83.997	78.167	83.817	79.302	83.942	78.082	83.742	
2007-08-11T06:00:00	88.507	88.527	74.337	79.437	88.432	88.442	74.222	79.302	
2007-08-04T06:00:00	89.857	92.277	86.797	88.507	89.782	92.222	86.742	88.432	
2007-07-28T06:00:00	91.007	92.407	88.667	89.857	90.952	92.352	88.612	89.782	
2007-07-21T06:00:00	96.637	97.817	90.487	91.007	96.552	97.762	90.432	90.952	
2007-07-14T06:00:00	95.887	97.387	95.757	96.637	95.832	97.322	95.692	96.552	
2007-07-07T06:00:00	96.497	96.737	93.437	95.887	96.442	96.652	93.352	95.832	
2007-06-30T06:00:00	94.997	97.047	94.997	96.497	94.902	96.952	94.902	96.442	
2007-06-23T06:00:00	94.397	95.617	92.707	94.997	94.302	95.522	92.612	94.902	
2007-06-16T06:00:00	93.227	95.297	92.677	94.397	93.132	95.202	92.582	94.302	
2007-06-09T06:00:00	93.007	93.337	90.967	93.227	92.912	93.242	90.872	93.132	
2007-06-02T06:00:00	90.827	93.087	90.577	93.007	90.732	92.992	90.482	92.912	
2007-05-26T06:00:00	88.397	90.927	88.117	90.827	88.302	90.832	88.022	90.732	
2007-05-19T06:00:00	88.487	88.957	87.627	88.397	88.392	88.862	87.532	88.302	
2007-05-12T06:00:00	88.297	89.137	87.807	88.487	88.202	89.042	87.712	88.392	
2007-05-05T06:00:00	88.457	88.787	86.937	88.297	88.362	88.692	86.842	88.202	
2007-04-28T06:00:00	88.707	88.987	88.097	88.457	88.612	88.892	88.002	88.362	
2007-04-21T06:00:00	88.887	88.947	87.497	88.707	88.792	88.852	87.402	88.612	
2007-04-14T06:00:00	87.987	89.107	86.737	88.887	87.892	89.012	86.642	88.792	
2007-04-07T06:00:00	86.007	88.167	85.837	87.987	85.912	88.072	85.742	87.892	
2007-03-31T06:00:00	84.237	86.277	83.837	86.007	84.142	86.182	83.742	85.912	
2007-03-24T06:00:00	84.087	85.217	82.637	84.237	83.992	85.122	82.542	84.142	
2007-03-17T06:00:00	81.607	84.427	80.927	84.087	81.512	84.332	80.832	83.992	
2007-03-10T07:00:00	81.767	82.337	79.317	81.607	81.672	82.242	79.222	81.512	
2007-03-03T07:00:00	80.257	81.847	77.497	81.767	80.162	81.752	77.402	81.672	
2007-02-24T07:00:00	85.517	85.887	80.177	80.257	85.422	85.792	80.082	80.162	
2007-02-17T07:00:00	83.307	85.877	83.297	85.517	83.212	85.782	83.202	85.422	
2007-02-10T07:00:00	83.077	84.017	82.637	83.307	82.982	83.922	82.542	83.212	
2007-02-03T07:00:00	82.477	83.417	81.557	83.077	82.382	83.322	81.462	82.982	
2007-01-27T07:00:00	84.517	85.217	81.967	82.477	84.522	85.122	81.872	82.382	
2007-01-20T07:00:00	84.267	85.427	83.637	84.517	84.272	85.432	83.642	84.522	
2007-01-13T07:00:00	83.097	84.437	82.997	84.267	83.102	84.442	83.002	84.272	
2007-01-06T07:00:00	81.557	83.507	80.967	83.097	81.562	83.512	80.972	83.102	
2006-12-30T07:00:00	83.967	84.647	81.387	81.557	83.872	84.652	81.392	81.562	
2006-12-23T07:00:00	83.337	84.257	83.027	83.967	83.242	84.162	82.932	83.872	
2006-12-16T07:00:00	81.497	83.357	81.267	83.337	81.402	83.262	81.172	83.242	
2006-12-09T07:00:00	79.947	81.687	79.637	81.497	79.852	81.592	79.542	81.402	
2006-12-02T07:00:00	79.397	80.477	78.417	79.947	79.302	80.382	78.322	79.852	
2006-11-25T07:00:00	77.817	79.637	77.597	79.397	77.722	79.542	77.502	79.302	
2006-11-18T07:00:00	78.307	79.287	77.467	77.817	78.212	79.192	77.372	77.722	
2006-11-11T07:00:00	78.387	78.797	77.477	78.307	78.292	78.702	77.382	78.212	
2006-11-04T07:00:00	79.097	79.307	78.097	78.387	79.002	79.212	78.002	78.292	
2006-10-28T06:00:00	77.947	79.277	77.617	79.097	77.852	79.182	77.522	79.002	
2006-10-21T06:00:00	79.407	79.567	77.467	77.947	79.312	79.472	77.372	77.852	
2006-10-14T06:00:00	78.717	79.447	78.257	79.407	78.622	79.352	78.162	79.312	
2006-10-07T06:00:00	78.297	79.187	77.807	78.717	78.302	79.092	77.712	78.622	
2006-09-30T06:00:00	77.157	78.477	76.787	78.297	77.062	78.482	76.692	78.302	
2006-09-23T06:00:00	77.157	78.307	76.647	77.157	77.062	78.212	76.552	77.062	
2006-09-16T06:00:00	77.987	78.727	76.417	77.157	77.892	78.632	76.322	77.062	
2006-09-09T06:00:00	74.537	78.307	74.127	77.987	74.442	78.212	74.032	77.892	
2006-09-02T06:00:00	76.777	77.017	74.097	74.537	76.682	76.922	74.002	74.442	
2006-08-26T06:00:00	74.687	77.177	74.477	76.777	74.592	77.082	74.382	76.682	
2006-08-19T06:00:00	74.107	74.847	73.857	74.687	74.012	74.752	73.762	74.592	
2006-08-12T06:00:00	73.627	74.597	73.277	74.107	73.632	74.502	73.182	74.012	
2006-08-05T06:00:00	71.567	73.857	71.367	73.627	71.572	73.862	71.372	73.632	
2006-07-29T06:00:00	70.797	71.597	70.277	71.567	70.802	71.602	70.282	71.572	
2006-07-22T06:00:00	72.457	73.407	70.707	70.797	72.462	73.312	70.712	70.802	
2006-07-15T06:00:00	72.107	73.517	71.897	72.457	72.112	73.522	71.802	72.462	
2006-07-08T06:00:00	69.627	72.227	69.347	72.107	69.632	72.232	69.352	72.112	
2006-07-01T06:00:00	69.677	70.337	69.287	69.627	69.682	70.242	69.292	69.632	
2006-06-24T06:00:00	70.797	70.887	68.857	69.677	70.802	70.882	68.862	69.682	
2006-06-17T06:00:00	71.067	71.617	70.217	70.797	71.072	71.622	70.222	70.802	
2006-06-10T06:00:00	72.237	72.327	70.847	71.067	72.142	72.332	70.852	71.072	
2006-06-03T06:00:00	70.417	72.377	70.417	72.237	70.322	72.282	70.322	72.142	
2006-05-27T06:00:00	71.467	72.117	70.187	70.417	71.372	72.022	70.092	70.322	
2006-05-20T06:00:00	69.337	72.157	68.987	71.467	69.242	72.062	68.892	71.372	
2006-05-13T06:00:00	69.187	69.607	67.857	69.337	69.092	69.512	67.762	69.242	
2006-05-06T06:00:00	72.267	72.377	68.527	69.187	72.172	72.282	68.432	69.092	
2006-04-29T06:00:00	72.737	73.217	72.027	72.267	72.642	73.122	71.932	72.172	
2006-04-22T06:00:00	73.957	73.957	71.577	72.737	73.862	73.862	71.482	72.642	
2006-04-15T06:00:00	73.347	74.787	73.107	73.957	73.252	74.692	73.012	73.862	
2006-04-08T06:00:00	71.987	74.197	71.737	73.347	71.892	74.102	71.642	73.252	
2006-04-01T07:00:00	72.507	73.077	70.747	71.987	72.412	72.982	70.652	71.892	
2006-03-25T07:00:00	71.577	72.607	70.567	72.507	71.482	72.512	70.472	72.412	
2006-03-18T07:00:00	73.467	73.847	71.467	71.577	73.472	73.752	71.372	71.482	
2006-03-11T07:00:00	76.247	76.517	73.047	73.467	76.252	76.522	73.052	73.472	
2006-03-04T07:00:00	77.477	78.037	75.837	76.247	77.382	77.942	75.842	76.252	
2006-02-25T07:00:00	77.347	77.797	76.197	77.477	77.352	77.702	76.102	77.382	
2006-02-18T07:00:00	79.017	79.417	76.977	77.347	78.922	79.322	76.982	77.352	
2006-02-11T07:00:00	80.027	80.437	78.457	79.017	79.932	80.342	78.362	78.922	
2006-02-04T07:00:00	81.737	81.857	79.687	80.027	81.642	81.762	79.592	79.932	
2006-01-28T07:00:00	79.927	82.047	79.677	81.737	79.832	81.952	79.582	81.642	
2006-01-21T07:00:00	78.327	80.137	77.547	79.927	78.232	80.042	77.452	79.832	
2006-01-14T07:00:00	79.827	80.457	77.927	78.327	79.732	80.362	77.832	78.232	
2006-01-07T07:00:00	79.177	79.947	78.657	79.827	79.082	79.852	78.562	79.732	
2005-12-31T07:00:00	80.577	80.907	78.897	79.177	80.482	80.812	78.802	79.082	
2005-12-24T07:00:00	78.227	80.757	78.177	80.577	78.132	80.662	78.082	80.482	
2005-12-17T07:00:00	79.947	80.797	78.037	78.227	79.852	80.702	77.942	78.132	
2005-12-10T07:00:00	84.817	85.557	79.447	79.947	84.722	85.462	79.352	79.852	
2005-12-03T07:00:00	86.067	87.147	84.077	84.817	85.972	87.052	83.982	84.722	
2005-11-26T07:00:00	83.367	86.117	83.187	86.067	83.272	86.022	83.092	85.972	
2005-11-19T07:00:00	81.777	83.487	81.697	83.367	81.782	83.392	81.602	83.272	
2005-11-12T07:00:00	81.047	81.947	80.477	81.777	80.952	81.952	80.482	81.782	
2005-11-05T07:00:00	80.767	81.297	79.507	81.047	80.672	81.202	79.412	80.952	
2005-10-29T06:00:00	81.367	81.817	80.597	80.767	81.372	81.722	80.502	80.672	
2005-10-22T06:00:00	81.027	81.727	80.617	81.367	81.032	81.732	80.622	81.372	
2005-10-15T06:00:00	79.427	81.187	79.307	81.027	79.432	81.192	79.312	81.032	
2005-10-08T06:00:00	79.097	79.827	78.917	79.427	79.102	79.832	78.922	79.432	
2005-10-01T06:00:00	78.477	79.857	78.347	79.097	78.482	79.862	78.352	79.102	
2005-09-24T06:00:00	77.327	78.687	76.707	78.477	77.332	78.692	76.712	78.482	
2005-09-17T06:00:00	78.337	78.537	76.707	77.327	78.342	78.542	76.712	77.332	
2005-09-10T06:00:00	77.517	78.437	77.187	78.337	77.522	78.442	77.192	78.342	
2005-09-03T06:00:00	77.537	78.207	77.127	77.517	77.542	78.212	77.132	77.522	
2005-08-27T06:00:00	76.587	77.637	76.337	77.537	76.592	77.642	76.342	77.542	
2005-08-20T06:00:00	76.617	77.107	76.217	76.587	76.622	77.112	76.222	76.592	
2005-08-13T06:00:00	77.437	77.777	76.397	76.617	77.442	77.782	76.402	76.622	
2005-08-06T06:00:00	77.297	77.817	76.687	77.437	77.302	77.822	76.692	77.442	
2005-07-30T06:00:00	76.447	77.337	76.327	77.297	76.452	77.342	76.332	77.302	
2005-07-23T06:00:00	76.257	76.837	75.937	76.447	76.262	76.842	75.942	76.452	
2005-07-16T06:00:00	75.527	76.777	75.347	76.257	75.532	76.782	75.352	76.262	
2005-07-09T06:00:00	75.417	76.167	75.017	75.527	75.422	76.172	75.022	75.532	
2005-07-02T06:00:00	76.157	76.377	75.087	75.417	76.162	76.382	75.092	75.422	
2005-06-25T06:00:00	76.877	77.557	76.007	76.157	76.882	77.562	76.012	76.162	
2005-06-18T06:00:00	77.837	78.307	76.607	76.877	77.842	78.312	76.612	76.882	
2005-06-11T06:00:00	76.597	78.117	76.567	77.837	76.602	78.122	76.572	77.842	
2005-06-04T06:00:00	75.257	76.737	75.247	76.597	75.262	76.742	75.252	76.602	
2005-05-28T06:00:00	77.147	77.187	75.257	75.257	77.152	77.192	75.262	75.262	
2005-05-21T06:00:00	76.547	77.227	76.207	77.147	76.552	77.232	76.212	77.152	
2005-05-14T06:00:00	76.397	76.717	75.287	76.547	76.402	76.722	75.292	76.552	
2005-05-07T06:00:00	76.877	77.407	76.207	76.397	76.882	77.412	76.212	76.402	
2005-04-30T06:00:00	76.597	77.177	76.057	76.877	76.602	77.182	76.062	76.882	
2005-04-23T06:00:00	77.557	77.637	76.047	76.597	77.562	77.642	76.052	76.602	
2005-04-16T06:00:00	77.017	78.137	76.677	77.557	77.022	78.142	76.682	77.562	
2005-04-09T06:00:00	77.597	78.367	76.977	77.017	77.602	78.372	76.982	77.022	
2005-04-02T07:00:00	76.177	77.787	75.987	77.597	76.182	77.792	75.992	77.602	
2005-03-26T07:00:00	75.927	76.587	75.457	76.177	75.932	76.592	75.462	76.182	
2005-03-19T07:00:00	77.927	77.997	75.627	75.927	77.932	78.002	75.632	75.932	
2005-03-12T07:00:00	76.867	77.997	76.627	77.927	76.872	78.002	76.632	77.932	
2005-03-05T07:00:00	76.707	77.547	75.967	76.867	76.712	77.552	75.972	76.872	
2005-02-26T07:00:00	75.997	77.057	75.497	76.707	76.002	77.062	75.502	76.712	
2005-02-19T07:00:00	76.397	76.777	75.517	75.997	76.402	76.782	75.522	76.002	
2005-02-12T07:00:00	75.397	76.657	74.547	76.397	75.402	76.662	74.552	76.402	
2005-02-05T07:00:00	73.807	75.527	73.307	75.397	73.812	75.532	73.312	75.402	
2005-01-29T07:00:00	73.547	74.397	73.417	73.807	73.552	74.402	73.422	73.812	
2005-01-22T07:00:00	73.347	74.087	73.107	73.547	73.352	74.092	73.112	73.552	
2005-01-15T07:00:00	71.317	73.777	70.747	73.347	71.322	73.782	70.752	73.352	
2005-01-08T07:00:00	72.717	72.917	71.007	71.317	72.722	72.922	71.012	71.322	
2005-01-01T07:00:00	73.917	74.097	72.587	72.717	73.922	74.102	72.592	72.722	
2004-12-25T07:00:00	74.327	74.757	73.577	73.917	74.332	74.762	73.582	73.922	
2004-12-18T07:00:00	74.397	74.947	73.747	74.327	74.402	74.952	73.752	74.332	
2004-12-11T07:00:00	74.037	75.057	73.777	74.397	74.042	75.062	73.782	74.402	
2004-12-04T07:00:00	73.597	74.657	73.227	74.037	73.602	74.662	73.232	74.042	
2004-11-27T07:00:00	73.507	74.267	73.047	73.597	73.512	74.272	73.052	73.602	
2004-11-20T07:00:00	73.037	73.897	72.807	73.507	73.042	73.902	72.812	73.512	
2004-11-13T07:00:00	73.117	73.997	72.927	73.037	73.122	74.002	72.932	73.042	
2004-11-06T07:00:00	73.337	73.697	72.617	73.117	73.342	73.702	72.622	73.122	
2004-10-30T06:00:00	72.397	73.497	72.307	73.337	72.402	73.502	72.312	73.342	
2004-10-23T06:00:00	74.597	75.027	72.177	72.397	74.602	75.032	72.182	72.402	
2004-10-16T06:00:00	75.007	75.287	74.067	74.597	75.012	75.292	74.072	74.602	
2004-10-09T06:00:00	74.957	75.097	73.687	75.007	74.962	75.102	73.692	75.012	
2004-10-02T06:00:00	74.477	75.307	73.947	74.957	74.482	75.312	73.952	74.962	
2004-09-25T06:00:00	73.877	74.717	73.617	74.477	73.882	74.722	73.622	74.482	
2004-09-18T06:00:00	72.417	74.047	72.327	73.877	72.422	74.052	72.332	73.882	
2004-09-11T06:00:00	71.787	72.837	71.627	72.417	71.792	72.842	71.632	72.422	
2004-09-04T06:00:00	71.387	72.237	70.217	71.787	71.392	72.242	70.222	71.792	
2004-08-28T06:00:00	71.657	72.047	70.507	71.387	71.662	72.052	70.512	71.392	
2004-08-21T06:00:00	73.347	73.527	70.697	71.657	73.352	73.532	70.702	71.662	
2004-08-14T06:00:00	73.717	73.777	72.467	73.347	73.722	73.782	72.472	73.352	
2004-08-07T06:00:00	71.977	73.767	71.897	73.717	71.982	73.772	71.902	73.722	
2004-07-31T06:00:00	70.627	72.357	70.497	71.977	70.632	72.362	70.502	71.982	
2004-07-24T06:00:00	69.887	71.207	69.377	70.627	69.892	71.212	69.382	70.632	
2004-07-17T06:00:00	71.587	71.837	69.737	69.887	71.592	71.842	69.742	69.892	
2004-07-10T06:00:00	71.247	72.037	70.687	71.587	71.252	72.042	70.692	71.592	
2004-07-03T06:00:00	70.097	71.567	70.017	71.247	70.102	71.572	70.022	71.252	
2004-06-26T06:00:00	68.437	70.397	67.877	70.097	68.442	70.402	67.882	70.102	
2004-06-19T06:00:00	68.157	68.697	67.497	68.437	68.162	68.702	67.502	68.442	
2004-06-12T06:00:00	69.187	69.977	67.787	68.157	69.192	69.982	67.792	68.162	
2004-06-05T06:00:00	68.947	69.547	67.407	69.187	68.952	69.552	67.412	69.192	
2004-05-29T06:00:00	69.577	69.837	68.157	68.947	69.582	69.842	68.162	68.952	
2004-05-22T06:00:00	68.337	70.597	68.177	69.577	68.342	70.602	68.182	69.582	
2004-05-15T06:00:00	69.057	69.127	67.597	68.337	69.062	69.132	67.602	68.342	
2004-05-08T06:00:00	69.287	69.537	68.307	69.057	69.292	69.542	68.312	69.062	
2004-05-01T06:00:00	69.127	69.877	68.567	69.287	69.132	69.882	68.572	69.292	
2004-04-24T06:00:00	68.287	69.427	67.947	69.127	68.292	69.432	67.952	69.132	
2004-04-17T06:00:00	68.917	70.017	67.557	68.287	68.922	70.022	67.562	68.292	
2004-04-10T06:00:00	70.227	70.437	68.277	68.917	70.232	70.442	68.282	68.922	
2004-04-03T07:00:00	68.807	70.327	68.007	70.227	68.812	70.332	68.012	70.232	
2004-03-27T07:00:00	68.967	69.937	68.097	68.807	68.972	69.942	68.102	68.812	
2004-03-20T07:00:00	69.867	71.087	67.757	68.967	69.872	71.092	67.762	68.972	
2004-03-13T07:00:00	71.357	71.977	69.457	69.867	71.362	71.982	69.462	69.872	
2004-03-06T07:00:00	75.567	76.187	70.257	71.357	75.572	76.192	70.262	71.362	
2004-02-28T07:00:00	74.827	75.827	72.867	75.567	74.832	75.832	72.872	75.572	
2004-02-21T07:00:00	74.507	75.617	73.547	74.827	74.512	75.622	73.552	74.832	
2004-02-14T07:00:00	73.927	75.477	73.487	74.507	73.932	75.482	73.492	74.512	
2004-02-07T07:00:00	73.117	74.367	72.627	73.927	73.122	74.372	72.632	73.932	
2004-01-31T07:00:00	71.217	73.457	70.747	73.117	71.222	73.462	70.752	73.122	
2004-01-24T07:00:00	71.617	72.067	70.187	71.217	71.622	72.072	70.192	71.222	
2004-01-17T07:00:00	70.867	72.187	69.867	71.617	70.872	72.192	69.872	71.622	
2004-01-10T07:00:00	72.477	73.137	70.637	70.867	72.482	73.142	70.642	70.872	
2004-01-03T07:00:00	70.417	73.317	70.377	72.477	70.422	73.322	70.382	72.482	
2003-12-27T07:00:00	69.427	70.547	69.237	70.417	69.432	70.552	69.242	70.422	
2003-12-20T07:00:00	69.467	69.507	68.647	69.427	69.472	69.512	68.652	69.432	
2003-12-13T07:00:00	69.767	70.207	69.097	69.467	69.772	70.212	69.102	69.472	
2003-12-06T07:00:00	69.407	70.337	69.087	69.767	69.412	70.342	69.092	69.772	
2003-11-29T07:00:00	70.047	70.637	69.327	69.407	70.052	70.642	69.332	69.412	
2003-11-22T07:00:00	69.877	70.187	69.467	70.047	69.882	70.192	69.472	70.052	
2003-11-15T07:00:00	68.337	70.327	68.037	69.877	68.342	70.332	68.042	69.882	
2003-11-08T07:00:00	67.447	68.397	67.027	68.337	67.452	68.402	67.032	68.342	
2003-11-01T07:00:00	67.417	68.087	66.727	67.447	67.422	68.092	66.732	67.452	
2003-10-25T06:00:00	66.587	67.557	65.917	67.417	66.592	67.562	65.922	67.422	
2003-10-18T06:00:00	65.217	67.097	64.967	66.587	65.222	67.102	64.972	66.592	
2003-10-11T06:00:00	65.177	65.547	64.397	65.217	65.182	65.552	64.402	65.222	
2003-10-04T06:00:00	65.707	66.267	64.807	65.177	65.712	66.272	64.812	65.182	
2003-09-27T06:00:00	65.927	66.767	65.157	65.707	65.932	66.772	65.162	65.712	
2003-09-20T06:00:00	67.517	67.517	65.637	65.927	67.522	67.522	65.642	65.932	
2003-09-13T06:00:00	68.367	69.047	66.937	67.517	68.372	69.052	66.942	67.522	
2003-09-06T06:00:00	67.337	68.657	67.047	68.367	67.342	68.662	67.052	68.372	
2003-08-30T06:00:00	67.537	67.717	65.427	67.337	67.542	67.722	65.432	67.342	
2003-08-23T06:00:00	68.727	68.817	66.147	67.537	68.732	68.822	66.152	67.542	
2003-08-16T06:00:00	70.327	70.547	68.237	68.727	70.332	70.552	68.242	68.732	
2003-08-09T06:00:00	69.147	70.417	69.067	70.327	69.152	70.422	69.072	70.332	
2003-08-02T06:00:00	70.147	70.507	68.727	69.147	70.152	70.512	68.732	69.152	
2003-07-26T06:00:00	69.747	70.867	69.357	70.147	69.752	70.872	69.362	70.152	
2003-07-19T06:00:00	67.757	70.037	67.507	69.747	67.762	70.042	67.512	69.752	
2003-07-12T06:00:00	69.647	69.897	67.407	67.757	69.652	69.902	67.412	67.762	
2003-07-05T06:00:00	70.257	71.157	67.637	69.647	70.262	71.162	67.642	69.652	
2003-06-28T06:00:00	69.647	71.177	69.537	70.257	69.652	71.182	69.542	70.262	
2003-06-21T06:00:00	69.047	69.767	68.437	69.647	69.052	69.772	68.442	69.652	
2003-06-14T06:00:00	68.197	69.547	68.107	69.047	68.202	69.552	68.112	69.052	
2003-06-07T06:00:00	68.507	68.557	67.207	68.197	68.512	68.562	67.212	68.202	
2003-05-31T06:00:00	68.837	69.287	67.777	68.507	68.842	69.292	67.782	68.512	
2003-05-24T06:00:00	68.247	69.067	67.667	68.837	68.252	69.072	67.672	68.842	
2003-05-17T06:00:00	67.357	68.607	67.167	68.247	67.362	68.612	67.172	68.252	
2003-05-10T06:00:00	67.497	67.987	66.067	67.357	67.502	67.992	66.072	67.362	
2003-05-03T06:00:00	67.017	67.677	65.547	67.497	67.022	67.682	65.552	67.502	
2003-04-26T06:00:00	66.617	67.117	66.187	67.017	66.622	67.122	66.192	67.022	
2003-04-19T06:00:00	66.607	67.407	66.197	66.617	66.612	67.412	66.202	66.622	
2003-04-12T06:00:00	65.697	67.077	65.457	66.607	65.702	67.082	65.462	66.612	
2003-04-05T07:00:00	64.827	65.897	64.237	65.697	64.832	65.902	64.242	65.702	
2003-03-29T07:00:00	65.907	66.257	64.477	64.827	65.912	66.262	64.482	64.832	
2003-03-22T07:00:00	66.777	66.907	65.327	65.907	66.782	66.912	65.332	65.912	
2003-03-15T07:00:00	65.207	66.927	64.567	66.777	65.212	66.932	64.572	66.782	
2003-03-08T07:00:00	65.787	65.847	63.747	65.207	65.792	65.852	63.752	65.212	
2003-03-01T07:00:00	66.047	66.567	65.277	65.787	66.052	66.572	65.282	65.792	
2003-02-22T07:00:00	66.207	66.777	65.567	66.047	66.212	66.782	65.572	66.052	
2003-02-15T07:00:00	66.467	66.587	65.197	66.207	66.472	66.592	65.202	66.212	
2003-02-08T07:00:00	66.057	66.997	65.917	66.467	66.062	67.002	65.922	66.472	
2003-02-01T07:00:00	65.247	66.057	64.877	66.057	65.252	66.062	64.882	66.062	
2003-01-25T07:00:00	64.797	65.437	64.407	65.247	64.802	65.442	64.412	65.252	
2003-01-18T07:00:00	64.907	65.367	63.797	64.797	64.912	65.372	63.802	64.802	
2003-01-11T07:00:00	64.157	65.117	63.207	64.907	64.162	65.122	63.212	64.912	
2003-01-04T07:00:00	63.237	64.307	62.867	64.157	63.242	64.312	62.872	64.162	
2002-12-28T07:00:00	62.267	63.307	61.717	63.237	62.272	63.312	61.722	63.242	
2002-12-21T07:00:00	62.087	62.317	61.687	62.267	62.092	62.322	61.692	62.272	
2002-12-14T07:00:00	61.927	62.947	61.647	62.087	61.932	62.952	61.652	62.092	
2002-12-07T07:00:00	61.977	62.827	61.527	61.927	61.982	62.832	61.532	61.932	
2002-11-30T07:00:00	61.037	63.027	61.007	61.977	61.042	63.032	61.012	61.982	
2002-11-23T07:00:00	61.757	61.987	59.517	61.037	61.762	61.992	59.522	61.042	
2002-11-16T07:00:00	60.207	61.907	59.907	61.757	60.212	61.912	59.912	61.762	
2002-11-09T07:00:00	59.457	60.457	58.747	60.207	59.462	60.462	58.752	60.212	
2002-11-02T07:00:00	60.077	60.877	59.417	59.457	60.082	60.882	59.422	59.462	
2002-10-26T06:00:00	60.497	60.857	59.077	60.077	60.502	60.862	59.082	60.082	
2002-10-19T06:00:00	60.347	60.757	59.917	60.497	60.352	60.762	59.922	60.502	
2002-10-12T06:00:00	59.667	60.457	59.097	60.347	59.672	60.462	59.102	60.352	
2002-10-05T06:00:00	59.027	60.287	58.837	59.667	59.032	60.292	58.842	59.672	
2002-09-28T06:00:00	57.717	59.047	56.767	59.027	57.722	59.052	56.772	59.032	
2002-09-21T06:00:00	57.997	58.287	56.977	57.717	58.002	58.292	56.982	57.722	
2002-09-14T06:00:00	57.697	58.347	56.717	57.997	57.702	58.352	56.722	58.002	
2002-09-07T06:00:00	55.587	57.907	55.457	57.697	55.592	57.912	55.462	57.702	
2002-08-31T06:00:00	55.477	55.807	54.297	55.587	55.482	55.812	54.302	55.592	
2002-08-24T06:00:00	55.697	56.387	54.867	55.477	55.702	56.392	54.872	55.482	
2002-08-17T06:00:00	55.027	56.097	54.757	55.697	55.032	56.102	54.762	55.702	
2002-08-10T06:00:00	55.007	55.527	53.507	55.027	55.012	55.532	53.512	55.032	
2002-08-03T06:00:00	55.147	55.417	54.047	55.007	55.152	55.422	54.052	55.012	
2002-07-27T06:00:00	54.967	56.557	54.847	55.147	54.972	56.562	54.852	55.152	
2002-07-20T06:00:00	56.477	56.597	53.797	54.967	56.482	56.602	53.802	54.972	
2002-07-13T06:00:00	56.577	56.847	55.767	56.477	56.582	56.852	55.772	56.482	
2002-07-06T06:00:00	58.427	58.427	56.037	56.577	58.432	58.432	56.042	56.582	
2002-06-29T06:00:00	58.177	58.777	57.837	58.427	58.182	58.782	57.842	58.432	
2002-06-22T06:00:00	60.157	61.157	57.577	58.177	60.162	61.162	57.582	58.182	
2002-06-15T06:00:00	59.997	61.467	59.787	60.157	60.002	61.472	59.792	60.162	
2002-06-08T06:00:00	60.707	62.097	59.827	59.997	60.712	62.102	59.832	60.002	
2002-06-01T06:00:00	59.667	61.307	59.487	60.707	59.672	61.312	59.492	60.712	
2002-05-25T06:00:00	58.617	60.017	58.367	59.667	58.622	60.022	58.372	59.672	
2002-05-18T06:00:00	58.507	59.467	57.587	58.617	58.512	59.472	57.592	58.622	
2002-05-11T06:00:00	57.817	59.187	57.527	58.507	57.822	59.192	57.532	58.512	
2002-05-04T06:00:00	56.957	58.167	56.807	57.817	56.962	58.172	56.812	57.822	
2002-04-27T06:00:00	57.617	57.667	56.717	56.957	57.622	57.672	56.722	56.962	
2002-04-20T06:00:00	58.337	58.457	57.207	57.617	58.342	58.462	57.212	57.622	
2002-04-13T06:00:00	58.387	58.417	57.417	58.337	58.392	58.422	57.422	58.342	
2002-04-06T07:00:00	57.537	58.667	56.577	58.387	57.542	58.672	56.582	58.392	
2002-03-30T07:00:00	58.407	59.147	57.517	57.537	58.412	59.152	57.522	57.542	
2002-03-23T07:00:00	58.107	58.667	57.597	58.407	58.112	58.672	57.602	58.412	
2002-03-16T07:00:00	56.407	58.547	56.297	58.107	56.412	58.552	56.302	58.112	
2002-03-09T07:00:00	55.357	56.467	54.467	56.407	55.362	56.472	54.472	56.412	
2002-03-02T07:00:00	56.507	57.007	54.087	55.357	56.512	57.012	54.092	55.362	
2002-02-23T07:00:00	56.017	56.627	55.667	56.507	56.022	56.632	55.672	56.512	
2002-02-16T07:00:00	55.947	56.467	55.727	56.017	55.952	56.472	55.732	56.022	
2002-02-09T07:00:00	56.207	56.747	55.077	55.947	56.212	56.752	55.082	55.952	
2002-02-02T07:00:00	55.577	56.437	54.997	56.207	55.582	56.442	55.002	56.212	
2002-01-26T07:00:00	56.917	57.177	54.797	55.577	56.922	57.182	54.802	55.582	
2002-01-19T07:00:00	56.097	57.737	55.997	56.917	56.102	57.742	56.002	56.922	
2002-01-12T07:00:00	55.837	56.237	54.967	56.097	55.842	56.242	54.972	56.102	
2002-01-05T07:00:00	56.157	57.347	55.717	55.837	56.162	57.352	55.722	55.842	
2001-12-29T07:00:00	54.387	56.247	54.297	56.157	54.392	56.252	54.302	56.162	
2001-12-22T07:00:00	53.867	54.757	53.547	54.387	53.872	54.762	53.552	54.392	
2001-12-15T07:00:00	53.257	54.267	52.717	53.867	53.262	54.272	52.722	53.872	
2001-12-08T07:00:00	51.967	53.507	51.967	53.257	51.972	53.512	51.972	53.262	
2001-12-01T07:00:00	51.287	52.197	50.897	51.967	51.292	52.202	50.902	51.972	
2001-11-24T07:00:00	51.327	51.517	50.657	51.287	51.332	51.522	50.662	51.292	
