日時	USD/ZAR(始値, 買い)	USD/ZAR(高値, 買い)	USD/ZAR(安値, 買い)	USD/ZAR(終値, 買い)	USD/ZAR(始値, 売り)	USD/ZAR(高値, 売り)	USD/ZAR(安値, 売り)	USD/ZAR(終値, 売り)	
2014-02-01T07:00:00	11.12372	11.29447	11.06373	11.09757	11.11822	11.28022	11.06082	11.09022	
2014-01-25T07:00:00	11.10877	11.39127	10.90676	11.12372	11.07792	11.39032	10.90002	11.11822	
2014-01-18T07:00:00	10.87479	11.19627	10.79507	11.10877	10.85862	11.19412	10.79287	11.07792	
2014-01-11T07:00:00	10.64797	10.96217	10.64031	10.87479	10.64062	10.96052	10.63532	10.85862	
2014-01-04T07:00:00	10.67937	10.83797	10.59257	10.64797	10.65062	10.83452	10.59093	10.64062	
2013-12-28T07:00:00	10.54637	10.70017	10.40917	10.67937	10.51452	10.69702	10.39995	10.65062	
2013-12-21T07:00:00	10.37277	10.55157	10.30337	10.54637	10.33942	10.54072	10.30052	10.51452	
2013-12-14T07:00:00	10.30787	10.47752	10.21963	10.37277	10.27702	10.47522	10.21601	10.33942	
2013-12-07T07:00:00	10.33677	10.45417	10.27217	10.30787	10.30592	10.45202	10.27032	10.27702	
2013-11-30T07:00:00	10.19147	10.58627	10.12817	10.33677	10.15862	10.58302	10.12692	10.30592	
2013-11-23T07:00:00	10.08497	10.26327	10.02867	10.19147	10.05412	10.25660	10.02602	10.15862	
2013-11-16T07:00:00	10.16836	10.22887	10.05277	10.08497	10.15351	10.22622	10.05117	10.05412	
2013-11-09T07:00:00	10.34717	10.46007	10.12177	10.16836	10.31910	10.45883	10.11962	10.15351	
2013-11-02T06:00:00	10.20757	10.40422	10.11767	10.34717	10.17275	10.40162	10.10652	10.31910	
2013-10-26T06:00:00	9.83997	10.21947	9.77767	10.20757	9.81322	10.21772	9.77432	10.17275	
2013-10-19T06:00:00	9.80352	9.88757	9.71937	9.83997	9.79032	9.88662	9.71742	9.81322	
2013-10-12T06:00:00	9.89837	9.99027	9.74387	9.80352	9.88002	9.98452	9.74257	9.79032	
2013-10-05T06:00:00	9.97767	10.05117	9.86777	9.89837	9.97452	10.04852	9.86507	9.88002	
2013-09-28T06:00:00	10.08732	10.15897	9.95902	9.97767	10.06322	10.15712	9.95707	9.97452	
2013-09-21T06:00:00	9.90727	10.16932	9.80907	10.08732	9.87602	10.16722	9.80652	10.06322	
2013-09-14T06:00:00	9.92017	9.94767	9.54831	9.90727	9.89852	9.92802	9.54582	9.87602	
2013-09-07T06:00:00	10.03177	10.05967	9.85537	9.92017	10.00742	10.05852	9.84682	9.89852	
2013-08-31T06:00:00	10.28918	10.35287	10.00187	10.03177	10.27072	10.34632	9.99632	10.00742	
2013-08-24T06:00:00	10.25354	10.51417	10.20957	10.28918	10.23519	10.50637	10.19572	10.27072	
2013-08-17T06:00:00	10.09511	10.45172	10.04057	10.25354	10.08126	10.44120	10.02439	10.23519	
2013-08-10T06:00:00	9.83728	10.09511	9.77947	10.09511	9.81893	10.08782	9.76222	10.08126	
2013-08-03T06:00:00	9.84457	9.97017	9.73107	9.83728	9.82932	9.96552	9.72862	9.81893	
2013-07-27T06:00:00	9.79647	10.04927	9.76457	9.84457	9.76447	10.04160	9.75042	9.82932	
2013-07-20T06:00:00	9.89117	9.88887	9.61433	9.79647	9.87482	9.86312	9.61222	9.76447	
2013-07-13T06:00:00	9.99817	10.00237	9.77551	9.89117	9.96492	9.98502	9.77252	9.87482	
2013-07-06T06:00:00	10.21877	10.30009	9.86667	9.99817	10.19482	10.29723	9.85904	9.96492	
2013-06-29T06:00:00	9.89321	10.21956	9.85507	10.21877	9.86689	10.21308	9.84972	10.19482	
2013-06-22T06:00:00	10.17364	10.30697	9.86537	9.89321	10.15472	10.29812	9.85652	9.86689	
2013-06-15T06:00:00	9.96807	10.32747	9.85017	10.17364	9.94292	10.32342	9.84612	10.15472	
2013-06-08T06:00:00	9.97074	10.36297	9.82597	9.96807	9.95689	10.35912	9.82242	9.94292	
2013-06-01T06:00:00	10.06937	10.10467	9.66367	9.97074	10.05872	10.08954	9.66052	9.95689	
2013-05-25T06:00:00	9.58547	10.28807	9.57097	10.06937	9.56132	10.28302	9.54752	10.05872	
2013-05-18T06:00:00	9.42097	9.69867	9.38427	9.58547	9.38762	9.69171	9.37752	9.56132	
2013-05-11T06:00:00	9.12707	9.44207	9.07617	9.42097	9.09782	9.44052	9.07422	9.38762	
2013-05-04T06:00:00	8.91747	9.14557	8.91457	9.12707	8.90042	9.14452	8.89052	9.09782	
2013-04-27T06:00:00	9.11137	9.12747	8.90217	8.91747	9.09302	9.11612	8.89952	8.90042	
2013-04-20T06:00:00	9.23207	9.31307	9.05637	9.11137	9.21832	9.31072	9.05322	9.09302	
2013-04-13T06:00:00	8.94437	9.26217	8.94437	9.23207	8.93092	9.25742	8.93092	9.21832	
2013-04-06T06:00:00	9.10037	9.11727	8.85857	8.94437	9.09512	9.11092	8.85662	8.93092	
2013-03-30T06:00:00	9.24677	9.27847	9.07397	9.10037	9.22542	9.27632	9.07062	9.09512	
2013-03-23T06:00:00	9.31567	9.32857	9.17147	9.24677	9.28472	9.32092	9.16912	9.22542	
2013-03-16T06:00:00	9.18737	9.36857	9.15257	9.31567	9.18152	9.36542	9.14482	9.28472	
2013-03-09T07:00:00	9.09587	9.29407	9.08027	9.18737	9.08202	9.29212	9.05932	9.18152	
2013-03-02T07:00:00	9.08027	9.18907	9.00987	9.09587	9.05332	9.18722	9.00772	9.08202	
2013-02-23T07:00:00	8.86637	9.11267	8.78087	9.08027	8.85972	9.11222	8.77862	9.05332	
2013-02-16T07:00:00	8.85197	8.95907	8.82427	8.86637	8.84262	8.95822	8.82222	8.85972	
2013-02-09T07:00:00	8.88907	8.99217	8.77347	8.85197	8.87912	8.99042	8.77002	8.84262	
2013-02-02T07:00:00	8.86957	8.95387	8.81167	8.88907	8.81292	8.95252	8.80562	8.87912	
2013-01-26T07:00:00	8.94857	9.16197	8.83167	8.86957	8.94142	9.16032	8.81292	8.81292	
2013-01-19T07:00:00	8.89287	9.08927	8.81047	8.94857	8.86852	9.08622	8.80982	8.94142	
2013-01-12T07:00:00	8.73067	8.91917	8.68527	8.89287	8.70932	8.91782	8.68282	8.86852	
2013-01-05T07:00:00	8.56977	8.76087	8.55507	8.73067	8.55822	8.75902	8.55252	8.70932	
2012-12-29T07:00:00	8.48287	8.67147	8.42767	8.56977	8.47352	8.66912	8.41112	8.55822	
2012-12-22T07:00:00	8.58447	8.60207	8.47237	8.48287	8.56712	8.59272	8.46792	8.47352	
2012-12-15T07:00:00	8.61977	8.65767	8.44227	8.58447	8.61272	8.63842	8.43662	8.56712	
2012-12-08T07:00:00	8.65907	8.70987	8.61397	8.61977	8.64822	8.70862	8.60612	8.61272	
2012-12-01T07:00:00	8.91557	8.92627	8.65157	8.65907	8.90412	8.92362	8.64782	8.64822	
2012-11-24T07:00:00	8.90047	8.93787	8.74727	8.91557	8.85252	8.93432	8.74542	8.90412	
2012-11-17T07:00:00	8.86747	9.01087	8.80907	8.90047	8.85952	9.00822	8.80712	8.85252	
2012-11-10T07:00:00	8.71207	8.99007	8.68197	8.86747	8.70582	8.98932	8.67982	8.85952	
2012-11-03T06:00:00	8.78847	8.79607	8.59527	8.71207	8.75952	8.79482	8.59302	8.70582	
2012-10-27T06:00:00	8.64477	8.79777	8.61457	8.78847	8.63792	8.79112	8.61352	8.75952	
2012-10-20T06:00:00	8.65917	8.82727	8.59857	8.64477	8.65552	8.82552	8.59662	8.63792	
2012-10-13T06:00:00	8.74277	8.83707	8.54747	8.65917	8.73432	8.83622	8.54552	8.65552	
2012-10-06T06:00:00	8.78577	8.99787	8.57957	8.74277	8.77532	8.99682	8.57692	8.73432	
2012-09-29T06:00:00	8.31827	8.85247	8.21107	8.78577	8.30642	8.84532	8.19642	8.77532	
2012-09-22T06:00:00	8.28587	8.33417	8.16437	8.31827	8.26672	8.33112	8.16272	8.30642	
2012-09-15T06:00:00	8.21047	8.38567	8.15917	8.28587	8.20202	8.38272	8.15792	8.26672	
2012-09-08T06:00:00	8.18007	8.44717	8.12827	8.21047	8.16802	8.44552	8.12662	8.20202	
2012-09-01T06:00:00	8.40357	8.46927	8.16587	8.18007	8.39062	8.46762	8.16282	8.16802	
2012-08-25T06:00:00	8.41107	8.49937	8.36337	8.40357	8.39272	8.49752	8.36192	8.39062	
2012-08-18T06:00:00	8.32757	8.43937	8.21037	8.41107	8.30092	8.42232	8.20932	8.39272	
2012-08-11T06:00:00	8.11577	8.36577	8.08367	8.32757	8.05092	8.36012	8.05092	8.30092	
2012-08-04T06:00:00	8.19097	8.23457	8.06377	8.11577	8.11262	8.23282	8.04922	8.05092	
2012-07-28T06:00:00	8.17767	8.42747	8.12437	8.19097	8.13632	8.42462	8.11192	8.11262	
2012-07-21T06:00:00	8.34107	8.55167	8.15837	8.17767	8.23122	8.54882	8.12852	8.13632	
2012-07-14T06:00:00	8.28567	8.34187	8.11987	8.34107	8.25632	8.28832	8.11922	8.23122	
2012-07-07T06:00:00	8.28967	8.37527	8.16017	8.28567	8.22852	8.37352	8.15652	8.25632	
2012-06-30T06:00:00	8.18837	8.29017	8.06327	8.28967	8.13902	8.28632	8.05642	8.22852	
2012-06-23T06:00:00	8.41717	8.53107	8.15937	8.18837	8.39282	8.52102	8.13312	8.13902	
2012-06-16T06:00:00	8.36367	8.43867	8.15137	8.41717	8.34842	8.43392	8.14722	8.39282	
2012-06-09T06:00:00	8.41447	8.48387	8.26317	8.36367	8.36522	8.47582	8.26132	8.34842	
2012-06-02T06:00:00	8.59817	8.64347	8.22387	8.41447	8.55682	8.62772	8.22132	8.36522	
2012-05-26T06:00:00	8.42417	8.71457	8.27737	8.59817	8.38582	8.70342	8.27492	8.55682	
2012-05-19T06:00:00	8.37197	8.46287	8.20927	8.42417	8.33392	8.46222	8.19932	8.38582	
2012-05-12T06:00:00	8.09927	8.44807	8.09927	8.37197	8.09442	8.44582	8.07582	8.33392	
2012-05-05T06:00:00	7.85567	8.12867	7.80067	8.09927	7.80432	8.12542	7.79152	8.09442	
2012-04-28T06:00:00	7.76117	7.86017	7.69207	7.85567	7.72382	7.83652	7.69092	7.80432	
2012-04-21T06:00:00	7.83287	7.94127	7.72437	7.76117	7.79152	7.88162	7.71232	7.72382	
2012-04-14T06:00:00	7.96347	8.02607	7.78807	7.83287	7.93242	8.02312	7.78042	7.79152	
2012-04-07T06:00:00	7.95847	8.05297	7.86527	7.96347	7.81112	8.05072	7.81112	7.93242	
2012-03-31T06:00:00	7.68687	7.95967	7.61257	7.95847	7.65352	7.89142	7.61042	7.81112	
2012-03-24T06:00:00	7.68887	7.78307	7.55187	7.68687	7.67442	7.78182	7.54422	7.65352	
2012-03-17T06:00:00	7.57967	7.75107	7.52097	7.68887	7.53782	7.74922	7.51802	7.67442	
2012-03-10T07:00:00	7.59567	7.73527	7.51917	7.57967	7.54532	7.72892	7.51172	7.53782	
2012-03-03T07:00:00	7.53987	7.68337	7.47547	7.59567	7.50252	7.67788	7.46832	7.54532	
2012-02-25T07:00:00	7.62357	7.65027	7.40347	7.53987	7.57322	7.64852	7.40072	7.50252	
2012-02-18T07:00:00	7.76517	7.78627	7.58197	7.62357	7.71832	7.75572	7.56752	7.57322	
2012-02-11T07:00:00	7.75647	7.92517	7.64437	7.76517	7.74362	7.88082	7.63602	7.71832	
2012-02-04T07:00:00	7.54067	7.79287	7.52247	7.75647	7.50432	7.78152	7.50432	7.74362	
2012-01-28T07:00:00	7.78317	7.93267	7.52607	7.54067	7.73282	7.87512	7.50082	7.50432	
2012-01-21T07:00:00	7.96137	8.07997	7.74277	7.78317	7.94632	8.06462	7.73282	7.73282	
2012-01-14T07:00:00	8.14127	8.18777	7.90137	7.96137	8.12342	8.18102	7.87132	7.94632	
2012-01-07T07:00:00	8.19237	8.23117	8.01047	8.14127	8.16232	8.22552	8.00752	8.12342	
2011-12-31T07:00:00	8.12267	8.28397	8.02147	8.19237	8.05732	8.23582	7.99062	8.16232	
2011-12-24T07:00:00	8.20317	8.24097	8.06217	8.12267	8.12182	8.21982	8.01322	8.05732	
2011-12-17T07:00:00	8.42567	8.44317	8.07237	8.20317	8.37432	8.41312	8.00632	8.12182	
2011-12-10T07:00:00	8.12317	8.46337	8.07157	8.42567	8.07032	8.45572	8.02702	8.37432	
2011-12-03T07:00:00	8.05987	8.35167	7.95877	8.12317	8.05112	8.32102	7.95472	8.07032	
2011-11-26T07:00:00	8.58517	8.58517	7.97507	8.05987	8.48482	8.48482	7.97162	8.05112	
2011-11-19T07:00:00	8.22117	8.61667	8.18097	8.58517	8.19982	8.60442	8.15762	8.48482	
2011-11-12T07:00:00	7.90337	8.26917	7.86467	8.22117	7.89172	8.26652	7.85802	8.19982	
2011-11-05T06:00:00	7.90737	8.10597	7.81437	7.90337	7.89582	8.10252	7.79902	7.89172	
2011-10-29T06:00:00	7.72137	8.21017	7.71577	7.90737	7.71082	8.20552	7.68982	7.89582	
2011-10-22T06:00:00	8.07617	8.12817	7.68287	7.72137	8.05672	8.06942	7.64582	7.71082	
2011-10-15T06:00:00	7.85997	8.36667	7.77307	8.07617	7.82312	8.27002	7.76992	8.05672	
2011-10-08T06:00:00	7.96117	8.02017	7.77007	7.85997	7.94382	8.00392	7.69792	7.82312	
2011-10-01T06:00:00	8.08997	8.35577	7.86607	7.96117	8.07582	8.35192	7.84138	7.94382	
2011-09-24T06:00:00	8.13777	8.44817	7.73897	8.08997	8.12132	8.34082	7.59782	8.07582	
2011-09-17T06:00:00	7.49717	8.50117	7.48087	8.13777	7.45182	8.47942	7.44982	8.12132	
2011-09-10T06:00:00	7.28667	7.49717	7.28667	7.49717	7.27812	7.48042	7.25612	7.45182	
2011-09-03T06:00:00	7.07517	7.30467	7.06137	7.28667	7.06332	7.30142	7.04972	7.27812	
2011-08-27T06:00:00	7.15957	7.18327	6.96837	7.07517	7.15112	7.15752	6.96462	7.06332	
2011-08-20T06:00:00	7.21167	7.28957	7.12347	7.15957	7.19985	7.27512	7.11932	7.15112	
2011-08-13T06:00:00	7.18167	7.26867	7.04837	7.21167	7.16132	7.26552	7.00152	7.19985	
2011-08-06T06:00:00	6.89797	7.56467	6.89797	7.18167	6.88422	7.50112	6.86862	7.16132	
2011-07-30T06:00:00	6.68537	6.96707	6.65207	6.89797	6.67642	6.95822	6.64772	6.88422	
2011-07-23T06:00:00	6.77097	6.85097	6.62687	6.68537	6.76702	6.84572	6.62152	6.67642	
2011-07-16T06:00:00	6.89127	7.00617	6.73597	6.77097	6.88232	7.00202	6.73142	6.76702	
2011-07-09T06:00:00	6.70677	6.95307	6.70677	6.89127	6.70052	6.94942	6.69402	6.88232	
2011-07-02T06:00:00	6.73346	6.79096	6.66747	6.70677	6.72582	6.78022	6.66222	6.70052	
2011-06-25T06:00:00	6.91847	6.94467	6.72346	6.73346	6.89652	6.94022	6.71852	6.72582	
2011-06-18T06:00:00	6.77567	6.95096	6.70127	6.91847	6.75982	6.91403	6.67802	6.89652	
2011-06-11T06:00:00	6.79969	6.90847	6.73857	6.77567	6.79151	6.90342	6.69222	6.75982	
2011-06-04T06:00:00	6.72917	6.90097	6.67767	6.79969	6.70322	6.80272	6.67392	6.79151	
2011-05-28T06:00:00	6.93597	6.95557	6.68347	6.72917	6.92192	6.94622	6.67902	6.70322	
2011-05-21T06:00:00	6.92897	7.07577	6.89577	6.93597	6.92402	7.07252	6.88902	6.92192	
2011-05-14T06:00:00	7.00897	7.06667	6.86397	6.92897	7.00242	7.05232	6.83622	6.92402	
2011-05-07T06:00:00	6.69932	7.05997	6.66137	7.00897	6.68762	7.05242	6.65696	7.00242	
2011-04-30T06:00:00	6.56895	6.77197	6.54647	6.69932	6.55604	6.76802	6.53902	6.68762	
2011-04-23T06:00:00	6.71097	6.83107	6.55597	6.56895	6.70202	6.74952	6.55102	6.55604	
2011-04-16T06:00:00	6.80897	6.90577	6.70697	6.71097	6.80082	6.90092	6.69862	6.70202	
2011-04-09T06:00:00	6.64597	6.89777	6.63707	6.80897	6.63502	6.89282	6.62262	6.80082	
2011-04-02T06:00:00	6.70347	6.75267	6.63507	6.64597	6.69532	6.74922	6.62260	6.63502	
2011-03-26T06:00:00	6.87497	6.90357	6.69817	6.70347	6.86682	6.89522	6.69040	6.69532	
2011-03-19T06:00:00	7.03237	7.03597	6.83597	6.87497	7.01332	7.01332	6.83252	6.86682	
2011-03-12T07:00:00	6.89547	7.29667	6.81997	7.03237	6.88902	7.20112	6.81012	7.01332	
2011-03-05T07:00:00	6.89547	6.98267	6.84629	6.89547	6.89102	6.95562	6.80902	6.88902	
2011-02-26T07:00:00	7.03147	7.04167	6.85747	6.89547	7.02502	7.02502	6.85232	6.89102	
2011-02-19T07:00:00	7.12147	7.24727	6.96597	7.03147	7.11402	7.24262	6.96302	7.02502	
2011-02-12T07:00:00	7.28297	7.40097	7.11647	7.12147	7.27002	7.34402	7.11102	7.11402	
2011-02-05T07:00:00	7.24197	7.35097	7.16127	7.28297	7.23052	7.34722	7.15702	7.27002	
2011-01-29T07:00:00	7.19767	7.32197	7.10097	7.24197	7.18240	7.31752	7.09652	7.23052	
2011-01-22T07:00:00	7.06497	7.20147	6.98892	7.19767	7.05302	7.19272	6.97982	7.18240	
2011-01-15T07:00:00	6.94205	7.14337	6.84937	7.06497	6.92555	7.13922	6.82952	7.05302	
2011-01-08T07:00:00	6.81237	6.98817	6.80497	6.92997	6.80142	6.96402	6.78002	6.92242	
2011-01-01T07:00:00	6.59187	6.85577	6.59017	6.81237	6.58652	6.85229	6.51435	6.80142	
2010-12-25T07:00:00	6.75027	6.76757	6.59097	6.59097	6.72982	6.74942	6.56232	6.58512	
2010-12-18T07:00:00	6.86807	6.89727	6.73357	6.75027	6.85882	6.88822	6.72172	6.72982	
2010-12-11T07:00:00	6.87187	6.90397	6.78597	6.86807	6.84812	6.87842	6.78032	6.85882	
2010-12-04T07:00:00	6.86317	6.99757	6.84177	6.87187	6.84622	6.98722	6.83532	6.84812	
2010-11-27T07:00:00	7.16977	7.18217	6.84947	6.86317	7.14942	7.17672	6.84302	6.84622	
2010-11-20T07:00:00	6.99647	7.17567	6.95847	7.16977	6.98222	7.17082	6.94342	7.14942	
2010-11-13T07:00:00	6.96027	7.08397	6.94317	6.99647	6.93332	7.07962	6.92682	6.98222	
2010-11-06T06:00:00	6.77777	7.03257	6.77777	6.96867	6.76582	7.01722	6.76582	6.95282	
2010-10-30T06:00:00	7.01187	7.04037	6.76887	6.77777	6.99592	7.02102	6.76342	6.76582	
2010-10-23T06:00:00	6.94377	7.09117	6.88047	7.01187	6.92952	7.08162	6.87512	6.99592	
2010-10-16T06:00:00	6.84227	7.01097	6.83997	6.94377	6.82982	6.99132	6.75352	6.92952	
2010-10-09T06:00:00	6.83997	6.94277	6.76747	6.84227	6.82802	6.93692	6.75302	6.82982	
2010-10-02T06:00:00	6.94677	7.03807	6.83547	6.83997	6.93232	7.02962	6.82552	6.82802	
2010-09-25T06:00:00	7.02947	7.06367	6.92327	6.94677	7.01522	7.04942	6.91782	6.93232	
2010-09-18T06:00:00	7.15517	7.17137	6.98387	7.02947	7.14092	7.14092	6.97842	7.01522	
2010-09-11T06:00:00	7.19297	7.20847	7.06167	7.15517	7.17872	7.18162	7.04792	7.14092	
2010-09-04T06:00:00	7.18667	7.30837	7.16587	7.19297	7.17242	7.29352	7.15502	7.17872	
2010-08-28T06:00:00	7.31627	7.44017	7.15627	7.18667	7.30112	7.43452	7.15072	7.17242	
2010-08-21T06:00:00	7.32737	7.42297	7.27927	7.31627	7.30922	7.41672	7.27002	7.30112	
2010-08-14T06:00:00	7.32327	7.37607	7.23137	7.32737	7.30552	7.37052	7.22602	7.30922	
2010-08-07T06:00:00	7.23527	7.34777	7.17557	7.32327	7.21982	7.33902	7.14392	7.30552	
2010-07-31T06:00:00	7.30477	7.35127	7.20147	7.23527	7.28702	7.33802	7.19602	7.21982	
2010-07-24T06:00:00	7.43947	7.48077	7.28697	7.30477	7.42022	7.44652	7.27652	7.28702	
2010-07-17T06:00:00	7.59777	7.69337	7.40347	7.43947	7.58582	7.67312	7.39782	7.42022	
2010-07-10T06:00:00	7.60337	7.70297	7.51077	7.59777	7.57962	7.64362	7.50432	7.58582	
2010-07-03T06:00:00	7.75427	7.77847	7.53877	7.60337	7.70352	7.75712	7.53032	7.57962	
2010-06-26T06:00:00	7.62407	7.78697	7.53137	7.75427	7.60692	7.78082	7.52502	7.70352	
2010-06-19T06:00:00	7.49847	7.70097	7.41617	7.62407	7.49852	7.68792	7.40822	7.60692	
2010-06-12T06:00:00	7.67427	7.70537	7.48787	7.49847	7.67432	7.70542	7.48792	7.49852	
2010-06-05T06:00:00	7.79567	7.84697	7.65677	7.67427	7.79572	7.84702	7.65682	7.67432	
2010-05-29T06:00:00	7.60897	7.80547	7.59417	7.79567	7.59362	7.80552	7.54152	7.79572	
2010-05-22T06:00:00	7.84207	8.02217	7.52777	7.60897	7.81832	8.01522	7.51642	7.59362	
2010-05-15T06:00:00	7.58957	8.09767	7.50277	7.84207	7.56062	8.07932	7.49582	7.81832	
2010-05-08T06:00:00	7.69387	7.69387	7.42827	7.58957	7.66812	7.66812	7.38972	7.56062	
2010-05-01T06:00:00	7.39247	8.04327	7.37597	7.69387	7.38062	7.92202	7.30002	7.66812	
2010-04-24T06:00:00	7.41748	7.61637	7.31547	7.39247	7.40651	7.52002	7.30812	7.38062	
2010-04-17T06:00:00	7.40038	7.52418	7.35548	7.41748	7.38421	7.51431	7.33241	7.40651	
2010-04-10T06:00:00	7.26248	7.42968	7.20988	7.40038	7.25251	7.41771	7.19851	7.38421	
2010-04-03T06:00:00	7.25038	7.36218	7.19848	7.26248	7.23811	7.35701	7.19331	7.25251	
2010-03-27T06:00:00	7.45018	7.45018	7.22858	7.25038	7.44021	7.44021	7.21761	7.23811	
2010-03-20T06:00:00	7.32508	7.50168	7.31658	7.45018	7.31351	7.49571	7.31061	7.44021	
2010-03-13T07:00:00	7.40978	7.43803	7.27508	7.32508	7.40121	7.43406	7.26771	7.31351	
2010-03-06T07:00:00	7.40198	7.47518	7.36448	7.40978	7.38661	7.46971	7.36001	7.40121	
2010-02-27T07:00:00	7.72838	7.73718	7.39098	7.40198	7.71721	7.71721	7.38031	7.38661	
2010-02-20T07:00:00	7.65468	7.89628	7.62928	7.72838	7.64501	7.89021	7.61631	7.71721	
2010-02-13T07:00:00	7.71678	7.75298	7.57018	7.65468	7.70591	7.74211	7.54961	7.64501	
2010-02-06T07:00:00	7.75888	7.85938	7.61808	7.71678	7.74951	7.77531	7.59961	7.70591	
2010-01-30T07:00:00	7.62438	7.86318	7.42248	7.75888	7.61651	7.85521	7.41751	7.74951	
2010-01-23T07:00:00	7.60848	7.67258	7.53658	7.62438	7.59371	7.66801	7.53121	7.61651	
2010-01-16T07:00:00	7.41978	7.67018	7.37528	7.62047	7.40741	7.66481	7.36991	7.61202	
2010-01-09T07:00:00	7.35798	7.52148	7.29138	7.41978	7.34541	7.51701	7.28111	7.40741	
2010-01-02T07:00:00	7.38628	7.46738	7.25228	7.35798	7.37631	7.45591	7.24711	7.34541	
2009-12-26T07:00:00	7.51508	7.57498	7.36448	7.38628	7.50481	7.56891	7.35461	7.37631	
2009-12-19T07:00:00	7.57798	7.77078	7.47948	7.51508	7.56801	7.76061	7.46951	7.50481	
2009-12-12T07:00:00	7.51538	7.62428	7.33348	7.57798	7.50551	7.61901	7.32801	7.56801	
2009-12-05T07:00:00	7.45718	7.63118	7.41038	7.51538	7.44611	7.62551	7.40001	7.50551	
2009-11-28T07:00:00	7.41088	7.47418	7.27428	7.45718	7.40091	7.46461	7.26751	7.44611	
2009-11-21T07:00:00	7.60028	7.64808	7.32418	7.41088	7.59071	7.63961	7.31561	7.40091	
2009-11-14T07:00:00	7.41508	7.61508	7.34448	7.60028	7.40491	7.61121	7.33831	7.59071	
2009-11-07T07:00:00	7.54698	7.55208	7.33428	7.41508	7.53451	7.54041	7.32951	7.40491	
2009-10-31T06:00:00	7.82078	8.31128	7.50898	7.54698	7.80501	8.24301	7.50501	7.53451	
2009-10-24T06:00:00	7.47138	7.88388	7.45898	7.82078	7.46181	7.87901	7.44941	7.80501	
2009-10-17T06:00:00	7.35198	7.55068	7.28658	7.47138	7.34221	7.54591	7.28131	7.46181	
2009-10-10T06:00:00	7.41218	7.48668	7.23118	7.35198	7.40171	7.48181	7.22601	7.34221	
2009-10-03T06:00:00	7.63768	7.67138	7.30618	7.41218	7.61991	7.64661	7.30001	7.40171	
2009-09-26T06:00:00	7.41928	7.78998	7.36858	7.63768	7.40921	7.78461	7.36261	7.61991	
2009-09-19T06:00:00	7.42318	7.53978	7.35528	7.41928	7.40811	7.53451	7.34981	7.40921	
2009-09-12T06:00:00	7.47068	7.54498	7.29608	7.42318	7.46051	7.53751	7.28861	7.40811	
2009-09-05T06:00:00	7.59388	7.64858	7.41778	7.47068	7.58451	7.63951	7.40901	7.46051	
2009-08-29T06:00:00	7.75258	7.93458	7.58578	7.59388	7.74171	7.92531	7.57981	7.58451	
2009-08-22T06:00:00	7.81268	7.89998	7.73728	7.75258	7.80281	7.89441	7.72891	7.74171	
2009-08-15T06:00:00	8.12078	8.21648	7.75018	7.81268	8.07901	8.21151	7.74471	7.80281	
2009-08-08T06:00:00	7.98888	8.22098	7.94678	8.12078	7.96911	8.19631	7.92921	8.07901	
2009-08-01T06:00:00	7.76868	8.15088	7.71548	7.98888	7.75171	8.14401	7.70721	7.96911	
2009-07-25T06:00:00	7.77098	7.95198	7.71598	7.76868	7.75831	7.94581	7.69401	7.75171	
2009-07-18T06:00:00	8.03098	8.06758	7.61558	7.77098	8.01401	8.05251	7.60951	7.75831	
2009-07-11T06:00:00	8.22898	8.37598	8.02203	8.03098	8.21751	8.35611	8.01206	8.01401	
2009-07-04T06:00:00	7.93728	8.27898	7.93728	8.22898	7.92531	8.27171	7.88861	8.21751	
2009-06-27T06:00:00	7.91208	7.97748	7.67108	7.93728	7.88651	7.96751	7.66561	7.92531	
2009-06-20T06:00:00	8.12218	8.28698	7.85848	7.91208	8.10621	8.27651	7.83901	7.88651	
2009-06-13T06:00:00	8.02658	8.18098	7.98028	8.12218	8.00911	8.16401	7.96561	8.10621	
2009-06-06T06:00:00	8.08928	8.24588	7.93993	8.02658	8.07081	8.23471	7.91901	8.00911	
2009-05-30T06:00:00	7.96478	8.14998	7.89098	8.08928	7.94701	8.14231	7.84901	8.07081	
2009-05-23T06:00:00	8.32098	8.42798	7.92298	7.96478	8.28401	8.41951	7.91151	7.94701	
2009-05-16T06:00:00	8.75598	8.79598	8.20978	8.32098	8.72141	8.76801	8.20381	8.28401	
2009-05-09T06:00:00	8.32348	8.79488	8.26818	8.75598	8.29871	8.77791	8.23401	8.72141	
2009-05-02T06:00:00	8.42218	8.57048	8.26098	8.32348	8.39801	8.56071	8.23151	8.29871	
2009-04-25T06:00:00	8.72698	8.95378	8.40328	8.42218	8.70471	8.90961	8.37811	8.39801	
2009-04-18T06:00:00	8.96588	9.15598	8.71458	8.72698	8.94721	9.15001	8.69731	8.70471	
2009-04-11T06:00:00	9.06058	9.23498	8.85548	8.96588	9.03201	9.23301	8.83701	8.94721	
2009-04-04T06:00:00	9.06348	9.29048	8.97098	9.06058	9.03811	9.28201	8.95901	9.03201	
2009-03-28T06:00:00	9.60828	9.83598	9.03448	9.06348	9.59331	9.80901	8.99991	9.03811	
2009-03-21T06:00:00	9.60538	9.70978	9.34238	9.60828	9.58981	9.66301	9.32581	9.59331	
2009-03-14T06:00:00	9.97008	10.05598	9.55038	9.60538	9.94661	10.00981	9.53201	9.58981	
2009-03-07T07:00:00	10.48077	10.68097	9.88028	9.97008	10.46002	10.66932	9.85851	9.94661	
2009-02-28T07:00:00	10.11967	10.71887	10.11157	10.48077	10.08852	10.69122	10.07902	10.46002	
2009-02-21T07:00:00	10.11857	10.23157	9.83337	10.11967	10.07462	10.16532	9.81682	10.08852	
2009-02-14T07:00:00	9.94657	10.33147	9.92337	10.11857	9.91822	10.29932	9.88452	10.07462	
2009-02-07T07:00:00	9.56767	10.20097	9.53947	9.94657	9.54842	10.19262	9.52532	9.91822	
2009-01-31T07:00:00	10.22137	10.35537	9.56767	9.56767	10.19182	10.34082	9.54842	9.54842	
2009-01-24T07:00:00	10.23537	10.30867	9.85177	10.22137	10.20132	10.29742	9.83152	10.19182	
2009-01-17T07:00:00	10.00117	10.47097	9.92977	10.23537	9.97892	10.45952	9.89952	10.20132	
2009-01-10T07:00:00	9.79807	10.28357	9.79757	10.00117	9.77052	10.26682	9.76762	9.97892	
2009-01-03T07:00:00	9.35417	9.83027	9.27177	9.79807	9.31832	9.81232	9.24702	9.77052	
2008-12-27T07:00:00	9.73957	9.73957	9.21437	9.35417	9.69042	9.69042	9.18572	9.31832	
2008-12-20T07:00:00	9.79207	9.83177	9.58077	9.73957	9.77302	9.78212	9.53862	9.69042	
2008-12-13T07:00:00	10.15277	10.37807	9.50817	9.79207	10.12812	10.36272	9.48192	9.77302	
2008-12-06T07:00:00	10.32047	10.33877	9.92597	10.15277	10.28172	10.30282	9.90802	10.12812	
2008-11-29T07:00:00	10.18087	10.67977	10.03117	10.32047	10.13202	10.59262	9.99702	10.28172	
2008-11-22T07:00:00	10.55157	10.60797	9.70097	10.18087	10.50852	10.59122	9.68652	10.13202	
2008-11-15T07:00:00	10.09577	10.80097	10.00797	10.55157	10.08482	10.78012	9.98672	10.50852	
2008-11-08T07:00:00	10.17867	10.70237	9.81297	10.09577	10.13282	10.66932	9.77032	10.08482	
2008-11-01T06:00:00	9.77427	10.33407	9.48097	10.17867	9.73982	10.28662	9.46892	10.13282	
2008-10-25T06:00:00	11.09997	11.51547	9.46777	9.77427	11.07932	11.43772	9.44602	9.73982	
2008-10-18T06:00:00	10.02907	11.89977	9.87097	11.09997	9.98502	11.84682	9.82852	11.07932	
2008-10-11T06:00:00	9.41827	10.85797	8.82947	10.02907	9.38112	10.79062	8.80952	9.98502	
2008-10-04T06:00:00	8.50097	9.51467	8.50097	9.41827	8.48072	9.47692	8.48072	9.38112	
2008-09-27T06:00:00	8.06147	8.57597	8.06147	8.50097	8.04852	8.56902	8.03592	8.48072	
2008-09-20T06:00:00	7.92697	8.22297	7.92697	8.06147	7.90692	8.21402	7.90692	8.04852	
2008-09-13T06:00:00	8.03697	8.37077	7.86977	7.92697	8.01602	8.34702	7.85152	7.90692	
2008-09-06T06:00:00	7.96427	8.33597	7.78157	8.03697	7.95772	8.32962	7.75502	8.01602	
2008-08-30T06:00:00	7.70697	8.09127	7.70097	7.96427	7.69302	8.07412	7.67802	7.95772	
2008-08-23T06:00:00	7.68157	7.84547	7.65997	7.70697	7.67052	7.84102	7.64802	7.69302	
2008-08-16T06:00:00	7.87807	7.92877	7.65157	7.68157	7.86922	7.89402	7.64652	7.67052	
2008-08-09T06:00:00	7.74447	8.00847	7.66557	7.87807	7.73182	8.00132	7.66002	7.86922	
2008-08-02T06:00:00	7.21627	7.75447	7.18557	7.74447	7.20662	7.74752	7.18122	7.73182	
2008-07-26T06:00:00	7.60087	7.61147	7.21077	7.21627	7.58582	7.59222	7.20122	7.20662	
2008-07-19T06:00:00	7.61247	7.71347	7.47777	7.60087	7.60122	7.68762	7.46912	7.58582	
2008-07-12T06:00:00	7.66107	7.71057	7.53407	7.61247	7.65412	7.69412	7.52872	7.60122	
2008-07-05T06:00:00	0.99997	7.82697	0.99997	7.66107	1.00002	7.82182	1.00002	7.65412	
2007-06-30T06:00:00	7.05447	7.07357	6.95747	7.00117	7.05452	7.05472	6.93862	6.98232	
2007-06-23T06:00:00	7.15017	7.21007	7.02897	7.05447	7.15022	7.21012	7.02902	7.05452	
2007-06-16T06:00:00	7.11137	7.16567	0.99997	0.99997	7.11142	7.16572	1.00002	1.00002	
2007-06-09T06:00:00	7.21837	7.29377	7.10397	7.11137	7.21842	7.29382	7.10402	7.11142	
2007-06-02T06:00:00	7.08147	7.34017	7.07727	7.21837	7.08152	7.34022	7.07732	7.21842	
2007-05-26T06:00:00	7.06467	7.19327	7.06107	7.08147	7.06472	7.19332	7.06112	7.08152	
2007-05-19T06:00:00	7.00357	7.14327	6.98197	7.06467	7.00362	7.14332	6.98202	7.06472	
2007-05-12T06:00:00	6.94257	7.06047	6.88867	7.00357	6.94262	7.06052	6.88872	7.00362	
2007-05-05T06:00:00	6.91327	7.03847	6.86977	6.94257	6.91332	7.03852	6.86982	6.94262	
2007-04-28T06:00:00	7.02327	7.12297	6.91327	6.91327	7.02332	7.12302	6.91332	6.91332	
2007-04-21T06:00:00	7.03497	7.08667	6.93937	7.02327	7.03502	7.08672	6.93942	7.02332	
2007-04-14T06:00:00	7.17267	7.17767	7.00237	7.03497	7.17272	7.17772	7.00242	7.03502	
2007-04-07T06:00:00	7.11787	7.20247	7.11017	7.17267	7.11792	7.20252	7.11022	7.17272	
2007-03-31T06:00:00	7.33187	7.33187	7.11317	7.11787	7.33192	7.33192	7.11322	7.11792	
2007-03-24T06:00:00	7.20597	7.37677	7.18827	7.33187	7.20602	7.37682	7.18832	7.33192	
2007-03-17T06:00:00	7.47697	9.99997	7.15997	7.20597	7.47702	10.00002	7.16002	7.20602	
2007-03-10T07:00:00	7.32417	7.52097	7.28717	7.47697	7.32422	7.52102	7.28722	7.47702	
2007-03-03T07:00:00	7.39877	7.53497	7.30257	7.32417	7.39882	7.53502	7.30262	7.32422	
2007-02-24T07:00:00	7.06027	7.41227	7.05377	7.39877	7.06032	7.41232	7.05382	7.39882	
2007-02-17T07:00:00	7.14527	7.14727	7.05027	7.06027	7.14532	7.14732	7.05032	7.06032	
2007-02-10T07:00:00	7.18207	7.29307	7.13907	7.14527	7.18212	7.29312	7.13912	7.14532	
2007-02-03T07:00:00	7.50997	7.50997	7.12357	7.18207	7.51002	7.51002	7.12362	7.18212	
2007-01-20T07:00:00	7.50997	7.50997	7.50997	7.50997	7.51002	7.51002	7.51002	7.51002	
