日時	USOil(始値, 買い)	USOil(高値, 買い)	USOil(安値, 買い)	USOil(終値, 買い)	USOil(始値, 売り)	USOil(高値, 売り)	USOil(安値, 売り)	USOil(終値, 売り)	
2014-02-01T07:00:00	97.51	98.28	96.29	97.55	97.46	98.23	96.24	97.50	
2014-01-25T07:00:00	96.89	98.61	95.24	97.51	96.84	98.56	95.19	97.46	
2014-01-18T07:00:00	94.38	97.86	93.69	96.89	94.30	97.81	93.64	96.84	
2014-01-11T07:00:00	92.78	95.13	91.46	94.38	92.73	95.04	91.41	94.30	
2014-01-04T07:00:00	94.20	94.61	91.26	92.78	94.15	94.56	91.21	92.73	
2013-12-28T07:00:00	100.24	100.46	93.89	94.20	100.19	100.41	93.84	94.15	
2013-12-21T07:00:00	99.23	100.78	98.55	100.24	99.18	100.73	98.50	100.19	
2013-12-14T07:00:00	96.46	99.51	96.24	99.23	96.41	99.46	96.19	99.18	
2013-12-07T07:00:00	97.69	98.78	96.29	96.46	97.64	98.73	96.24	96.41	
2013-11-30T07:00:00	93.30	98.09	92.59	97.69	93.25	98.04	92.54	97.64	
2013-11-23T07:00:00	94.88	94.71	91.79	93.30	94.83	94.66	91.74	93.25	
2013-11-16T07:00:00	93.68	95.64	92.76	94.88	93.63	95.59	92.71	94.83	
2013-11-09T07:00:00	94.34	95.39	92.54	93.68	94.29	95.34	92.49	93.63	
2013-11-02T06:00:00	94.68	95.41	93.10	94.34	94.63	95.36	93.05	94.29	
2013-10-26T06:00:00	97.93	98.79	94.39	94.68	97.85	98.74	94.34	94.63	
2013-10-19T06:00:00	100.85	101.24	95.98	97.93	100.80	101.19	95.93	97.85	
2013-10-12T06:00:00	101.85	102.99	100.06	100.85	101.78	102.94	100.01	100.80	
2013-10-05T06:00:00	103.66	104.09	100.69	101.85	103.61	104.04	100.64	101.78	
2013-09-28T06:00:00	102.85	104.40	101.09	103.66	102.78	104.35	101.04	103.61	
2013-09-21T06:00:00	104.88	105.13	102.23	102.85	104.83	105.08	102.18	102.78	
2013-09-14T06:00:00	108.58	108.51	104.51	104.88	108.50	108.46	104.46	104.83	
2013-09-07T06:00:00	110.30	110.49	106.43	108.58	110.23	110.44	106.38	108.50	
2013-08-31T06:00:00	107.65	110.71	105.56	110.30	107.58	110.66	105.51	110.23	
2013-08-24T06:00:00	106.41	112.26	105.58	107.65	106.36	112.21	105.53	107.58	
2013-08-17T06:00:00	107.83	107.60	103.54	106.41	107.78	107.51	103.49	106.36	
2013-08-10T06:00:00	106.16	108.19	105.06	107.83	106.11	108.14	105.01	107.78	
2013-08-03T06:00:00	106.86	107.70	102.26	106.16	106.81	107.65	102.21	106.11	
2013-07-27T06:00:00	104.68	108.79	102.71	106.86	104.63	108.74	102.66	106.81	
2013-07-20T06:00:00	108.25	108.61	103.93	104.68	108.20	108.56	103.88	104.63	
2013-07-13T06:00:00	106.05	108.94	104.69	108.25	106.00	108.89	104.63	108.20	
2013-07-06T06:00:00	103.49	107.48	102.16	106.05	103.44	107.43	102.11	106.00	
2013-06-29T06:00:00	96.50	103.49	96.10	103.49	96.40	103.44	96.05	103.44	
2013-06-22T06:00:00	93.91	97.84	92.74	96.50	93.86	97.79	92.68	96.40	
2013-06-15T06:00:00	97.89	99.24	93.14	93.91	97.84	99.19	93.09	93.86	
2013-06-08T06:00:00	96.19	98.28	94.09	97.89	96.14	98.23	94.04	97.84	
2013-06-01T06:00:00	91.68	96.40	91.30	96.23	91.63	96.35	91.23	96.18	
2013-05-25T06:00:00	93.89	95.94	91.59	91.68	93.84	95.89	91.53	91.63	
2013-05-18T06:00:00	95.94	97.38	92.24	93.89	95.89	97.33	92.19	93.84	
2013-05-11T06:00:00	95.94	96.46	92.16	95.94	95.89	96.41	92.11	95.89	
2013-05-04T06:00:00	95.49	97.18	93.39	95.94	95.44	97.10	93.34	95.89	
2013-04-27T06:00:00	92.78	96.06	90.14	95.49	92.73	96.01	90.09	95.44	
2013-04-20T06:00:00	88.26	93.89	87.71	92.78	88.21	93.84	87.66	92.73	
2013-04-13T06:00:00	91.00	91.00	85.66	88.26	90.95	90.95	85.61	88.21	
2013-04-06T06:00:00	93.03	94.84	90.30	91.00	92.98	94.79	90.25	90.95	
2013-03-30T06:00:00	97.23	97.80	92.04	93.03	97.18	97.65	91.95	92.98	
2013-03-23T06:00:00	93.90	97.36	93.70	97.23	93.85	97.31	93.63	97.18	
2013-03-16T06:00:00	93.59	94.12	91.79	93.90	93.54	94.07	91.74	93.85	
2013-03-09T07:00:00	91.90	93.86	90.91	93.59	91.85	93.81	90.86	93.54	
2013-03-02T07:00:00	90.96	92.04	89.38	91.90	90.91	91.99	89.33	91.85	
2013-02-23T07:00:00	93.40	94.48	90.06	90.96	93.35	94.43	90.01	90.91	
2013-02-16T07:00:00	96.00	97.51	92.49	93.40	95.95	97.46	92.44	93.35	
2013-02-09T07:00:00	95.80	98.11	94.99	96.00	95.75	98.06	94.94	95.95	
2013-02-02T07:00:00	97.66	97.75	95.06	95.80	97.61	97.65	95.01	95.75	
2013-01-26T07:00:00	96.05	98.26	95.54	97.66	96.00	98.21	95.49	97.61	
2013-01-19T07:00:00	95.83	96.94	94.99	96.05	95.78	96.89	94.94	96.00	
2013-01-12T07:00:00	93.75	96.15	92.96	95.83	93.70	96.10	92.91	95.78	
2013-01-05T07:00:00	93.13	94.73	92.46	93.75	93.08	94.68	92.41	93.70	
2012-12-29T07:00:00	90.73	93.84	90.01	93.13	90.68	93.79	89.96	93.08	
2012-12-22T07:00:00	88.98	91.51	88.21	90.73	88.93	91.46	88.16	90.68	
2012-12-15T07:00:00	86.78	90.56	86.51	88.98	86.73	90.51	86.46	88.93	
2012-12-08T07:00:00	86.04	87.70	85.24	86.78	85.99	87.65	85.19	86.73	
2012-12-01T07:00:00	88.93	90.36	85.71	86.04	88.88	90.31	85.66	85.99	
2012-11-24T07:00:00	88.23	89.01	85.39	88.93	88.18	88.96	85.34	88.88	
2012-11-17T07:00:00	87.21	89.81	86.21	88.23	87.16	89.76	86.16	88.18	
2012-11-10T07:00:00	86.15	87.40	84.60	87.21	86.08	87.35	84.55	87.16	
2012-11-03T06:00:00	84.86	89.24	84.09	86.15	84.81	89.19	84.04	86.08	
2012-10-27T06:00:00	86.15	87.43	84.69	84.86	86.10	87.38	84.64	84.81	
2012-10-20T06:00:00	90.49	91.30	84.99	86.15	90.44	91.25	84.94	86.10	
2012-10-13T06:00:00	91.68	93.51	89.81	90.49	91.63	93.46	89.76	90.44	
2012-10-06T06:00:00	89.94	93.68	88.24	91.68	89.89	93.63	88.19	91.63	
2012-09-29T06:00:00	92.06	93.35	87.71	89.94	92.01	93.30	87.66	89.89	
2012-09-22T06:00:00	93.15	93.25	88.99	92.06	93.10	93.20	88.94	92.01	
2012-09-15T06:00:00	99.04	99.54	90.99	93.15	98.99	99.49	90.94	93.10	
2012-09-08T06:00:00	96.35	100.45	95.39	99.04	96.30	100.40	95.34	98.99	
2012-09-01T06:00:00	96.64	97.70	94.13	96.35	96.59	97.60	94.08	96.30	
2012-08-25T06:00:00	96.05	97.75	93.99	96.64	96.00	97.70	93.93	96.59	
2012-08-18T06:00:00	96.23	98.31	95.34	96.05	96.18	98.26	95.29	96.00	
2012-08-11T06:00:00	93.35	96.31	92.09	96.23	93.28	96.26	92.04	96.18	
2012-08-04T06:00:00	91.39	94.83	90.66	93.35	91.34	94.73	90.61	93.28	
2012-07-28T06:00:00	90.14	91.75	86.95	91.39	90.09	91.70	86.90	91.34	
2012-07-21T06:00:00	91.53	91.58	86.89	90.14	91.48	91.53	86.84	90.09	
2012-07-14T06:00:00	87.08	93.26	86.50	91.53	87.03	93.21	86.45	91.48	
2012-07-07T06:00:00	84.16	87.64	83.68	87.08	84.11	87.59	83.63	87.03	
2012-06-30T06:00:00	84.80	89.01	82.14	84.16	84.75	88.96	82.09	84.11	
2012-06-23T06:00:00	80.15	85.36	77.31	84.80	80.10	85.31	77.26	84.75	
2012-06-16T06:00:00	84.15	85.60	77.58	80.15	84.10	85.50	77.53	80.10	
2012-06-09T06:00:00	84.43	86.68	81.14	84.15	84.38	86.60	81.05	84.10	
2012-06-02T06:00:00	83.98	87.05	81.24	84.43	83.93	87.00	81.19	84.38	
2012-05-26T06:00:00	90.74	92.21	82.59	83.98	90.69	92.16	82.54	83.93	
2012-05-19T06:00:00	91.13	93.36	89.31	90.74	91.08	93.31	89.26	90.69	
2012-05-12T06:00:00	95.64	95.83	90.98	91.13	95.59	95.76	90.90	91.08	
2012-05-05T06:00:00	98.54	98.54	95.26	95.64	98.49	98.49	95.21	95.59	
2012-04-28T06:00:00	104.79	106.48	97.54	98.54	104.74	106.43	97.49	98.49	
2012-04-21T06:00:00	104.08	105.01	101.86	104.79	104.03	104.96	101.81	104.74	
2012-04-14T06:00:00	102.88	105.10	101.84	104.08	102.83	105.05	101.79	104.03	
2012-04-07T06:00:00	103.28	104.26	100.70	102.88	103.23	104.21	100.65	102.83	
2012-03-31T06:00:00	103.04	105.51	101.11	103.28	102.99	105.46	101.06	103.23	
2012-03-24T06:00:00	106.78	107.74	102.16	103.04	106.73	107.69	102.11	102.99	
2012-03-17T06:00:00	107.23	108.71	104.54	106.78	107.18	108.66	104.49	106.73	
2012-03-10T07:00:00	107.45	107.70	103.83	107.23	107.40	107.40	103.78	107.18	
2012-03-03T07:00:00	106.63	108.21	104.39	107.45	106.58	108.16	104.34	107.40	
2012-02-25T07:00:00	109.71	110.58	104.89	106.63	109.66	110.53	104.84	106.58	
2012-02-18T07:00:00	104.20	109.98	104.20	109.71	104.15	109.93	104.15	109.66	
2012-02-11T07:00:00	99.05	104.20	99.05	104.20	98.98	104.15	98.98	104.15	
2012-02-04T07:00:00	97.79	100.20	95.86	99.05	97.74	100.15	95.80	98.98	
2012-01-28T07:00:00	99.75	101.30	95.46	97.79	99.70	101.25	95.41	97.74	
2012-01-21T07:00:00	98.51	101.41	97.45	99.75	98.46	101.36	97.38	99.70	
2012-01-14T07:00:00	99.19	102.28	98.04	98.51	99.14	102.23	97.99	98.46	
2012-01-07T07:00:00	101.84	103.44	97.74	99.19	101.79	103.39	97.69	99.14	
2011-12-31T07:00:00	99.00	103.76	99.00	101.84	98.95	103.71	98.95	101.79	
2011-12-24T07:00:00	99.88	101.79	98.34	99.00	99.83	101.74	98.29	98.95	
2011-12-17T07:00:00	94.00	100.25	92.80	99.88	93.95	100.20	92.75	99.83	
2011-12-10T07:00:00	99.69	101.26	92.56	94.00	99.64	101.21	92.51	93.95	
2011-12-03T07:00:00	101.06	102.46	97.41	99.69	101.01	102.41	97.35	99.64	
2011-11-26T07:00:00	96.51	101.75	96.51	101.06	96.46	101.70	96.46	101.01	
2011-11-19T07:00:00	97.96	98.70	95.03	96.51	97.91	98.65	94.98	96.46	
2011-11-12T07:00:00	99.01	103.40	96.74	97.96	98.96	103.35	96.69	97.91	
2011-11-05T06:00:00	94.41	99.21	93.26	99.01	94.36	99.16	93.21	98.96	
2011-10-29T06:00:00	93.51	94.98	89.23	94.41	93.46	94.90	89.15	94.36	
2011-10-22T06:00:00	87.70	94.65	87.08	93.51	87.65	94.58	87.00	93.46	
2011-10-15T06:00:00	87.38	89.71	84.26	87.70	87.33	89.66	84.21	87.65	
2011-10-08T06:00:00	82.89	87.40	82.89	87.38	82.84	87.35	82.78	87.33	
2011-10-01T06:00:00	78.83	84.01	74.99	82.89	78.78	83.96	74.94	82.84	
2011-09-24T06:00:00	80.29	84.79	77.20	78.83	80.24	84.74	77.13	78.78	
2011-09-17T06:00:00	87.95	88.00	77.59	80.29	87.90	87.95	77.53	80.24	
2011-09-10T06:00:00	87.24	90.54	85.03	87.95	87.19	90.49	84.98	87.90	
2011-09-03T06:00:00	86.70	90.38	83.25	87.24	86.65	90.20	83.20	87.19	
2011-08-27T06:00:00	85.43	89.93	85.16	86.70	85.38	89.88	85.10	86.65	
2011-08-20T06:00:00	82.69	86.59	81.23	85.43	82.64	86.54	81.15	85.38	
2011-08-13T06:00:00	85.26	89.01	79.41	82.69	85.21	88.96	79.35	82.64	
2011-08-06T06:00:00	87.08	87.39	75.78	85.26	87.03	87.34	75.68	85.21	
2011-07-30T06:00:00	95.95	98.60	82.98	87.08	95.90	98.55	82.73	87.03	
2011-07-23T06:00:00	99.84	100.64	94.99	95.95	99.79	100.59	94.94	95.90	
2011-07-16T06:00:00	97.35	100.20	94.73	99.84	97.30	100.15	94.65	99.79	
2011-07-09T06:00:00	96.36	99.21	93.59	97.35	96.31	99.16	93.54	97.30	
2011-07-02T06:00:00	94.78	99.45	94.38	96.36	94.73	99.40	94.33	96.31	
2011-06-25T06:00:00	91.28	95.86	89.64	94.78	91.23	95.81	89.59	94.73	
2011-06-18T06:00:00	92.98	95.71	89.74	91.28	92.93	95.66	89.69	91.23	
2011-06-11T06:00:00	98.98	99.98	91.88	92.98	98.93	99.93	91.83	92.93	
2011-06-04T06:00:00	100.49	102.45	97.76	98.98	100.44	102.40	97.71	98.93	
2011-05-28T06:00:00	100.89	103.40	98.16	100.49	100.84	103.35	98.11	100.44	
2011-05-21T06:00:00	100.03	102.36	96.40	100.95	99.95	101.86	96.35	100.45	
2011-05-14T06:00:00	99.40	101.28	95.04	100.03	99.35	101.23	94.99	99.95	
2011-05-07T06:00:00	97.85	104.61	95.28	99.40	97.80	104.56	95.20	99.35	
2011-04-30T06:00:00	113.70	114.85	94.78	97.85	113.65	114.80	94.65	97.80	
2011-04-23T06:00:00	112.26	114.20	110.74	113.70	112.21	114.15	110.55	113.65	
2011-04-16T06:00:00	109.44	112.51	106.04	112.26	109.39	112.46	105.99	112.21	
2011-04-09T06:00:00	113.19	113.49	105.34	109.44	113.14	113.44	105.29	109.39	
2011-04-02T06:00:00	108.09	113.20	107.53	113.19	108.04	113.15	107.45	113.14	
2011-03-26T06:00:00	105.58	108.19	102.75	108.09	105.53	108.14	102.70	108.04	
2011-03-19T06:00:00	101.59	106.70	101.59	105.58	101.54	106.65	101.54	105.53	
2011-03-12T07:00:00	100.69	103.66	96.25	101.59	100.64	103.61	96.20	101.54	
2011-03-05T07:00:00	104.76	106.98	99.26	100.69	104.71	106.93	99.21	100.64	
2011-02-26T07:00:00	98.21	104.96	96.35	104.76	98.16	104.91	96.25	104.71	
2011-02-19T07:00:00	89.90	103.65	89.90	98.21	89.85	103.48	89.85	98.16	
2011-02-12T07:00:00	85.49	90.99	83.89	89.90	85.44	90.94	83.84	89.85	
2011-02-05T07:00:00	88.89	89.56	85.08	85.49	88.84	89.51	85.00	85.44	
2011-01-29T07:00:00	89.43	92.86	88.44	88.89	89.38	92.81	88.39	88.84	
2011-01-22T07:00:00	89.26	89.75	85.14	89.43	89.21	89.70	85.08	89.38	
2011-01-15T07:00:00	91.71	93.03	88.85	89.26	91.66	92.98	88.73	89.21	
2011-01-08T07:00:00	88.49	92.41	88.16	91.71	88.44	92.36	88.11	91.66	
2011-01-01T07:00:00	90.86	92.59	87.28	88.49	90.81	92.54	87.23	88.44	
2010-12-25T07:00:00	91.53	91.90	89.04	90.86	91.48	91.85	88.98	90.81	
2010-12-18T07:00:00	88.63	91.64	87.76	91.53	88.58	91.59	87.71	91.48	
2010-12-11T07:00:00	87.84	89.50	86.86	88.63	87.79	89.45	86.81	88.58	
2010-12-04T07:00:00	89.38	90.78	87.14	87.84	89.33	90.73	87.09	87.79	
2010-11-27T07:00:00	83.75	89.51	83.59	89.38	83.70	89.46	83.53	89.33	
2010-11-20T07:00:00	82.11	84.56	80.31	83.75	82.06	84.51	80.26	83.70	
2010-11-13T07:00:00	84.64	85.79	80.09	82.11	84.59	85.74	80.04	82.06	
2010-11-06T06:00:00	87.13	88.65	84.56	84.64	87.08	88.60	84.51	84.59	
2010-10-30T06:00:00	81.41	87.26	81.38	87.13	81.36	87.21	81.30	87.08	
2010-10-23T06:00:00	82.06	83.29	80.55	81.41	82.01	83.24	80.50	81.36	
2010-10-16T06:00:00	81.48	83.90	79.90	82.06	81.43	83.85	79.80	82.01	
2010-10-09T06:00:00	82.91	84.15	80.79	81.48	82.86	84.08	80.74	81.43	
2010-10-02T06:00:00	81.68	84.46	80.34	82.91	81.63	84.41	80.29	82.86	
2010-09-25T06:00:00	76.59	81.71	75.54	81.68	76.54	81.66	75.49	81.63	
2010-09-18T06:00:00	73.59	76.79	73.59	76.59	73.54	76.74	73.54	76.54	
2010-09-11T06:00:00	76.60	78.06	72.79	73.59	76.55	78.01	72.74	73.54	
2010-09-04T06:00:00	74.38	76.74	72.66	76.60	74.33	76.69	72.61	76.55	
2010-08-28T06:00:00	75.43	75.60	71.56	74.38	75.38	75.55	71.51	74.33	
2010-08-21T06:00:00	74.06	75.46	70.79	75.43	74.01	75.41	70.74	75.38	
2010-08-14T06:00:00	75.59	76.66	73.46	74.06	75.54	76.61	73.41	74.01	
2010-08-07T06:00:00	80.90	82.00	75.04	75.59	80.85	81.95	74.99	75.54	
2010-07-31T06:00:00	78.90	82.99	78.86	80.90	78.85	82.94	78.81	80.85	
2010-07-24T06:00:00	79.10	79.70	75.94	78.90	79.05	79.65	75.89	78.85	
2010-07-17T06:00:00	75.91	79.61	75.89	79.10	75.86	79.56	75.84	79.05	
2010-07-10T06:00:00	76.21	78.16	74.28	75.91	76.16	78.11	74.23	75.86	
2010-07-03T06:00:00	72.25	76.53	71.14	76.21	72.20	76.48	71.09	76.16	
2010-06-26T06:00:00	79.06	79.39	71.65	72.25	79.01	79.34	71.60	72.20	
2010-06-19T06:00:00	77.43	79.96	75.33	79.06	77.38	79.91	75.18	79.01	
2010-06-12T06:00:00	74.28	78.15	74.10	77.43	74.20	78.10	73.98	77.38	
2010-06-05T06:00:00	71.15	76.31	69.59	74.28	71.10	76.26	69.54	74.20	
2010-05-29T06:00:00	74.09	75.45	70.83	71.15	74.04	75.40	70.78	71.10	
2010-05-22T06:00:00	70.23	75.75	67.19	74.09	70.18	75.70	67.14	74.04	
2010-05-15T06:00:00	71.91	73.31	68.89	70.23	71.86	73.26	68.84	70.18	
2010-05-08T06:00:00	75.38	78.53	70.86	71.91	75.33	78.48	70.81	71.86	
2010-05-01T06:00:00	86.00	87.19	74.54	75.38	85.95	87.14	74.49	75.33	
2010-04-24T06:00:00	85.15	86.51	81.31	86.00	85.10	86.46	81.26	85.95	
2010-04-17T06:00:00	83.04	85.21	81.76	85.15	82.99	85.16	81.71	85.10	
2010-04-10T06:00:00	84.91	86.40	82.54	83.04	84.86	86.35	82.49	82.99	
2010-04-03T06:00:00	85.33	87.11	84.16	84.91	85.25	87.06	84.11	84.86	
2010-03-27T06:00:00	80.13	85.34	80.13	85.33	80.08	85.29	80.08	85.25	
2010-03-20T06:00:00	80.85	82.23	78.89	80.13	80.80	82.18	78.84	80.08	
2010-03-13T07:00:00	81.25	83.11	79.16	80.85	81.17	83.06	79.11	80.80	
2010-03-06T07:00:00	81.79	83.20	80.20	81.25	81.71	83.12	80.12	81.17	
2010-02-27T07:00:00	79.75	82.10	78.10	81.79	79.67	82.02	78.02	81.71	
2010-02-20T07:00:00	80.24	80.80	77.10	79.75	80.16	80.72	77.02	79.67	
2010-02-13T07:00:00	74.24	80.25	73.77	80.24	74.16	80.17	73.69	80.16	
2010-02-06T07:00:00	72.95	75.73	70.83	74.24	72.87	75.65	70.75	74.16	
2010-01-30T07:00:00	74.19	78.08	72.45	72.95	74.11	78.00	72.37	72.87	
2010-01-23T07:00:00	75.23	75.45	72.70	74.19	75.15	75.37	72.62	74.11	
2010-01-16T07:00:00	78.59	79.50	74.33	74.41	78.51	79.42	74.33	74.41	
2010-01-09T07:00:00	82.33	84.00	78.39	78.59	82.25	83.92	78.31	78.51	
2010-01-02T07:00:00	79.90	83.55	79.82	82.33	79.82	83.47	79.74	82.25	
2009-12-26T07:00:00	77.28	80.03	77.28	79.90	77.20	79.95	77.20	79.82	
2009-12-19T07:00:00	74.13	77.53	72.77	77.28	74.05	77.45	72.69	77.20	
2009-12-12T07:00:00	70.17	75.68	68.50	74.13	70.09	75.60	68.19	74.05	
2009-12-05T07:00:00	76.60	76.60	69.62	70.17	76.52	76.52	69.54	70.09	
2009-11-28T07:00:00	75.49	79.08	75.18	76.60	75.41	79.00	75.10	76.52	
2009-11-21T07:00:00	76.98	79.95	72.44	75.49	76.90	79.87	72.32	75.41	
2009-11-14T07:00:00	76.45	81.06	76.45	76.98	76.37	80.97	76.37	76.90	
2009-11-07T07:00:00	77.59	80.54	75.60	76.45	77.51	80.46	75.52	76.37	
2009-10-31T06:00:00	78.25	81.12	76.60	77.59	78.17	81.04	76.52	77.51	
2009-10-24T06:00:00	80.64	81.62	77.09	78.25	80.56	81.54	76.99	78.17	
2009-10-17T06:00:00	77.40	82.03	77.40	80.64	77.32	81.95	77.32	80.56	
2009-10-10T06:00:00	71.34	78.22	71.34	77.40	71.26	78.14	71.26	77.32	
2009-10-03T06:00:00	69.22	72.58	68.10	71.34	69.14	72.50	68.02	71.26	
2009-09-26T06:00:00	66.34	71.42	65.45	69.22	66.26	71.34	65.37	69.14	
2009-09-19T06:00:00	71.82	72.66	65.09	66.34	71.74	72.57	65.01	66.26	
2009-09-12T06:00:00	69.28	73.20	68.08	71.82	69.20	73.12	67.99	71.74	
2009-09-05T06:00:00	67.85	72.93	67.58	69.28	67.77	72.85	67.50	69.20	
2009-08-29T06:00:00	72.84	73.44	67.10	67.85	72.74	73.32	67.02	67.77	
2009-08-22T06:00:00	73.87	75.01	69.88	72.84	73.79	74.92	69.80	72.74	
2009-08-15T06:00:00	67.59	74.77	65.29	73.87	67.51	74.69	65.21	73.79	
2009-08-08T06:00:00	70.91	72.24	60.84	67.59	70.82	72.16	60.74	67.51	
2009-08-01T06:00:00	69.19	73.21	69.11	70.91	69.09	72.99	69.02	70.82	
2009-07-25T06:00:00	68.13	69.78	62.75	69.19	68.05	69.70	62.67	69.09	
2009-07-18T06:00:00	64.39	68.23	63.80	68.13	64.31	68.15	63.72	68.05	
2009-07-11T06:00:00	59.89	65.03	58.37	64.39	59.81	64.95	58.29	64.31	
2009-07-04T06:00:00	65.66	65.71	58.78	59.89	65.24	65.62	58.70	59.81	
2009-06-27T06:00:00	69.39	73.42	65.52	65.66	69.31	73.34	65.24	65.24	
2009-06-20T06:00:00	70.22	71.32	66.39	69.39	70.14	71.24	66.31	69.31	
2009-06-13T06:00:00	72.22	72.89	69.04	70.22	72.14	72.81	68.96	70.14	
2009-06-06T06:00:00	68.39	73.25	66.83	72.22	68.31	73.17	66.75	72.14	
2009-05-30T06:00:00	66.54	70.36	65.00	68.39	66.44	70.27	64.92	68.31	
2009-05-23T06:00:00	61.63	66.54	59.59	66.54	61.55	66.46	59.49	66.44	
2009-05-16T06:00:00	57.21	62.29	56.84	61.63	57.12	62.21	56.74	61.55	
2009-05-09T06:00:00	58.45	60.10	56.62	57.21	58.37	60.02	56.54	57.12	
2009-05-02T06:00:00	52.87	58.73	52.59	58.45	52.79	58.65	52.49	58.37	
2009-04-25T06:00:00	51.54	53.68	48.05	52.87	51.42	53.59	47.97	52.79	
2009-04-18T06:00:00	50.41	52.43	46.77	51.54	50.29	52.34	46.69	51.42	
2009-04-11T06:00:00	52.17	52.21	48.88	50.41	52.09	52.09	48.80	50.29	
2009-04-04T06:00:00	52.39	53.66	47.43	52.17	52.31	53.57	47.35	52.09	
2009-03-28T06:00:00	52.09	53.81	47.30	52.39	52.01	53.67	47.22	52.31	
2009-03-21T06:00:00	52.12	54.70	51.68	52.09	52.04	54.62	51.60	52.01	
2009-03-14T06:00:00	45.81	52.77	43.68	52.12	45.72	52.69	43.59	52.04	
2009-03-07T07:00:00	45.74	48.81	42.13	45.81	45.74	48.81	42.05	45.72	
2009-02-28T07:00:00	44.34	46.24	39.43	45.55	44.34	46.24	39.43	45.55	
2009-02-21T07:00:00	39.72	45.29	37.62	44.00	39.72	45.29	37.62	44.00	
2009-02-14T07:00:00	42.07	42.70	37.12	39.51	42.07	42.70	37.12	39.51	
2009-02-07T07:00:00	45.81	47.99	41.34	41.60	45.81	47.99	41.34	41.60	
2009-01-31T07:00:00	46.13	47.09	43.57	45.66	46.13	47.09	43.57	45.66	
2009-01-24T07:00:00	48.70	50.86	44.39	45.80	48.70	50.86	44.39	45.80	
2009-01-17T07:00:00	46.72	49.41	43.00	47.70	46.72	49.41	43.00	47.70	
2009-01-10T07:00:00	48.48	49.46	44.80	45.40	48.48	49.46	44.80	45.40	
2009-01-03T07:00:00	52.61	56.93	43.20	47.54	52.61	56.93	43.20	47.54	
2008-12-27T07:00:00	42.85	52.40	38.50	50.10	42.85	52.40	38.50	50.10	
2008-12-20T07:00:00	47.04	48.01	36.18	40.55	47.04	48.01	36.18	40.55	
2008-12-13T07:00:00	52.97	57.03	45.86	45.90	52.97	57.03	45.86	45.90	
2008-12-06T07:00:00	46.76	55.26	45.50	47.70	46.76	55.26	45.50	47.70	
2008-11-29T07:00:00	57.68	57.92	45.00	45.50	57.68	57.92	45.00	45.50	
2008-11-22T07:00:00	53.05	59.53	45.00	45.00	53.05	59.53	45.00	45.00	
2008-11-15T07:00:00	58.90	62.11	50.00	53.05	58.90	62.11	50.00	53.05	
2008-11-08T07:00:00	61.90	69.02	56.10	59.57	61.90	69.02	56.10	59.57	
2008-11-01T06:00:00	69.08	74.50	61.00	61.00	69.08	74.50	61.00	61.00	
2008-10-25T06:00:00	60.50	72.53	60.45	69.18	60.50	72.53	60.45	69.18	
2008-10-18T06:00:00	73.86	77.75	63.49	65.48	73.86	77.75	63.49	65.48	
2008-10-11T06:00:00	76.45	86.49	69.94	72.50	76.45	86.49	69.94	72.50	
2008-10-04T06:00:00	88.15	91.65	78.72	82.10	88.15	91.65	78.72	82.10	
2008-09-27T06:00:00	102.95	106.16	88.69	88.69	102.95	106.16	88.69	88.69	
2008-09-20T06:00:00	98.17	109.76	91.90	103.07	98.17	109.76	91.90	103.07	
2008-09-13T06:00:00	100.77	103.54	88.82	91.85	100.77	103.54	88.82	91.85	
2008-09-06T06:00:00	101.71	111.92	93.82	93.82	101.71	111.92	93.82	93.82	
2008-08-30T06:00:00	111.12	116.30	101.71	101.71	111.12	116.30	101.71	101.71	
2008-08-23T06:00:00	111.88	121.73	111.20	111.22	111.88	121.73	111.20	111.22	
2008-08-16T06:00:00	113.77	122.04	111.64	114.59	113.77	122.04	111.64	114.59	
2008-08-09T06:00:00	115.20	117.46	111.34	113.77	115.20	117.46	111.34	113.77	
2008-08-02T06:00:00	125.10	126.35	114.62	115.20	125.10	126.35	114.62	115.20	
2008-07-26T06:00:00	123.26	128.60	120.42	125.10	123.26	128.60	120.42	125.10	
2008-07-19T06:00:00	128.88	132.07	122.50	123.26	128.88	132.07	122.50	123.26	
2008-07-12T06:00:00	145.08	146.73	128.23	128.88	145.08	146.73	128.23	128.88	
2008-07-05T06:00:00	145.29	147.27	135.14	145.08	145.29	147.27	135.14	145.08	
2008-06-28T06:00:00	140.21	145.85	139.17	145.29	140.21	145.85	139.17	145.29	
2008-06-21T06:00:00	134.62	142.99	131.95	140.21	134.62	142.99	131.95	140.21	
2008-06-14T06:00:00	134.86	139.89	131.19	134.62	134.86	139.89	131.19	134.62	
2008-06-07T06:00:00	138.54	138.54	130.80	134.86	138.54	138.54	130.80	134.86	
2008-05-31T06:00:00	127.35	139.12	121.61	138.54	127.35	139.12	121.61	138.54	
2008-05-24T06:00:00	132.19	133.65	124.67	127.35	132.19	133.65	124.67	127.35	
2008-05-17T06:00:00	126.29	135.09	125.28	132.19	126.29	135.09	125.28	132.19	
2008-05-10T06:00:00	125.96	127.82	120.75	126.29	125.96	127.82	120.75	126.29	
2008-05-03T06:00:00	116.32	126.27	116.05	125.96	116.32	126.27	116.05	125.96	
2008-04-26T06:00:00	118.52	119.93	110.30	116.32	118.52	119.93	110.30	116.32	
2008-04-19T06:00:00	116.69	119.90	114.25	118.52	116.69	119.90	114.25	118.52	
2008-04-12T06:00:00	110.14	116.97	109.56	116.69	110.14	116.97	109.56	116.69	
2008-04-05T06:00:00	106.23	112.21	105.86	110.14	106.23	112.21	105.86	110.14	
2008-03-29T06:00:00	105.62	106.78	99.55	106.23	105.62	106.78	99.55	106.23	
2008-03-22T06:00:00	101.84	108.22	99.13	105.62	101.84	108.22	99.13	105.62	
2008-03-15T06:00:00	110.21	111.80	98.65	101.84	110.21	111.80	98.65	101.84	
2008-03-08T07:00:00	105.15	111.00	104.08	110.21	105.15	111.00	104.08	110.21	
2008-03-01T07:00:00	101.84	106.54	98.87	105.15	101.84	106.54	98.87	105.15	
2008-02-23T07:00:00	98.81	103.05	97.75	101.84	98.81	103.05	97.75	101.84	
2008-02-16T07:00:00	95.50	101.32	95.23	98.81	95.50	101.32	95.23	98.81	
2008-02-09T07:00:00	91.77	96.67	90.92	95.50	91.77	96.67	90.92	95.50	
2008-02-02T07:00:00	88.96	91.98	86.24	91.77	88.96	91.98	86.24	91.77	
2008-01-26T07:00:00	90.71	92.71	88.46	88.96	90.71	92.71	88.46	88.96	
2008-01-19T07:00:00	90.57	91.38	86.11	90.71	90.57	91.38	86.11	90.71	
2008-01-12T07:00:00	92.69	94.43	89.26	90.57	92.69	94.43	89.26	90.57	
2008-01-05T07:00:00	97.91	98.40	92.31	92.69	97.91	98.40	92.31	92.69	
2007-12-29T07:00:00	96.00	100.09	94.73	97.91	96.00	100.09	94.73	97.91	
2007-12-22T07:00:00	93.31	97.92	92.50	96.00	93.31	97.92	92.50	96.00	
2007-12-15T07:00:00	91.27	93.84	88.88	93.31	91.27	93.84	88.88	93.31	
2007-12-08T07:00:00	88.28	94.85	87.09	91.27	88.28	94.85	87.09	91.27	
2007-12-01T07:00:00	88.71	90.73	85.82	88.28	88.71	90.73	85.82	88.28	
2007-11-24T07:00:00	98.18	99.11	88.45	88.71	98.18	99.11	88.45	88.71	
2007-11-17T07:00:00	95.10	99.29	93.16	98.18	95.10	99.29	93.16	98.18	
2007-11-10T07:00:00	96.32	96.32	90.13	95.10	96.32	96.32	90.13	95.10	
2007-11-03T06:00:00	95.93	98.62	93.72	96.32	95.93	98.62	93.72	96.32	
2007-10-27T06:00:00	91.86	96.24	88.92	95.93	91.86	96.24	88.92	95.93	
2007-10-20T06:00:00	88.60	92.22	84.68	91.86	88.60	92.22	84.68	91.86	
2007-10-13T06:00:00	83.69	90.07	83.50	88.60	83.69	90.07	83.50	88.60	
2007-10-06T06:00:00	81.22	84.05	78.35	83.69	81.22	84.05	78.35	83.69	
2007-09-29T06:00:00	81.66	82.02	78.87	81.22	81.66	82.02	78.87	81.22	
2007-09-22T06:00:00	81.62	83.76	78.44	81.66	81.62	83.76	78.44	81.66	
2007-09-15T06:00:00	79.10	83.90	78.25	81.62	79.10	83.90	78.25	81.62	
2007-09-08T06:00:00	76.70	80.36	75.52	79.10	76.70	80.36	75.52	79.10	
2007-09-01T06:00:00	74.04	77.43	73.48	76.70	74.04	77.43	73.48	76.70	
2007-08-25T06:00:00	71.09	74.44	70.20	74.04	71.09	74.44	70.20	74.04	
2007-08-18T06:00:00	71.98	71.98	68.63	71.09	71.98	71.98	68.63	71.09	
2007-08-11T06:00:00	71.47	74.23	70.10	71.98	71.47	74.23	70.10	71.98	
2007-08-04T06:00:00	75.48	75.48	70.10	71.47	75.48	75.48	70.10	71.47	
2007-07-28T06:00:00	77.02	78.77	75.04	75.48	77.02	78.77	75.04	75.48	
2007-07-21T06:00:00	75.57	77.24	72.91	77.02	75.57	77.24	72.91	77.02	
2007-07-14T06:00:00	73.93	76.13	73.50	75.57	73.93	76.13	73.50	75.57	
2007-07-07T06:00:00	72.81	74.01	71.60	73.93	72.81	74.01	71.60	73.93	
2007-06-30T06:00:00	70.68	72.94	69.57	72.81	70.68	72.94	69.57	72.81	
2007-06-23T06:00:00	69.14	71.06	67.07	70.68	69.14	71.06	67.07	70.68	
2007-06-16T06:00:00	68.00	69.88	67.29	69.14	68.00	69.88	67.29	69.14	
2007-06-09T06:00:00	64.76	68.30	64.52	68.00	64.76	68.30	64.52	68.00	
2007-06-02T06:00:00	65.08	67.42	64.53	64.76	65.08	67.42	64.53	64.76	
2007-05-26T06:00:00	65.20	65.25	62.43	65.08	65.20	65.25	62.43	65.08	
2007-05-19T06:00:00	64.94	66.38	63.82	65.20	64.94	66.38	63.82	65.20	
2007-05-12T06:00:00	62.37	65.64	61.90	64.94	62.37	65.64	61.90	64.94	
