日時	XAU/USD(始値, 買い)	XAU/USD(高値, 買い)	XAU/USD(安値, 買い)	XAU/USD(終値, 買い)	XAU/USD(始値, 売り)	XAU/USD(高値, 売り)	XAU/USD(安値, 売り)	XAU/USD(終値, 売り)	
2014-02-01T07:00:00	1245.08	1274.71	1241.13	1256.05	1243.33	1274.41	1240.72	1255.55	
2014-01-25T07:00:00	1270.65	1279.58	1238.40	1245.08	1268.80	1279.10	1237.96	1243.33	
2014-01-18T07:00:00	1254.86	1272.95	1231.91	1270.65	1253.01	1272.50	1231.47	1268.80	
2014-01-11T07:00:00	1248.95	1255.81	1234.60	1254.86	1247.20	1255.26	1234.20	1253.01	
2014-01-04T07:00:00	1237.26	1249.19	1216.13	1248.95	1236.32	1248.85	1215.58	1247.20	
2013-12-28T07:00:00	1213.98	1240.58	1182.75	1237.26	1212.40	1240.10	1182.43	1236.32	
2013-12-21T07:00:00	1204.33	1219.45	1193.06	1213.98	1202.28	1219.01	1192.60	1212.40	
2013-12-14T07:00:00	1239.50	1252.24	1187.55	1204.33	1237.55	1252.01	1187.14	1202.28	
2013-12-07T07:00:00	1229.74	1268.15	1220.81	1239.50	1228.64	1267.80	1220.55	1237.55	
2013-11-30T07:00:00	1252.23	1251.80	1212.02	1229.74	1251.51	1251.64	1210.50	1228.64	
2013-11-23T07:00:00	1244.65	1258.63	1227.23	1252.23	1243.07	1258.13	1226.80	1251.51	
2013-11-16T07:00:00	1291.57	1290.30	1237.14	1244.65	1288.67	1289.55	1236.68	1243.07	
2013-11-09T07:00:00	1290.23	1294.56	1261.77	1291.57	1287.08	1294.23	1261.33	1288.67	
2013-11-02T06:00:00	1317.18	1326.45	1281.52	1290.23	1314.93	1326.04	1281.05	1287.08	
2013-10-26T06:00:00	1351.91	1362.06	1306.45	1317.18	1349.75	1361.68	1306.03	1314.93	
2013-10-19T06:00:00	1317.30	1356.09	1310.49	1351.91	1315.10	1355.70	1310.15	1349.75	
2013-10-12T06:00:00	1273.50	1327.50	1252.00	1317.30	1271.20	1327.32	1251.64	1315.10	
2013-10-05T06:00:00	1312.06	1329.98	1261.55	1273.50	1309.81	1329.88	1260.56	1271.20	
2013-09-28T06:00:00	1337.70	1350.73	1278.10	1312.06	1335.70	1348.88	1277.23	1309.81	
2013-09-21T06:00:00	1326.64	1345.06	1306.15	1337.70	1324.69	1344.05	1305.82	1335.70	
2013-09-14T06:00:00	1327.35	1375.43	1292.10	1326.64	1325.35	1375.25	1291.75	1324.69	
2013-09-07T06:00:00	1392.65	1394.99	1305.13	1327.35	1390.40	1394.13	1304.83	1325.35	
2013-08-31T06:00:00	1395.79	1416.52	1360.55	1392.65	1395.05	1416.26	1358.05	1390.40	
2013-08-24T06:00:00	1398.20	1434.05	1389.85	1395.79	1397.56	1433.61	1389.40	1395.05	
2013-08-17T06:00:00	1376.86	1400.46	1352.68	1398.20	1376.01	1399.96	1352.22	1397.56	
2013-08-10T06:00:00	1314.89	1380.03	1315.30	1376.86	1314.07	1379.45	1314.00	1376.01	
2013-08-03T06:00:00	1312.83	1321.11	1273.31	1314.89	1311.96	1320.62	1272.81	1314.07	
2013-07-27T06:00:00	1333.68	1339.80	1283.62	1312.83	1332.96	1339.20	1283.06	1311.96	
2013-07-20T06:00:00	1296.37	1348.94	1296.76	1333.68	1295.63	1347.57	1295.87	1332.96	
2013-07-13T06:00:00	1285.93	1300.99	1270.65	1296.37	1285.17	1300.65	1270.15	1295.63	
2013-07-06T06:00:00	1223.85	1299.23	1216.16	1285.93	1223.01	1298.75	1215.62	1285.17	
2013-06-29T06:00:00	1234.83	1267.78	1208.55	1223.85	1233.90	1267.36	1208.10	1223.01	
2013-06-22T06:00:00	1297.05	1301.76	1180.65	1234.83	1296.37	1301.41	1180.15	1233.90	
2013-06-15T06:00:00	1391.05	1392.33	1269.90	1297.05	1390.18	1391.84	1269.45	1296.37	
2013-06-08T06:00:00	1383.36	1395.25	1366.33	1391.05	1382.58	1394.78	1365.54	1390.18	
2013-06-01T06:00:00	1388.31	1424.03	1378.12	1383.36	1387.59	1423.71	1377.65	1382.58	
2013-05-25T06:00:00	1386.73	1422.25	1373.95	1388.31	1386.23	1421.90	1373.59	1387.59	
2013-05-18T06:00:00	1359.67	1415.14	1338.59	1386.73	1359.42	1414.48	1338.06	1386.23	
2013-05-11T06:00:00	1448.20	1451.00	1355.51	1359.67	1447.70	1447.90	1355.22	1359.42	
2013-05-04T06:00:00	1470.95	1479.23	1419.91	1448.20	1470.45	1478.84	1419.65	1447.70	
2013-04-27T06:00:00	1461.91	1488.26	1440.81	1470.95	1461.29	1488.00	1440.35	1470.45	
2013-04-20T06:00:00	1404.10	1485.69	1404.10	1461.91	1403.30	1485.30	1403.30	1461.29	
2013-04-13T06:00:00	1483.56	1495.85	1322.14	1404.10	1482.99	1495.55	1321.59	1403.30	
2013-04-06T06:00:00	1581.42	1590.60	1481.16	1483.56	1580.95	1590.29	1480.61	1482.99	
2013-03-30T06:00:00	1597.13	1604.13	1540.42	1581.42	1596.95	1603.83	1540.05	1580.95	
2013-03-23T06:00:00	1608.99	1614.15	1590.20	1597.13	1608.55	1613.71	1589.59	1596.95	
2013-03-16T06:00:00	1592.44	1617.22	1591.45	1608.99	1591.89	1616.98	1590.95	1608.55	
2013-03-09T07:00:00	1579.28	1599.95	1575.81	1592.44	1578.71	1599.61	1575.43	1591.89	
2013-03-02T07:00:00	1576.68	1586.74	1561.84	1579.28	1576.11	1586.40	1561.34	1578.71	
2013-02-23T07:00:00	1582.28	1620.31	1565.15	1576.68	1581.75	1620.09	1564.80	1576.11	
2013-02-16T07:00:00	1610.35	1619.16	1555.31	1582.28	1609.80	1618.90	1555.00	1581.75	
2013-02-09T07:00:00	1667.56	1669.92	1598.25	1610.35	1667.10	1669.56	1597.10	1609.80	
2013-02-02T07:00:00	1667.20	1686.34	1661.75	1667.56	1666.99	1685.55	1661.32	1667.10	
2013-01-26T07:00:00	1659.18	1684.34	1652.43	1667.20	1658.48	1684.05	1651.85	1666.99	
2013-01-19T07:00:00	1684.58	1696.53	1656.21	1659.18	1683.80	1695.99	1655.81	1658.48	
2013-01-12T07:00:00	1663.33	1698.57	1661.05	1684.58	1662.57	1697.40	1659.20	1683.80	
2013-01-05T07:00:00	1656.48	1679.21	1643.38	1663.33	1655.68	1678.73	1642.61	1662.57	
2012-12-29T07:00:00	1656.45	1695.36	1626.22	1656.48	1655.48	1694.79	1625.69	1655.68	
2012-12-22T07:00:00	1657.80	1668.60	1652.44	1656.45	1656.94	1667.90	1651.76	1655.48	
2012-12-15T07:00:00	1696.12	1703.50	1635.90	1657.80	1695.45	1703.02	1635.43	1656.94	
2012-12-08T07:00:00	1704.55	1723.79	1689.88	1696.12	1703.85	1723.30	1689.42	1695.45	
2012-12-01T07:00:00	1715.28	1723.47	1683.80	1704.55	1714.48	1722.59	1683.25	1703.85	
2012-11-24T07:00:00	1751.90	1753.25	1706.23	1715.28	1745.30	1752.06	1705.49	1714.48	
2012-11-17T07:00:00	1714.15	1754.95	1714.15	1751.90	1713.37	1754.20	1713.37	1745.30	
2012-11-10T07:00:00	1731.38	1738.35	1705.16	1714.15	1730.62	1737.85	1704.56	1713.37	
2012-11-03T06:00:00	1678.46	1739.27	1673.03	1731.38	1677.64	1738.69	1672.50	1730.62	
2012-10-27T06:00:00	1711.89	1727.39	1674.99	1678.46	1711.09	1726.89	1674.25	1677.64	
2012-10-20T06:00:00	1722.03	1734.95	1699.07	1711.89	1721.22	1729.90	1698.30	1711.09	
2012-10-13T06:00:00	1754.45	1758.90	1716.75	1722.03	1753.56	1754.15	1715.73	1721.22	
2012-10-06T06:00:00	1781.15	1781.55	1752.61	1754.45	1780.45	1780.45	1752.02	1753.56	
2012-09-29T06:00:00	1772.55	1796.30	1763.75	1781.15	1771.90	1795.80	1763.25	1780.45	
2012-09-22T06:00:00	1773.55	1783.60	1736.85	1772.55	1772.90	1783.15	1736.05	1771.90	
2012-09-15T06:00:00	1770.80	1787.85	1752.75	1773.55	1770.15	1787.35	1752.00	1772.90	
2012-09-08T06:00:00	1736.30	1778.17	1717.87	1770.80	1735.65	1777.70	1715.22	1770.15	
2012-09-01T06:00:00	1692.30	1742.63	1685.65	1736.30	1691.55	1742.05	1685.30	1735.65	
2012-08-25T06:00:00	1671.00	1693.50	1646.55	1692.30	1670.33	1692.90	1645.76	1691.55	
2012-08-18T06:00:00	1616.35	1675.30	1610.20	1671.00	1615.70	1674.85	1609.62	1670.33	
2012-08-11T06:00:00	1620.60	1626.00	1590.40	1616.35	1619.95	1625.50	1589.85	1615.70	
2012-08-04T06:00:00	1603.80	1627.00	1602.74	1620.60	1603.17	1626.35	1602.13	1619.95	
2012-07-28T06:00:00	1623.75	1628.49	1583.95	1603.80	1623.10	1627.95	1583.62	1603.17	
2012-07-21T06:00:00	1584.70	1630.07	1563.71	1623.75	1584.05	1629.50	1563.12	1623.10	
2012-07-14T06:00:00	1590.05	1599.70	1568.10	1584.70	1589.30	1598.90	1567.60	1584.05	
2012-07-07T06:00:00	1584.15	1601.98	1555.35	1590.05	1583.44	1601.40	1554.83	1589.30	
2012-06-30T06:00:00	1597.55	1625.36	1576.90	1584.15	1596.93	1624.81	1576.34	1583.44	
2012-06-23T06:00:00	1572.70	1607.60	1548.45	1597.55	1571.95	1607.05	1547.86	1596.93	
2012-06-16T06:00:00	1627.60	1633.67	1558.60	1572.70	1626.56	1633.35	1558.00	1571.95	
2012-06-09T06:00:00	1593.85	1634.65	1582.25	1627.60	1593.10	1633.80	1581.62	1626.56	
2012-06-02T06:00:00	1623.05	1641.40	1555.70	1593.85	1622.55	1640.80	1553.42	1593.10	
2012-05-26T06:00:00	1573.25	1630.65	1531.70	1623.05	1572.55	1630.15	1531.14	1622.55	
2012-05-19T06:00:00	1593.60	1599.60	1533.73	1573.25	1592.85	1599.05	1533.17	1572.55	
2012-05-12T06:00:00	1579.70	1598.05	1527.34	1593.60	1579.05	1597.47	1526.84	1592.85	
2012-05-05T06:00:00	1642.60	1643.65	1573.25	1579.70	1641.98	1642.47	1572.40	1579.05	
2012-04-28T06:00:00	1663.20	1671.90	1626.90	1642.60	1662.55	1671.49	1626.54	1641.98	
2012-04-21T06:00:00	1643.45	1668.00	1623.68	1663.20	1642.66	1667.52	1623.10	1662.55	
2012-04-14T06:00:00	1658.82	1658.82	1631.15	1643.45	1658.00	1658.00	1630.89	1642.66	
2012-04-07T06:00:00	1643.15	1680.58	1632.29	1658.82	1636.80	1680.00	1631.68	1658.00	
2012-03-31T06:00:00	1668.70	1683.95	1612.70	1643.15	1667.98	1683.35	1612.24	1636.80	
2012-03-24T06:00:00	1662.25	1697.48	1645.15	1668.70	1661.60	1696.88	1644.87	1667.98	
2012-03-17T06:00:00	1660.29	1670.25	1628.45	1662.25	1659.65	1669.75	1627.91	1661.60	
2012-03-10T07:00:00	1714.45	1717.31	1634.80	1660.29	1713.58	1716.55	1634.34	1659.65	
2012-03-03T07:00:00	1712.85	1717.20	1664.00	1714.45	1712.05	1716.60	1663.29	1713.58	
2012-02-25T07:00:00	1772.70	1791.07	1688.21	1712.85	1772.05	1790.55	1685.91	1712.05	
2012-02-18T07:00:00	1723.79	1787.87	1723.79	1772.70	1723.15	1787.55	1723.15	1772.05	
2012-02-11T07:00:00	1722.05	1737.65	1705.70	1723.79	1721.40	1737.23	1705.16	1723.15	
2012-02-04T07:00:00	1726.56	1753.06	1705.08	1722.05	1725.70	1752.46	1704.54	1721.40	
2012-01-28T07:00:00	1739.29	1763.45	1716.71	1726.56	1738.35	1763.07	1716.09	1725.70	
2012-01-21T07:00:00	1666.94	1740.30	1649.49	1739.29	1665.99	1739.70	1648.89	1738.35	
2012-01-14T07:00:00	1639.65	1670.50	1631.85	1666.94	1638.84	1669.97	1631.30	1665.99	
2012-01-07T07:00:00	1617.97	1662.43	1605.45	1639.65	1617.04	1661.85	1604.91	1638.84	
2011-12-31T07:00:00	1565.38	1631.70	1565.38	1617.97	1564.35	1630.98	1564.35	1617.04	
2011-12-24T07:00:00	1607.57	1607.57	1523.00	1565.38	1606.51	1606.51	1522.50	1564.35	
2011-12-17T07:00:00	1599.25	1642.25	1583.83	1607.57	1598.60	1641.62	1583.26	1606.51	
2011-12-10T07:00:00	1711.91	1715.32	1560.82	1599.25	1710.85	1714.75	1560.15	1598.60	
2011-12-03T07:00:00	1746.90	1756.65	1702.55	1711.91	1746.10	1756.00	1701.90	1710.85	
2011-11-26T07:00:00	1686.90	1763.70	1680.95	1746.90	1680.05	1763.00	1679.95	1746.10	
2011-11-19T07:00:00	1724.75	1726.87	1666.90	1686.90	1723.10	1726.37	1666.37	1680.05	
2011-11-12T07:00:00	1789.35	1796.90	1710.84	1724.75	1788.60	1796.02	1710.29	1723.10	
2011-11-05T06:00:00	1755.15	1803.45	1736.35	1789.35	1754.10	1802.80	1735.55	1788.60	
2011-10-29T06:00:00	1744.25	1768.35	1681.65	1755.15	1743.05	1767.65	1679.60	1754.10	
2011-10-22T06:00:00	1640.13	1753.07	1636.00	1744.25	1639.35	1752.45	1635.40	1743.05	
2011-10-15T06:00:00	1681.25	1695.50	1604.22	1640.13	1680.40	1694.95	1603.75	1639.35	
2011-10-08T06:00:00	1638.45	1692.65	1638.45	1681.25	1637.05	1692.15	1635.45	1680.40	
2011-10-01T06:00:00	1623.45	1679.65	1596.30	1638.45	1622.25	1679.05	1595.45	1637.05	
2011-09-24T06:00:00	1645.25	1677.85	1533.35	1623.45	1643.85	1677.30	1532.45	1622.25	
2011-09-17T06:00:00	1810.05	1829.40	1629.00	1645.25	1809.30	1827.47	1628.00	1643.85	
2011-09-10T06:00:00	1857.05	1863.50	1763.00	1810.05	1856.30	1861.55	1762.40	1809.30	
2011-09-03T06:00:00	1882.35	1921.49	1793.45	1857.05	1881.75	1920.80	1792.60	1856.30	
2011-08-27T06:00:00	1819.60	1885.05	1776.56	1882.35	1818.95	1884.45	1775.65	1881.75	
2011-08-20T06:00:00	1850.90	1913.04	1703.43	1819.60	1849.80	1912.10	1702.90	1818.95	
2011-08-13T06:00:00	1746.15	1878.72	1729.10	1850.90	1745.16	1877.95	1727.90	1849.80	
2011-08-06T06:00:00	1660.85	1815.66	1660.85	1746.15	1660.05	1814.75	1660.05	1745.16	
2011-07-30T06:00:00	1626.30	1682.70	1608.09	1660.85	1625.70	1682.09	1607.03	1660.05	
2011-07-23T06:00:00	1603.00	1633.10	1603.00	1626.30	1602.40	1632.75	1602.40	1625.70	
2011-07-16T06:00:00	1594.38	1610.31	1581.35	1603.00	1593.48	1610.08	1581.05	1602.40	
2011-07-09T06:00:00	1543.72	1594.68	1541.13	1594.38	1542.74	1594.20	1540.62	1593.48	
2011-07-02T06:00:00	1487.16	1545.80	1486.72	1543.72	1486.52	1545.25	1485.91	1542.74	
2011-06-25T06:00:00	1503.03	1514.33	1478.54	1487.16	1502.12	1513.85	1477.99	1486.52	
2011-06-18T06:00:00	1539.11	1558.45	1498.75	1503.03	1538.49	1557.99	1498.15	1502.12	
2011-06-11T06:00:00	1531.65	1542.46	1511.25	1539.11	1530.99	1541.85	1510.70	1538.49	
2011-06-04T06:00:00	1541.80	1553.93	1526.29	1531.65	1541.20	1553.42	1525.70	1530.99	
2011-05-28T06:00:00	1536.75	1550.60	1519.95	1541.80	1536.25	1550.10	1519.35	1541.20	
2011-05-21T06:00:00	1513.80	1538.76	1504.30	1536.75	1513.25	1538.26	1503.80	1536.25	
2011-05-14T06:00:00	1493.50	1516.20	1472.05	1513.80	1493.01	1515.77	1471.70	1513.25	
2011-05-07T06:00:00	1491.40	1526.90	1478.35	1493.50	1490.85	1526.65	1478.00	1493.01	
2011-04-30T06:00:00	1562.95	1577.55	1463.05	1491.40	1562.55	1576.05	1462.05	1490.85	
2011-04-23T06:00:00	1506.15	1569.70	1493.25	1562.95	1503.80	1569.40	1492.85	1562.55	
2011-04-16T06:00:00	1487.75	1513.70	1477.45	1506.15	1487.25	1511.90	1477.10	1503.80	
2011-04-09T06:00:00	1474.00	1488.35	1444.35	1487.75	1473.50	1488.00	1444.00	1487.25	
2011-04-02T06:00:00	1427.95	1475.40	1427.95	1474.00	1427.45	1475.00	1427.45	1473.50	
2011-03-26T06:00:00	1428.30	1439.80	1410.60	1427.95	1427.75	1439.45	1410.20	1427.45	
2011-03-19T06:00:00	1418.90	1448.05	1418.90	1428.30	1418.25	1447.70	1418.25	1427.75	
2011-03-12T07:00:00	1417.35	1433.65	1381.25	1418.90	1416.75	1432.50	1380.85	1418.25	
2011-03-05T07:00:00	1428.55	1445.35	1403.25	1417.35	1428.10	1445.05	1402.95	1416.75	
2011-02-26T07:00:00	1408.60	1440.70	1405.00	1428.55	1408.20	1440.45	1404.75	1428.10	
2011-02-19T07:00:00	1388.10	1418.60	1388.10	1408.60	1387.70	1418.25	1387.70	1408.20	
2011-02-12T07:00:00	1356.85	1392.25	1354.45	1388.10	1356.45	1392.00	1353.65	1387.70	
2011-02-05T07:00:00	1349.50	1369.20	1344.75	1356.85	1349.10	1368.95	1343.95	1356.45	
2011-01-29T07:00:00	1336.80	1359.95	1323.50	1349.50	1336.10	1359.70	1323.15	1349.10	
2011-01-22T07:00:00	1343.05	1353.65	1308.45	1336.80	1342.45	1353.35	1307.45	1336.10	
2011-01-15T07:00:00	1360.50	1379.55	1338.00	1343.05	1359.80	1379.15	1337.60	1342.45	
2011-01-08T07:00:00	1369.80	1393.55	1355.30	1360.50	1369.25	1393.15	1354.90	1359.80	
2011-01-01T07:00:00	1418.05	1423.20	1353.05	1369.80	1417.60	1422.85	1352.65	1369.25	
2010-12-25T07:00:00	1385.80	1419.60	1378.45	1418.05	1384.45	1419.25	1377.80	1417.60	
2010-12-18T07:00:00	1375.14	1392.45	1372.45	1385.80	1374.70	1392.15	1372.05	1384.45	
2010-12-11T07:00:00	1387.05	1408.40	1361.42	1375.14	1386.61	1408.20	1361.15	1374.70	
2010-12-04T07:00:00	1414.10	1431.45	1371.53	1387.05	1413.90	1431.33	1371.25	1386.61	
2010-11-27T07:00:00	1364.35	1414.25	1353.50	1414.10	1363.15	1413.98	1353.18	1413.90	
2010-11-20T07:00:00	1353.85	1382.75	1348.68	1364.35	1353.55	1382.59	1348.50	1363.15	
2010-11-13T07:00:00	1371.45	1377.10	1329.86	1353.85	1367.95	1376.94	1329.70	1353.55	
2010-11-06T06:00:00	1395.70	1424.75	1360.11	1368.45	1395.30	1424.50	1359.90	1368.15	
2010-10-30T06:00:00	1358.69	1398.40	1325.70	1395.70	1358.30	1398.15	1325.35	1395.30	
2010-10-23T06:00:00	1327.95	1359.75	1319.25	1358.69	1327.70	1359.45	1318.95	1358.30	
2010-10-16T06:00:00	1368.40	1375.25	1315.40	1327.95	1367.85	1374.90	1314.95	1327.70	
2010-10-09T06:00:00	1347.34	1387.50	1340.50	1368.40	1347.00	1387.10	1340.30	1367.85	
2010-10-02T06:00:00	1319.45	1365.20	1312.60	1347.34	1318.95	1364.85	1312.25	1347.00	
2010-09-25T06:00:00	1296.55	1321.10	1283.60	1319.45	1296.20	1320.60	1283.00	1318.95	
2010-09-18T06:00:00	1275.20	1300.35	1271.40	1296.55	1274.70	1300.10	1270.60	1296.20	
2010-09-11T06:00:00	1246.25	1283.20	1241.55	1275.20	1245.50	1282.85	1240.95	1274.70	
2010-09-04T06:00:00	1247.65	1263.05	1237.15	1246.25	1247.15	1262.20	1236.65	1245.50	
2010-08-28T06:00:00	1238.10	1255.05	1232.01	1247.65	1237.90	1254.70	1231.65	1247.15	
2010-08-21T06:00:00	1227.75	1244.65	1210.65	1238.10	1227.10	1244.20	1210.05	1237.90	
2010-08-14T06:00:00	1215.35	1237.75	1215.00	1227.75	1214.85	1237.30	1213.85	1227.10	
2010-08-07T06:00:00	1205.79	1218.05	1191.05	1215.35	1205.45	1217.45	1190.60	1214.85	
2010-07-31T06:00:00	1181.75	1211.25	1174.85	1205.79	1181.45	1210.90	1174.40	1205.45	
2010-07-24T06:00:00	1189.45	1195.05	1157.15	1181.75	1188.80	1194.45	1156.70	1181.45	
2010-07-17T06:00:00	1193.35	1204.45	1176.00	1189.45	1192.85	1204.00	1175.25	1188.80	
2010-07-10T06:00:00	1210.75	1218.66	1186.45	1193.35	1210.25	1217.90	1185.95	1192.85	
2010-07-03T06:00:00	1211.80	1214.80	1185.40	1210.75	1211.25	1214.40	1184.95	1210.25	
2010-06-26T06:00:00	1254.40	1263.00	1196.85	1211.80	1253.85	1262.60	1195.59	1211.25	
2010-06-19T06:00:00	1256.20	1265.45	1225.15	1254.40	1255.45	1265.10	1224.65	1253.85	
2010-06-12T06:00:00	1227.11	1262.65	1216.65	1256.20	1226.30	1262.25	1216.05	1255.45	
2010-06-05T06:00:00	1218.90	1253.20	1211.05	1227.11	1218.00	1251.75	1210.55	1226.30	
2010-05-29T06:00:00	1214.90	1229.15	1197.10	1218.90	1214.15	1228.75	1196.40	1218.00	
2010-05-22T06:00:00	1177.65	1218.75	1177.65	1214.90	1176.95	1218.40	1176.84	1214.15	
2010-05-15T06:00:00	1231.11	1242.71	1166.76	1177.65	1230.09	1242.24	1166.04	1176.95	
2010-05-08T06:00:00	1208.21	1249.86	1184.46	1231.11	1207.49	1249.39	1183.89	1230.09	
2010-05-01T06:00:00	1178.91	1214.36	1157.36	1208.21	1178.09	1213.39	1156.04	1207.49	
2010-04-24T06:00:00	1156.56	1182.01	1146.86	1178.91	1155.74	1181.54	1145.59	1178.09	
2010-04-17T06:00:00	1136.90	1157.56	1124.16	1156.56	1136.30	1157.04	1123.69	1155.74	
2010-04-10T06:00:00	1160.95	1172.11	1130.35	1136.90	1160.40	1169.35	1129.40	1136.30	
2010-04-03T06:00:00	1127.70	1165.20	1123.15	1160.95	1125.20	1164.65	1119.99	1160.40	
2010-03-27T06:00:00	1108.80	1128.40	1102.00	1127.70	1108.15	1127.95	1101.60	1125.20	
2010-03-20T06:00:00	1106.40	1110.21	1085.50	1108.80	1105.70	1109.45	1085.09	1108.15	
2010-03-13T07:00:00	1102.76	1134.00	1101.56	1106.40	1102.24	1133.35	1100.54	1105.70	
2010-03-06T07:00:00	1132.30	1142.16	1098.76	1102.76	1131.80	1137.64	1097.64	1102.24	
2010-02-27T07:00:00	1117.36	1145.60	1112.35	1132.30	1116.79	1145.00	1111.60	1131.80	
2010-02-20T07:00:00	1117.90	1131.41	1088.71	1117.36	1117.40	1130.99	1088.19	1116.79	
2010-02-13T07:00:00	1092.95	1128.30	1092.01	1117.90	1092.64	1127.10	1088.79	1117.40	
2010-02-06T07:00:00	1067.80	1098.16	1062.21	1092.95	1067.05	1097.85	1061.49	1092.64	
2010-01-30T07:00:00	1082.00	1126.15	1044.85	1067.80	1081.30	1124.95	1044.10	1067.05	
2010-01-23T07:00:00	1093.06	1106.40	1074.45	1082.00	1092.54	1104.20	1073.95	1081.30	
2010-01-16T07:00:00	1131.66	1142.06	1082.71	1093.06	1131.04	1141.59	1082.14	1092.54	
2010-01-09T07:00:00	1136.65	1162.36	1119.11	1131.66	1136.10	1161.74	1118.34	1131.04	
2010-01-02T07:00:00	1097.10	1141.75	1094.00	1136.65	1096.55	1140.35	1092.95	1136.10	
2009-12-26T07:00:00	1104.45	1114.25	1086.45	1097.10	1104.10	1113.90	1085.90	1096.55	
2009-12-19T07:00:00	1112.20	1120.25	1075.05	1104.45	1111.70	1119.35	1074.65	1104.10	
2009-12-12T07:00:00	1115.85	1142.15	1095.10	1112.20	1115.35	1141.85	1094.70	1111.70	
2009-12-05T07:00:00	1162.86	1169.55	1109.80	1115.85	1162.29	1169.00	1109.45	1115.35	
2009-11-28T07:00:00	1178.25	1226.81	1148.16	1162.86	1177.05	1226.39	1146.59	1162.29	
2009-11-21T07:00:00	1151.00	1195.61	1137.90	1178.25	1150.50	1195.14	1137.20	1177.05	
2009-11-14T07:00:00	1119.15	1153.40	1119.15	1151.00	1118.60	1153.05	1118.19	1150.50	
2009-11-07T07:00:00	1095.80	1123.35	1095.80	1119.15	1095.35	1122.95	1094.84	1118.60	
2009-10-31T06:00:00	1045.45	1101.65	1042.35	1095.80	1045.00	1101.10	1038.90	1095.35	
2009-10-24T06:00:00	1055.35	1060.25	1026.95	1045.45	1054.85	1059.85	1026.59	1045.00	
2009-10-17T06:00:00	1053.20	1068.25	1048.30	1055.35	1052.65	1067.90	1047.70	1054.85	
2009-10-10T06:00:00	1048.90	1070.90	1043.45	1053.20	1048.45	1070.60	1042.90	1052.65	
2009-10-03T06:00:00	1002.20	1061.95	1001.25	1048.90	1001.82	1061.55	1000.09	1048.45	
2009-09-26T06:00:00	1002.05	1010.20	985.45	1002.20	1002.05	1009.75	985.10	1001.82	
2009-09-19T06:00:00	1002.05	1002.05	1002.05	1002.05	1002.05	1002.05	1002.05	1002.05	
2009-09-05T06:00:00	993.75	1007.70	987.70	991.20	993.75	1007.70	987.70	991.20	
2009-08-29T06:00:00	956.30	997.80	944.88	994.40	956.30	997.80	944.88	994.40	
2009-08-22T06:00:00	953.65	961.83	939.55	955.00	953.65	961.83	939.55	955.00	
2009-08-15T06:00:00	947.53	958.05	930.34	953.85	947.53	958.05	930.34	953.85	
2009-08-08T06:00:00	955.10	960.65	940.25	948.55	955.10	960.65	940.25	948.55	
2009-08-01T06:00:00	953.26	971.68	951.38	954.95	953.26	971.68	951.38	954.95	
2009-07-25T06:00:00	951.63	958.92	925.90	954.00	951.63	958.92	925.90	954.00	
2009-07-18T06:00:00	938.24	957.55	937.45	951.35	938.24	957.55	937.45	951.35	
2009-07-11T06:00:00	912.42	942.21	908.09	937.50	912.42	942.21	908.09	937.50	
2009-07-04T06:00:00	931.49	932.65	905.10	913.05	931.49	932.65	905.10	913.05	
2009-06-27T06:00:00	940.13	946.06	923.50	932.25	940.13	946.06	923.50	932.25	
2009-06-20T06:00:00	933.95	948.48	913.24	939.60	933.95	948.48	913.24	939.60	
2009-06-13T06:00:00	938.93	943.63	925.80	934.05	938.93	943.63	925.80	934.05	
2009-06-06T06:00:00	956.00	965.53	936.85	939.30	956.00	965.53	936.85	939.30	
2009-05-30T06:00:00	980.26	990.00	953.00	955.25	980.26	990.00	953.00	955.25	
2009-05-23T06:00:00	958.01	980.48	941.38	979.15	958.01	980.48	941.38	979.15	
2009-05-16T06:00:00	931.65	961.33	916.25	957.35	931.65	961.33	916.25	957.35	
2009-05-09T06:00:00	916.35	934.20	908.74	931.80	916.35	934.20	908.74	931.80	
2009-05-02T06:00:00	886.24	925.54	885.05	916.65	886.24	925.54	885.05	916.65	
2009-04-25T06:00:00	915.06	918.55	880.49	886.55	915.06	918.55	880.49	886.55	
2009-04-18T06:00:00	867.09	914.09	865.33	913.20	867.09	914.09	865.33	913.20	
2009-04-11T06:00:00	881.75	902.84	864.97	868.80	881.75	902.84	864.97	868.80	
2009-04-04T06:00:00	896.60	897.03	865.49	881.65	896.60	897.03	865.49	881.65	
2009-03-28T06:00:00	921.99	933.57	891.04	893.15	921.99	933.57	891.04	893.15	
2009-03-21T06:00:00	954.84	959.09	917.10	923.15	954.84	959.09	917.10	923.15	
2009-03-14T06:00:00	928.99	967.17	883.90	952.20	928.99	967.17	883.90	952.20	
2009-03-07T07:00:00	939.80	942.24	891.33	929.75	939.80	942.24	891.33	929.75	
2009-02-28T07:00:00	939.80	958.51	900.30	939.35	939.80	958.51	900.30	939.35	
2009-02-21T07:00:00	962.45	978.27	927.76	942.35	962.45	978.27	927.76	942.35	
2009-02-14T07:00:00	941.74	1006.29	936.33	992.90	941.74	1006.29	936.33	992.90	
2009-02-07T07:00:00	912.99	952.92	891.08	941.70	912.99	952.92	891.08	941.70	
2009-01-31T07:00:00	925.24	928.45	889.20	911.50	925.24	928.45	889.20	911.50	
2009-01-24T07:00:00	894.99	929.70	874.80	927.85	894.99	929.70	874.80	927.85	
2009-01-17T07:00:00	843.99	903.34	824.19	899.75	843.99	903.34	824.19	899.75	
2009-01-10T07:00:00	854.74	857.00	802.59	843.15	854.74	857.00	802.59	843.15	
2009-01-03T07:00:00	877.59	884.65	836.70	854.20	877.59	884.65	836.70	854.20	
2008-12-27T07:00:00	871.32	890.49	856.75	875.40	871.32	890.49	856.75	875.40	
2008-12-20T07:00:00	838.50	873.17	829.90	869.30	838.50	873.17	829.90	869.30	
2008-12-13T07:00:00	823.95	882.09	821.72	838.28	823.95	882.09	821.72	838.28	
2008-12-06T07:00:00	755.30	835.01	754.67	822.35	755.30	835.01	754.67	822.35	
2008-11-29T07:00:00	818.95	818.95	741.74	756.45	818.95	818.95	741.74	756.45	
2008-11-22T07:00:00	799.49	830.99	786.90	818.05	799.49	830.99	786.90	818.05	
2008-11-15T07:00:00	739.99	801.92	731.48	800.40	739.99	801.92	731.48	800.40	
2008-11-08T07:00:00	737.49	768.09	700.10	742.10	737.49	768.09	700.10	742.10	
2008-11-01T06:00:00	726.49	770.00	722.35	736.65	726.49	770.00	722.35	736.65	
2008-10-25T06:00:00	735.80	777.90	707.13	724.55	735.80	777.90	707.13	724.55	
2008-10-18T06:00:00	782.95	810.02	682.41	734.75	782.95	810.02	682.41	734.75	
2008-10-11T06:00:00	852.55	871.93	773.72	783.35	852.55	871.93	773.72	783.35	
2008-10-04T06:00:00	833.40	931.78	826.36	849.85	833.40	931.78	826.36	849.85	
2008-09-27T06:00:00	872.35	925.10	820.15	835.50	872.35	925.10	820.15	835.50	
2008-09-20T06:00:00	874.20	910.92	862.80	878.75	874.20	910.92	862.80	878.75	
2008-09-13T06:00:00	764.69	910.59	764.69	873.55	764.69	910.59	764.69	873.55	
2008-09-06T06:00:00	809.87	818.35	736.70	765.50	809.87	818.35	736.70	765.50	
2008-08-30T06:00:00	835.70	836.50	789.65	803.50	835.70	836.50	789.65	803.50	
2008-08-23T06:00:00	822.99	844.24	807.33	831.15	822.99	844.24	807.33	831.15	
2008-08-16T06:00:00	790.60	838.79	783.05	823.05	790.60	838.79	783.05	823.05	
2008-08-09T06:00:00	856.85	865.81	772.98	787.70	856.85	865.81	772.98	787.70	
2008-08-02T06:00:00	910.45	915.55	851.37	856.60	910.45	915.55	851.37	856.60	
2008-07-26T06:00:00	929.30	933.49	894.17	910.95	929.30	933.49	894.17	910.95	
2008-07-19T06:00:00	955.37	976.33	916.51	929.85	955.37	976.33	916.51	929.85	
2008-07-12T06:00:00	965.49	988.02	950.29	955.00	965.49	988.02	950.29	955.00	
2008-07-05T06:00:00	933.35	968.04	913.06	964.20	933.35	968.04	913.06	964.20	
2008-06-28T06:00:00	926.55	946.40	918.70	933.25	926.55	946.40	918.70	933.25	
2008-06-21T06:00:00	902.25	931.05	873.92	927.80	902.25	931.05	873.92	927.80	
2008-06-14T06:00:00	869.85	908.15	866.92	902.30	869.85	908.15	866.92	902.30	
2008-06-07T06:00:00	902.95	909.08	857.79	871.55	902.95	909.08	857.79	871.55	
2008-05-31T06:00:00	887.49	902.38	865.15	902.25	887.49	902.38	865.15	902.25	
2008-05-24T06:00:00	925.40	931.05	871.42	886.50	925.40	931.05	871.42	886.50	
2008-05-17T06:00:00	904.00	935.55	901.27	925.10	904.00	935.55	901.27	925.10	
2008-05-10T06:00:00	884.25	904.88	860.58	902.40	884.25	904.88	860.58	902.40	
2008-05-03T06:00:00	854.99	889.97	854.99	884.85	854.99	889.97	854.99	884.85	
2008-04-26T06:00:00	888.50	895.97	846.22	856.45	888.50	895.97	846.22	856.45	
2008-04-19T06:00:00	918.53	928.88	878.28	886.30	918.53	928.88	878.28	886.30	
2008-04-12T06:00:00	919.60	952.83	905.70	917.09	919.60	952.83	905.70	917.09	
2008-04-05T06:00:00	914.48	939.70	903.41	925.30	914.48	939.70	903.41	925.30	
2008-03-29T06:00:00	931.60	940.66	874.40	913.79	931.60	940.66	874.40	913.79	
2008-03-22T06:00:00	915.60	954.90	906.99	931.05	915.60	954.90	906.99	931.05	
2008-03-15T06:00:00	1002.50	1032.70	905.41	919.50	1002.50	1032.70	905.41	919.50	
2008-03-08T07:00:00	972.99	1007.40	961.75	1002.95	972.99	1007.40	961.75	1002.95	
2008-03-01T07:00:00	974.30	992.05	957.06	973.20	974.30	992.05	957.06	973.20	
2008-02-23T07:00:00	946.00	976.32	927.20	974.17	946.00	976.32	927.20	974.17	
2008-02-16T07:00:00	901.99	953.91	900.65	945.20	901.99	953.91	900.65	945.20	
2008-02-09T07:00:00	921.07	927.31	896.70	902.50	921.07	927.31	896.70	902.50	
2008-02-02T07:00:00	904.80	923.30	885.45	922.99	904.80	923.30	885.45	922.99	
2008-01-26T07:00:00	913.99	936.92	903.98	905.48	913.99	936.92	903.98	905.48	
2008-01-19T07:00:00	884.49	923.73	850.07	913.95	884.49	923.73	850.07	913.95	
2008-01-12T07:00:00	895.49	914.30	870.67	883.17	895.49	914.30	870.67	883.17	
2008-01-05T07:00:00	859.49	898.03	855.63	895.40	859.49	898.03	855.63	895.40	
2007-12-29T07:00:00	839.50	868.89	830.55	859.60	839.50	868.89	830.55	859.60	
2007-12-22T07:00:00	811.70	840.70	805.05	840.50	811.70	840.70	805.05	840.50	
2007-12-15T07:00:00	793.80	812.54	785.58	811.72	793.80	812.54	785.58	811.72	
2007-12-08T07:00:00	796.10	816.91	789.35	794.49	796.10	816.91	789.35	794.49	
2007-12-01T07:00:00	783.40	806.71	777.80	794.80	783.40	806.71	777.80	794.80	
2007-11-24T07:00:00	823.99	836.92	779.43	783.75	823.99	836.92	779.43	783.75	
2007-11-17T07:00:00	787.40	825.67	773.10	823.80	787.40	825.67	773.10	823.80	
2007-11-10T07:00:00	830.29	830.70	783.40	786.30	830.29	830.70	783.40	786.30	
2007-11-03T06:00:00	806.63	845.84	801.20	832.00	806.63	845.84	801.20	832.00	
2007-10-27T06:00:00	783.49	808.49	777.20	807.00	783.49	808.49	777.20	807.00	
2007-10-20T06:00:00	766.70	786.09	745.83	785.20	766.70	786.09	745.83	785.20	
2007-10-13T06:00:00	749.30	771.10	747.80	765.20	749.30	771.10	747.80	765.20	
2007-10-06T06:00:00	741.63	753.65	727.11	749.10	741.63	753.65	727.11	749.10	
2007-09-29T06:00:00	744.20	747.90	721.16	742.70	744.20	747.90	721.16	742.70	
2007-09-22T06:00:00	729.90	745.84	722.73	743.60	729.90	745.84	722.73	743.60	
2007-09-15T06:00:00	706.70	739.30	706.40	731.50	706.70	739.30	706.40	731.50	
2007-09-08T06:00:00	700.30	717.15	699.63	707.60	700.30	717.15	699.63	707.60	
2007-09-01T06:00:00	673.30	706.79	671.43	701.00	673.30	706.79	671.43	701.00	
2007-08-25T06:00:00	668.80	674.66	661.65	673.40	668.80	674.66	661.65	673.40	
2007-08-18T06:00:00	654.45	669.52	653.85	668.20	654.45	669.52	653.85	668.20	
2007-08-11T06:00:00	672.30	672.97	642.25	657.80	672.30	672.97	642.25	657.80	
2007-08-04T06:00:00	673.00	677.00	658.48	672.80	673.00	677.00	658.48	672.80	
2007-07-28T06:00:00	661.10	675.50	659.19	673.00	661.10	675.50	659.19	673.00	
2007-07-21T06:00:00	684.10	687.40	657.30	661.20	684.10	687.40	657.30	661.20	
2007-07-14T06:00:00	666.40	686.25	662.78	683.40	666.40	686.25	662.78	683.40	
2007-07-07T06:00:00	657.25	669.40	653.80	666.90	657.25	669.40	653.80	666.90	
2007-06-30T06:00:00	651.13	659.00	645.64	655.90	651.13	659.00	645.64	655.90	
2007-06-23T06:00:00	653.70	654.75	639.50	649.65	653.70	654.75	639.50	649.65	
2007-06-16T06:00:00	654.90	662.05	647.85	654.30	654.90	662.05	647.85	654.30	
2007-06-09T06:00:00	649.35	655.79	643.38	655.35	649.35	655.79	643.38	655.35	
2007-06-02T06:00:00	670.80	674.19	644.55	648.85	670.80	674.19	644.55	648.85	
2007-05-26T06:00:00	655.40	672.27	652.20	671.75	655.40	672.27	652.20	671.75	
2007-05-19T06:00:00	662.50	665.40	652.01	656.00	662.50	665.40	652.01	656.00	
2007-05-12T06:00:00	671.55	675.05	653.83	661.75	671.55	675.05	653.83	661.75	
2007-05-05T06:00:00	687.70	691.05	664.33	670.85	687.70	691.05	664.33	670.85	
2007-04-28T06:00:00	681.45	690.92	667.65	688.85	681.45	690.92	667.65	688.85	
2007-04-21T06:00:00	694.25	694.25	671.15	681.55	694.25	694.25	671.15	681.55	
2007-04-14T06:00:00	687.38	693.99	679.15	691.95	687.38	693.99	679.15	691.95	
2007-04-07T06:00:00	674.88	686.29	670.25	685.52	674.88	686.29	670.25	685.52	
2007-03-31T06:00:00	665.70	675.82	656.60	675.00	665.70	675.82	656.60	675.00	
2007-03-24T06:00:00	657.75	669.69	655.49	663.79	657.75	669.69	655.49	663.79	
2007-03-17T06:00:00	653.20	666.92	652.10	657.40	653.20	666.92	652.10	657.40	
2007-03-10T07:00:00	649.50	655.60	637.36	653.40	649.50	655.60	637.36	653.40	
2007-03-03T07:00:00	643.65	657.86	632.80	650.27	643.65	657.86	632.80	650.27	
2007-02-24T07:00:00	681.65	688.64	640.94	642.45	681.65	688.64	640.94	642.45	
2007-02-17T07:00:00	668.50	688.56	656.17	682.55	668.50	688.56	656.17	682.55	
2007-02-10T07:00:00	667.95	671.94	659.99	669.05	667.95	671.94	659.99	669.05	
2007-02-03T07:00:00	648.50	668.81	646.45	666.85	648.50	668.81	646.45	666.85	
2007-01-27T07:00:00	646.30	661.46	641.17	647.85	646.30	661.46	641.17	647.85	
2007-01-20T07:00:00	635.25	654.60	632.22	646.00	635.25	654.60	632.22	646.00	
2007-01-13T07:00:00	626.20	636.75	620.17	635.40	626.20	636.75	620.17	635.40	
2007-01-06T07:00:00	608.75	627.72	604.03	627.20	608.75	627.72	604.03	627.20	
2006-12-30T07:00:00	636.80	645.25	602.46	607.40	636.80	645.25	602.46	607.40	
2006-12-23T07:00:00	621.30	636.80	620.00	636.70	621.30	636.80	620.00	636.70	
2006-12-16T07:00:00	615.65	624.75	612.07	621.01	615.65	624.75	612.07	621.01	
2006-12-09T07:00:00	624.55	631.15	614.88	615.35	624.55	631.15	614.88	615.35	
2006-12-02T07:00:00	645.50	648.76	623.75	625.15	645.50	648.76	623.75	625.15	
2006-11-25T07:00:00	639.25	649.95	633.02	645.60	639.25	649.95	633.02	645.60	
2006-11-18T07:00:00	620.75	640.30	620.75	638.20	620.75	640.30	620.75	638.20	
2006-11-11T07:00:00	629.10	632.90	615.00	621.70	629.10	632.90	615.00	621.70	
2006-11-04T07:00:00	626.90	636.90	613.40	628.55	626.90	636.90	613.40	628.55	
2006-10-28T06:00:00	599.25	629.50	598.50	627.40	599.25	629.50	598.50	627.40	
2006-10-21T06:00:00	592.30	600.05	573.35	599.95	592.30	600.05	573.35	599.95	
2006-10-14T06:00:00	592.00	602.40	585.93	591.50	592.00	602.40	585.93	591.50	
2006-10-07T06:00:00	574.40	590.60	569.35	590.40	574.40	590.60	569.35	590.40	
2006-09-30T06:00:00	598.75	604.17	559.40	574.10	598.75	604.17	559.40	574.10	
2006-09-23T06:00:00	590.00	607.30	582.26	598.30	590.00	607.30	582.26	598.30	
2006-09-16T06:00:00	579.55	592.70	572.35	589.60	579.55	592.70	572.35	589.60	
2006-09-09T06:00:00	610.60	610.60	570.98	579.33	610.60	610.60	570.98	579.33	
2006-09-02T06:00:00	625.05	640.58	607.20	610.80	625.05	640.58	607.20	610.80	
2006-08-26T06:00:00	623.15	627.95	607.73	625.45	623.15	627.95	607.73	625.45	
2006-08-19T06:00:00	615.40	630.20	613.90	622.53	615.40	630.20	613.90	622.53	
2006-08-12T06:00:00	630.75	633.20	607.50	614.90	630.75	633.20	607.50	614.90	
2006-08-05T06:00:00	644.55	655.08	627.15	632.55	644.55	655.08	627.15	632.55	
2006-07-29T06:00:00	635.45	656.00	629.46	646.50	635.45	656.00	629.46	646.50	
2006-07-22T06:00:00	620.65	640.75	602.57	634.75	620.65	640.75	602.57	634.75	
2006-07-15T06:00:00	667.35	676.53	616.05	619.75	667.35	676.53	616.05	619.75	
2006-07-08T06:00:00	630.45	667.92	620.75	664.15	630.45	667.92	620.75	664.15	
2006-07-01T06:00:00	617.49	637.49	614.65	629.25	617.49	637.49	614.65	629.25	
2006-06-24T06:00:00	584.75	616.55	577.10	615.85	584.75	616.55	577.10	615.85	
2006-06-17T06:00:00	580.35	595.32	561.24	583.05	580.35	595.32	561.24	583.05	
2006-06-10T06:00:00	607.75	611.90	542.45	581.15	607.75	611.90	542.45	581.15	
2006-06-03T06:00:00	637.30	645.79	601.05	607.45	637.30	645.79	601.05	607.45	
2006-05-27T06:00:00	652.99	665.20	619.10	638.20	652.99	665.20	619.10	638.20	
2006-05-20T06:00:00	657.90	675.00	636.60	653.70	657.90	675.00	636.60	653.70	
2006-05-13T06:00:00	714.50	720.54	651.70	657.60	714.50	720.54	651.70	657.60	
2006-05-06T06:00:00	682.80	730.40	671.00	714.80	682.80	730.40	671.00	714.80	
2006-04-29T06:00:00	654.60	684.90	651.43	683.80	654.60	684.90	651.43	683.80	
2006-04-22T06:00:00	639.00	656.00	618.92	654.42	639.00	656.00	618.92	654.42	
2006-04-15T06:00:00	598.74	645.85	598.74	633.97	598.74	645.85	598.74	633.97	
2006-04-08T06:00:00	589.13	604.30	588.88	602.99	589.13	604.30	588.88	602.99	
2006-04-01T07:00:00	581.74	598.27	581.70	588.85	581.74	598.27	581.70	588.85	
2006-03-25T07:00:00	560.00	589.65	558.68	583.65	560.00	589.65	558.68	583.65	
2006-03-18T07:00:00	554.35	561.20	545.30	560.13	554.35	561.20	545.30	560.13	
2006-03-11T07:00:00	540.88	557.90	541.97	554.10	540.88	557.90	541.97	554.10	
2006-03-04T07:00:00	565.88	568.49	534.20	541.05	565.88	568.49	534.20	541.05	
2006-02-25T07:00:00	559.00	571.25	552.65	565.40	559.00	571.25	552.65	565.40	
2006-02-18T07:00:00	552.50	559.99	547.45	559.05	552.50	559.99	547.45	559.05	
2006-02-11T07:00:00	549.49	554.55	535.10	552.10	549.49	554.55	535.10	552.10	
2006-02-04T07:00:00	567.80	573.90	545.35	551.00	567.80	573.90	545.35	551.00	
2006-01-28T07:00:00	557.15	575.35	557.15	568.90	557.15	575.35	557.15	568.90	
2006-01-21T07:00:00	553.50	566.63	549.60	559.50	553.50	566.63	549.60	559.50	
2006-01-14T07:00:00	556.88	568.10	540.05	554.49	556.88	568.10	540.05	554.49	
2006-01-07T07:00:00	539.55	557.92	535.45	557.34	539.55	557.92	535.45	557.34	
2005-12-31T07:00:00	517.38	540.36	516.88	539.95	517.38	540.36	516.88	539.95	
2005-12-24T07:00:00	503.75	518.10	503.45	517.00	503.75	518.10	503.45	517.00	
2005-12-17T07:00:00	502.38	509.29	489.90	502.80	502.38	509.29	489.90	502.80	
2005-12-10T07:00:00	526.49	541.00	493.30	503.24	526.49	541.00	493.30	503.24	
2005-12-03T07:00:00	504.10	530.75	503.97	526.40	504.10	530.75	503.97	526.40	
2005-11-26T07:00:00	496.49	506.78	490.95	503.38	496.49	506.78	490.95	503.38	
2005-11-19T07:00:00	486.10	497.02	484.86	496.08	486.10	497.02	484.86	496.08	
2005-11-12T07:00:00	468.90	489.10	466.56	485.80	468.90	489.10	466.56	485.80	
2005-11-05T07:00:00	456.76	470.13	456.30	468.70	456.76	470.13	456.30	468.70	
2005-10-29T06:00:00	472.96	473.30	455.43	456.90	472.96	473.30	455.43	456.90	
2005-10-22T06:00:00	466.85	476.00	463.30	473.49	466.85	476.00	463.30	473.49	
2005-10-15T06:00:00	469.50	475.48	460.00	466.89	469.50	475.48	460.00	466.89	
2005-10-08T06:00:00	474.63	480.49	465.90	469.70	474.63	480.49	465.90	469.70	
2005-10-01T06:00:00	467.75	476.05	463.25	474.85	467.75	476.05	463.25	474.85	
2005-09-24T06:00:00	463.75	474.55	458.10	469.30	463.75	474.55	458.10	469.30	
2005-09-17T06:00:00	459.38	475.45	458.70	463.25	459.38	475.45	458.70	463.25	
2005-09-10T06:00:00	449.75	460.45	445.05	459.75	449.75	460.45	445.05	459.75	
2005-09-03T06:00:00	444.35	449.95	443.00	449.20	444.35	449.95	443.00	449.20	
2005-08-27T06:00:00	438.65	447.39	429.50	444.40	438.65	447.39	429.50	444.40	
2005-08-20T06:00:00	436.50	440.80	435.90	437.70	436.50	440.80	435.90	437.70	
2005-08-13T06:00:00	446.10	447.00	436.10	436.30	446.10	447.00	436.10	436.30	
2005-08-06T06:00:00	437.20	449.60	433.10	446.20	437.20	449.60	433.10	446.20	
2005-07-30T06:00:00	429.90	439.45	429.10	437.30	429.90	439.45	429.10	437.30	
2005-07-23T06:00:00	425.05	430.90	422.00	429.80	425.05	430.90	422.00	429.80	
2005-07-16T06:00:00	421.38	427.04	419.00	425.00	421.38	427.04	419.00	425.00	
2005-07-09T06:00:00	423.75	427.85	418.25	421.55	423.75	427.85	418.25	421.55	
2005-07-02T06:00:00	428.06	428.90	421.90	423.10	428.06	428.90	421.90	423.10	
2005-06-25T06:00:00	439.45	440.45	426.85	427.40	439.45	440.45	426.85	427.40	
2005-06-18T06:00:00	438.13	443.71	434.05	439.95	438.13	443.71	434.05	439.95	
2005-06-11T06:00:00	426.95	439.30	424.00	437.65	426.95	439.30	424.00	437.65	
2005-06-04T06:00:00	422.55	428.35	421.14	427.05	422.55	428.35	421.14	427.05	
2005-05-28T06:00:00	420.24	424.90	413.86	422.45	420.24	424.90	413.86	422.45	
2005-05-21T06:00:00	417.55	420.45	416.35	420.45	417.55	420.45	416.35	420.45	
2005-05-14T06:00:00	420.80	423.25	416.75	417.65	420.80	423.25	416.75	417.65	
2005-05-07T06:00:00	426.30	428.60	419.21	420.40	426.30	428.60	419.21	420.40	
2005-04-30T06:00:00	434.45	434.45	423.89	426.20	434.45	434.45	423.89	426.20	
2005-04-23T06:00:00	434.10	437.67	430.59	434.39	434.10	437.67	430.59	434.39	
2005-04-16T06:00:00	424.70	435.70	423.29	434.60	424.70	435.70	423.29	434.60	
2005-04-09T06:00:00	426.90	430.10	422.40	424.90	426.90	430.10	422.40	424.90	
2005-04-02T07:00:00	426.00	428.60	422.55	427.10	426.00	428.60	422.55	427.10	
2005-03-26T07:00:00	425.00	428.96	423.55	426.25	425.00	428.96	423.55	426.25	
2005-03-19T07:00:00	439.13	439.74	424.45	424.88	439.13	439.74	424.45	424.88	
2005-03-12T07:00:00	445.50	445.50	435.96	439.35	445.50	445.50	435.96	439.35	
2005-03-05T07:00:00	434.60	447.05	432.40	444.95	434.60	447.05	432.40	444.95	
2005-02-26T07:00:00	434.88	437.80	428.75	434.30	434.88	437.80	428.75	434.30	
2005-02-19T07:00:00	427.40	436.85	426.23	435.25	427.40	436.85	426.23	435.25	
2005-02-12T07:00:00	420.50	428.60	420.50	427.41	420.50	428.60	420.50	427.41	
2005-02-05T07:00:00	414.74	422.14	410.40	420.90	414.74	422.14	410.40	420.90	
2005-01-29T07:00:00	426.35	426.59	414.17	414.70	426.35	426.59	414.17	414.70	
2005-01-22T07:00:00	426.65	428.15	420.96	427.00	426.65	428.15	420.96	427.00	
2005-01-15T07:00:00	422.38	428.35	420.15	427.25	422.38	428.35	420.15	427.25	
2005-01-08T07:00:00	419.35	427.75	418.90	423.15	419.35	427.75	418.90	423.15	
2005-01-01T07:00:00	438.00	438.05	416.99	419.05	438.00	438.05	416.99	419.05	
2004-12-25T07:00:00	442.50	445.65	433.61	438.45	442.50	445.65	433.61	438.45	
2004-12-18T07:00:00	441.63	444.05	438.95	442.65	441.63	444.05	438.95	442.65	
2004-12-11T07:00:00	434.13	442.92	434.13	441.50	434.13	442.92	434.13	441.50	
2004-12-04T07:00:00	455.50	456.38	431.96	434.20	455.50	456.38	431.96	434.20	
2004-11-27T07:00:00	452.00	456.89	447.10	455.90	452.00	456.89	447.10	455.90	
2004-11-20T07:00:00	446.75	455.30	446.04	451.95	446.75	455.30	446.04	451.95	
2004-11-13T07:00:00	437.63	448.35	435.88	447.05	437.63	448.35	435.88	447.05	
2004-11-06T07:00:00	433.55	438.96	431.20	437.85	433.55	438.96	431.20	437.85	
2004-10-30T06:00:00	428.55	434.07	417.40	433.55	428.55	434.07	417.40	433.55	
2004-10-23T06:00:00	425.13	430.69	420.95	428.55	425.13	430.69	420.95	428.55	
2004-10-16T06:00:00	418.63	426.27	414.75	424.23	418.63	426.27	414.75	424.23	
2004-10-09T06:00:00	422.60	423.50	409.55	418.80	422.60	423.50	409.55	418.80	
2004-10-02T06:00:00	419.38	423.90	411.80	422.78	419.38	423.90	411.80	422.78	
2004-09-25T06:00:00	407.88	419.85	407.45	419.47	407.88	419.85	407.45	419.47	
2004-09-18T06:00:00	405.25	412.15	403.55	407.83	405.25	412.15	403.55	407.83	
2004-09-11T06:00:00	402.65	407.10	399.30	405.65	402.65	407.10	399.30	405.65	
2004-09-04T06:00:00	401.05	403.05	395.15	402.75	401.05	403.05	395.15	402.75	
2004-08-28T06:00:00	403.05	411.30	399.15	401.05	403.05	411.30	399.15	401.05	
2004-08-21T06:00:00	412.85	412.85	401.42	403.25	412.85	412.85	401.42	403.25	
2004-08-14T06:00:00	398.85	414.27	398.55	412.75	398.85	414.27	398.55	412.75	
2004-08-07T06:00:00	399.65	401.05	392.55	398.95	399.65	401.05	392.55	398.95	
2004-07-31T06:00:00	390.95	401.05	389.10	399.75	390.95	401.05	389.10	399.75	
2004-07-24T06:00:00	390.15	393.65	385.55	391.05	390.15	393.65	385.55	391.05	
2004-07-17T06:00:00	406.75	407.96	387.27	390.15	406.75	407.96	387.27	390.15	
2004-07-10T06:00:00	407.95	408.89	400.45	406.65	407.95	408.89	400.45	406.65	
2004-07-03T06:00:00	397.95	409.15	389.00	407.65	397.95	409.15	389.00	407.65	
2004-06-26T06:00:00	402.35	405.10	390.95	397.95	402.35	405.10	390.95	397.95	
2004-06-19T06:00:00	394.85	403.30	392.85	401.55	394.85	403.30	392.85	401.55	
2004-06-12T06:00:00	384.85	396.35	381.95	394.85	384.85	396.35	381.95	394.85	
2004-06-05T06:00:00	390.75	395.40	382.55	384.55	390.75	395.40	382.55	384.55	
2004-05-29T06:00:00	393.45	398.90	385.30	389.95	393.45	398.90	385.30	389.95	
2004-05-22T06:00:00	384.45	396.85	383.50	393.35	384.45	396.85	383.50	393.35	
2004-05-15T06:00:00	376.95	387.35	375.35	384.35	376.95	387.35	375.35	384.35	
2004-05-08T06:00:00	379.05	384.25	371.65	376.65	379.05	384.25	371.65	376.65	
2004-05-01T06:00:00	386.85	395.00	377.60	378.75	386.85	395.00	377.60	378.75	
2004-04-24T06:00:00	395.15	399.63	377.75	386.75	395.15	399.63	377.75	386.75	
2004-04-17T06:00:00	401.25	405.92	389.25	395.05	401.25	405.92	389.25	395.05	
2004-04-10T06:00:00	420.05	422.10	395.65	400.55	420.05	422.10	395.65	400.55	
2004-04-03T07:00:00	420.85	423.90	413.85	420.05	420.85	423.90	413.85	420.05	
2004-03-27T07:00:00	421.45	431.05	416.70	420.65	421.45	431.05	416.70	420.65	
2004-03-20T07:00:00	411.65	423.75	411.25	422.35	411.65	423.75	411.25	422.35	
2004-03-13T07:00:00	395.25	413.90	395.25	412.35	395.25	413.90	395.25	412.35	
2004-03-06T07:00:00	401.25	406.25	394.95	395.25	401.25	406.25	394.95	395.25	
2004-02-28T07:00:00	396.25	402.85	387.95	401.25	396.25	402.85	387.95	401.25	
2004-02-21T07:00:00	398.35	404.45	391.00	396.15	398.35	404.45	391.00	396.15	
2004-02-14T07:00:00	410.15	416.80	394.15	397.55	410.15	416.80	394.15	397.55	
2004-02-07T07:00:00	403.55	417.10	402.25	410.15	403.55	417.10	402.25	410.15	
2004-01-31T07:00:00	402.35	408.60	394.45	403.35	402.35	408.60	394.45	403.35	
2004-01-24T07:00:00	407.85	415.05	396.45	402.45	407.85	415.05	396.45	402.45	
2004-01-17T07:00:00	406.55	413.55	405.05	408.08	406.55	413.55	405.05	408.08	
2004-01-10T07:00:00	426.95	428.95	405.45	406.75	426.95	428.95	405.45	406.75	
2004-01-03T07:00:00	415.15	430.40	415.05	426.38	415.15	430.40	415.05	426.38	
2003-12-27T07:00:00	412.25	417.75	411.40	415.85	412.25	417.75	411.40	415.85	
2003-12-20T07:00:00	408.75	413.45	407.65	412.25	408.75	413.45	407.65	412.25	
2003-12-13T07:00:00	406.15	413.27	401.55	409.35	406.15	413.27	401.55	409.35	
2003-12-06T07:00:00	406.05	412.35	402.65	408.85	406.05	412.35	402.65	408.85	
2003-11-29T07:00:00	397.75	406.67	396.75	406.35	397.75	406.67	396.75	406.35	
2003-11-22T07:00:00	396.05	400.85	389.70	398.15	396.05	400.85	389.70	398.15	
2003-11-15T07:00:00	397.05	400.55	385.83	396.05	397.05	400.55	385.83	396.05	
2003-11-08T07:00:00	383.15	399.00	382.50	397.55	383.15	399.00	382.50	397.55	
2003-11-01T07:00:00	384.45	385.15	375.95	383.05	384.45	385.15	375.95	383.05	
2003-10-25T06:00:00	387.95	391.30	379.75	384.25	387.95	391.30	379.75	384.25	
2003-10-18T06:00:00	371.65	392.45	370.05	388.55	371.65	392.45	370.05	388.55	
2003-10-11T06:00:00	373.45	376.75	366.50	371.65	373.45	376.75	366.50	371.65	
2003-10-04T06:00:00	369.55	378.45	368.05	373.05	369.55	378.45	368.05	373.05	
2003-09-27T06:00:00	380.95	388.42	367.00	369.55	380.95	388.42	367.00	369.55	
2003-09-20T06:00:00	380.75	393.75	379.25	380.85	380.75	393.75	379.25	380.85	
2003-09-13T06:00:00	375.95	383.30	371.65	381.85	375.95	383.30	371.65	381.85	
2003-09-06T06:00:00	376.75	383.55	373.55	375.25	376.75	383.55	373.55	375.25	
2003-08-30T06:00:00	374.75	379.25	369.75	377.35	374.75	379.25	369.75	377.35	
2003-08-23T06:00:00	363.15	377.45	359.25	375.55	363.15	377.45	359.25	375.55	
2003-08-16T06:00:00	363.25	366.85	356.20	362.95	363.25	366.85	356.20	362.95	
2003-08-09T06:00:00	356.25	367.35	356.08	363.75	356.25	367.35	356.08	363.75	
2003-08-02T06:00:00	348.90	357.65	346.85	356.75	348.90	357.65	346.85	356.75	
2003-07-26T06:00:00	362.55	367.55	345.95	346.15	362.55	367.55	345.95	346.15	
2003-07-19T06:00:00	346.55	364.60	346.55	362.75	346.55	364.60	346.55	362.75	
2003-07-12T06:00:00	345.05	349.50	340.55	347.25	345.05	349.50	340.55	347.25	
2003-07-05T06:00:00	350.85	352.25	342.25	345.20	350.85	352.25	342.25	345.20	
2003-06-28T06:00:00	345.38	353.30	344.45	350.85	345.38	353.30	344.45	350.85	
2003-06-21T06:00:00	356.25	357.95	342.65	345.25	356.25	357.95	342.65	345.25	
2003-06-14T06:00:00	356.65	365.25	355.15	357.38	356.65	365.25	355.15	357.38	
2003-06-07T06:00:00	363.45	366.05	350.95	356.65	363.45	366.05	350.95	356.65	
2003-05-31T06:00:00	364.35	369.80	359.65	363.75	364.35	369.80	359.65	363.75	
2003-05-24T06:00:00	368.75	374.65	358.70	364.45	368.75	374.65	358.70	364.45	
2003-05-17T06:00:00	355.05	373.25	355.05	368.75	355.05	373.25	355.05	368.75	
2003-05-10T06:00:00	348.85	357.25	348.35	354.75	348.85	357.25	348.35	354.75	
2003-05-03T06:00:00	341.05	349.75	339.45	348.55	341.05	349.75	339.45	348.55	
2003-04-26T06:00:00	333.25	343.55	329.20	340.95	333.25	343.55	329.20	340.95	
2003-04-19T06:00:00	325.95	336.30	325.95	333.25	325.95	336.30	325.95	333.25	
2003-04-12T06:00:00	327.05	328.15	322.30	325.95	327.05	328.15	322.30	325.95	
2003-04-05T07:00:00	325.55	328.55	319.15	328.05	325.55	328.55	319.15	328.05	
2003-03-29T07:00:00	332.75	338.75	322.15	325.55	332.75	338.75	322.15	325.55	
2003-03-22T07:00:00	325.70	334.45	325.70	331.85	325.70	334.45	325.70	331.85	
2003-03-15T07:00:00	336.30	345.40	325.75	326.05	336.30	345.40	325.75	326.05	
2003-03-08T07:00:00	350.75	355.27	331.75	336.35	350.75	355.27	331.75	336.35	
2003-03-01T07:00:00	350.35	358.35	345.00	350.75	350.35	358.35	345.00	350.75	
2003-02-22T07:00:00	351.05	360.40	345.05	349.95	351.05	360.40	345.05	349.95	
2003-02-15T07:00:00	348.45	354.75	341.25	351.35	348.45	354.75	341.25	351.35	
2003-02-08T07:00:00	369.65	373.13	348.55	351.55	369.65	373.13	348.55	351.55	
2003-02-01T07:00:00	367.90	389.05	366.75	369.75	367.90	389.05	366.75	369.75	
2003-01-25T07:00:00	368.95	373.15	362.65	368.15	368.95	373.15	362.65	368.15	
2003-01-18T07:00:00	356.85	370.15	353.35	368.25	356.85	370.15	353.35	368.25	
2003-01-11T07:00:00	354.75	358.85	348.67	356.55	354.75	358.85	348.67	356.55	
2003-01-04T07:00:00	349.85	357.50	344.70	354.75	349.85	357.50	344.70	354.75	
2002-12-28T07:00:00	349.00	353.15	341.40	351.25	349.00	353.15	341.40	351.25	
2002-12-21T07:00:00	340.95	351.30	340.65	349.25	340.95	351.30	340.65	349.25	
2002-12-14T07:00:00	333.15	354.25	332.15	340.75	333.15	354.25	332.15	340.75	
2002-12-07T07:00:00	326.00	335.75	322.60	333.15	326.00	335.75	322.60	333.15	
2002-11-30T07:00:00	319.05	329.00	316.05	326.25	319.05	329.00	316.05	326.25	
2002-11-23T07:00:00	320.25	321.25	316.35	318.15	320.25	321.25	316.35	318.15	
2002-11-16T07:00:00	320.30	321.95	316.65	321.05	320.30	321.95	316.65	321.05	
2002-11-09T07:00:00	321.55	325.10	316.80	320.55	321.55	325.10	316.80	320.55	
2002-11-02T07:00:00	319.75	323.25	316.75	321.55	319.75	323.25	316.75	321.55	
2002-10-26T06:00:00	313.55	321.55	313.05	319.75	313.55	321.55	313.05	319.75	
2002-10-19T06:00:00	312.85	314.25	308.75	313.85	312.85	314.25	308.75	313.85	
2002-10-12T06:00:00	316.75	318.85	310.00	312.85	316.75	318.85	310.00	312.85	
2002-10-05T06:00:00	322.25	323.45	316.20	316.75	322.25	323.45	316.20	316.75	
2002-09-28T06:00:00	319.95	325.25	319.40	322.25	319.95	325.25	319.40	322.25	
2002-09-21T06:00:00	322.15	327.95	318.80	319.95	322.15	327.95	318.80	319.95	
2002-09-14T06:00:00	317.15	324.15	313.75	322.15	317.15	324.15	313.75	322.15	
2002-09-07T06:00:00	320.15	324.25	314.75	316.85	320.15	324.25	314.75	316.85	
2002-08-31T06:00:00	312.75	321.85	311.25	320.25	312.75	321.85	311.25	320.25	
2002-08-24T06:00:00	306.95	314.55	306.45	312.75	306.95	314.55	306.45	312.75	
2002-08-17T06:00:00	313.95	314.40	304.45	307.05	313.95	314.40	304.45	307.05	
2002-08-10T06:00:00	314.55	318.15	311.05	313.95	314.55	318.15	311.05	313.95	
2002-08-03T06:00:00	307.35	315.72	305.03	314.55	307.35	315.72	305.03	314.55	
2002-07-27T06:00:00	304.45	308.05	298.95	307.35	304.45	308.05	298.95	307.35	
2002-07-20T06:00:00	323.95	325.85	300.75	303.75	323.95	325.85	300.75	303.75	
2002-07-13T06:00:00	315.95	325.95	315.85	323.95	315.95	325.95	315.85	323.95	
2002-07-06T06:00:00	311.45	318.15	310.15	316.05	311.45	318.15	310.15	316.05	
2002-06-29T06:00:00	314.45	316.15	310.40	311.55	314.45	316.15	310.40	311.55	
2002-06-22T06:00:00	324.65	327.05	311.90	314.45	324.65	327.05	311.90	314.45	
2002-06-15T06:00:00	319.35	325.15	316.75	324.65	319.35	325.15	316.75	324.65	
2002-06-08T06:00:00	324.55	324.75	316.10	319.35	324.55	324.75	316.10	319.35	
2002-06-01T06:00:00	325.95	330.55	320.95	323.95	325.95	330.55	320.95	323.95	
2002-05-25T06:00:00	320.55	329.50	320.13	326.55	320.55	329.50	320.13	326.55	
2002-05-18T06:00:00	310.85	323.98	310.25	320.55	310.85	323.98	310.25	320.55	
2002-05-11T06:00:00	310.85	312.35	306.45	311.05	310.85	312.35	306.45	311.05	
2002-05-04T06:00:00	311.75	313.90	307.95	311.05	311.75	313.90	307.95	311.05	
2002-04-27T06:00:00	311.00	313.55	306.65	311.95	311.00	313.55	306.65	311.95	
2002-04-20T06:00:00	302.00	312.00	301.85	311.35	302.00	312.00	301.85	311.35	
2002-04-13T06:00:00	302.15	306.35	297.70	302.35	302.15	306.35	297.70	302.35	
2002-04-06T07:00:00	300.10	303.45	297.25	302.15	300.10	303.45	297.25	302.15	
2002-03-30T07:00:00	302.50	306.95	298.25	300.05	302.50	306.95	298.25	300.05	
2002-03-23T07:00:00	297.65	304.77	295.85	302.65	297.65	304.77	295.85	302.65	
2002-03-16T07:00:00	290.05	297.88	290.00	297.75	290.05	297.88	290.00	297.75	
2002-03-09T07:00:00	289.60	294.90	289.25	290.05	289.60	294.90	289.25	290.05	
2002-03-02T07:00:00	297.85	300.12	287.70	289.75	297.85	300.12	287.70	289.75	
2002-02-23T07:00:00	293.00	299.65	290.85	298.15	293.00	299.65	290.85	298.15	
2002-02-16T07:00:00	298.75	299.58	289.97	292.75	298.75	299.58	289.97	292.75	
2002-02-09T07:00:00	303.15	303.75	295.70	297.85	303.15	303.75	295.70	297.85	
2002-02-02T07:00:00	286.25	308.55	285.40	303.75	286.25	308.55	285.40	303.75	
2002-01-26T07:00:00	279.45	287.45	277.55	286.25	279.45	287.45	277.55	286.25	
2002-01-19T07:00:00	283.55	284.05	277.75	279.45	283.55	284.05	277.75	279.45	
2002-01-12T07:00:00	287.35	289.75	282.95	283.55	287.35	289.75	282.95	283.55	
2002-01-05T07:00:00	278.90	289.75	277.80	287.55	278.90	289.75	277.80	287.55	
2001-12-29T07:00:00	276.75	280.15	276.15	278.95	276.75	280.15	276.15	278.95	
2001-12-22T07:00:00	277.70	280.75	276.05	276.55	277.70	280.75	276.05	276.55	
2001-12-15T07:00:00	277.60	281.25	275.35	278.15	277.60	281.25	275.35	278.15	
2001-12-08T07:00:00	274.55	279.45	271.45	278.45	274.55	279.45	271.45	278.45	
2001-12-01T07:00:00	274.40	278.20	273.60	274.55	274.40	278.20	273.60	274.55	
2001-11-24T07:00:00	273.05	276.13	272.45	274.40	273.05	276.13	272.45	274.40	
2001-11-17T07:00:00	274.85	274.95	272.15	272.90	274.85	274.95	272.15	272.90	
2001-11-10T07:00:00	277.45	282.00	273.85	274.85	277.45	282.00	273.85	274.85	
2001-11-03T07:00:00	279.95	281.35	276.25	277.45	279.95	281.35	276.25	277.45	
2001-10-27T06:00:00	277.35	281.65	277.05	279.95	277.35	281.65	277.05	279.95	
2001-10-20T06:00:00	279.65	279.75	274.25	277.35	279.65	279.75	274.25	277.35	
2001-10-13T06:00:00	284.45	285.80	277.65	279.65	284.45	285.80	277.65	279.65	
2001-10-06T06:00:00	291.00	294.12	280.25	284.45	291.00	294.12	280.25	284.45	
2001-09-29T06:00:00	292.25	293.20	288.60	291.00	292.25	293.20	288.60	291.00	
2001-09-22T06:00:00	290.75	294.10	286.75	293.25	290.75	294.10	286.75	293.25	
2001-09-15T06:00:00	289.00	295.10	285.35	291.45	289.00	295.10	285.35	291.45	
2001-09-08T06:00:00	273.25	292.50	270.95	285.55	273.25	292.50	270.95	285.55	
2001-09-01T06:00:00	274.45	274.75	271.23	273.15	274.45	274.75	271.23	273.15	
2001-08-25T06:00:00	272.80	276.25	270.60	274.40	272.80	276.25	270.60	274.40	
2001-08-18T06:00:00	279.25	279.60	272.05	272.85	279.25	279.60	272.05	272.85	
2001-08-11T06:00:00	273.75	281.20	273.75	279.25	273.75	281.20	273.75	279.25	
2001-08-04T06:00:00	268.50	277.15	266.25	274.55	268.50	277.15	266.25	274.55	
2001-07-28T06:00:00	267.85	269.20	264.25	268.55	267.85	269.20	264.25	268.55	
2001-07-21T06:00:00	270.15	270.25	264.85	267.55	270.15	270.25	264.85	267.55	
2001-07-14T06:00:00	267.20	271.88	266.75	270.05	267.20	271.88	266.75	270.05	
2001-07-07T06:00:00	266.50	269.85	265.55	267.35	266.50	269.85	265.55	267.35	
2001-06-30T06:00:00	270.85	270.90	264.55	266.25	270.85	270.90	264.55	266.25	
2001-06-23T06:00:00	272.55	279.25	267.80	270.85	272.55	279.25	267.80	270.85	
2001-06-16T06:00:00	271.25	275.05	271.05	272.60	271.25	275.05	271.05	272.60	
2001-06-09T06:00:00	273.25	277.05	266.45	271.55	273.25	277.05	266.45	271.55	
2001-06-02T06:00:00	266.75	274.75	264.95	273.75	266.75	274.75	264.95	273.75	
2001-05-26T06:00:00	277.65	278.55	265.25	267.05	277.65	278.55	265.25	267.05	
2001-05-19T06:00:00	284.75	298.50	275.25	277.65	284.75	298.50	275.25	277.65	
2001-05-12T06:00:00	268.05	287.75	266.33	287.55	268.05	287.75	266.33	287.55	
2001-05-05T06:00:00	266.10	270.83	264.78	268.05	266.10	270.83	264.78	268.05	
2001-04-28T06:00:00	264.05	267.55	263.17	266.15	264.05	267.55	263.17	266.15	
2001-04-21T06:00:00	264.15	267.10	261.85	263.65	264.15	267.10	261.85	263.65	
2001-04-14T06:00:00	259.25	265.65	258.55	264.65	259.25	265.65	258.55	264.65	
2001-04-07T06:00:00	260.05	261.30	256.50	259.25	260.05	261.30	256.50	259.25	
2001-03-31T07:00:00	258.05	260.85	254.65	260.05	258.05	260.85	254.65	260.05	
2001-03-24T07:00:00	262.20	263.55	257.35	257.95	262.20	263.55	257.35	257.95	
2001-03-17T07:00:00	259.35	264.10	258.75	262.30	259.35	264.10	258.75	262.30	
2001-03-10T07:00:00	272.25	275.35	258.45	259.05	272.25	275.35	258.45	259.05	
2001-03-03T07:00:00	263.45	272.48	260.05	271.75	263.45	272.48	260.05	271.75	
2001-02-24T07:00:00	261.55	269.75	261.50	262.85	261.55	269.75	261.50	262.85	
2001-02-17T07:00:00	258.85	262.10	256.15	261.55	258.85	262.10	256.15	261.55	
2001-02-10T07:00:00	260.65	262.35	253.85	258.95	260.65	262.35	253.85	258.95	
2001-02-03T07:00:00	267.63	267.63	259.27	260.65	267.63	267.63	259.27	260.65	
2001-01-27T07:00:00	264.08	269.25	262.45	267.55	264.08	269.25	262.45	267.55	
2001-01-20T07:00:00	265.25	269.25	262.25	263.05	265.25	269.25	262.25	263.05	
2001-01-13T07:00:00	264.35	266.75	262.90	264.75	264.35	266.75	262.90	264.75	
2001-01-06T07:00:00	268.40	269.90	263.40	264.30	268.40	269.90	263.40	264.30	
2000-12-30T07:00:00	272.50	273.85	266.45	268.15	272.50	273.85	266.45	268.15	
2000-12-23T07:00:00	273.55	276.20	271.15	272.25	273.55	276.20	271.15	272.25	
2000-12-16T07:00:00	270.60	275.08	269.15	273.95	270.60	275.08	269.15	273.95	
2000-12-09T07:00:00	272.85	273.20	268.20	270.95	272.85	273.20	268.20	270.95	
2000-12-02T07:00:00	269.75	275.90	269.40	272.80	269.75	275.90	269.40	272.80	
2000-11-25T07:00:00	265.95	273.05	265.75	269.40	265.95	273.05	265.75	269.40	
2000-11-18T07:00:00	266.13	267.73	265.58	266.35	266.13	267.73	265.58	266.35	
2000-11-11T07:00:00	265.00	268.25	263.95	265.75	265.00	268.25	263.95	265.75	
2000-11-04T07:00:00	265.50	267.00	263.25	264.75	265.50	267.00	263.25	264.75	
2000-10-28T06:00:00	264.42	267.05	263.30	265.15	264.42	267.05	263.30	265.15	
2000-10-21T06:00:00	271.15	272.85	262.27	264.55	271.15	272.85	262.27	264.55	
2000-10-14T06:00:00	272.65	273.95	269.45	271.55	272.65	273.95	269.45	271.55	
2000-10-07T06:00:00	269.90	277.65	268.75	272.65	269.90	277.65	268.75	272.65	
2000-09-30T06:00:00	274.40	274.75	269.25	269.65	274.40	274.75	269.25	269.65	
2000-09-23T06:00:00	272.15	279.52	272.05	274.25	272.15	279.52	272.05	274.25	
2000-09-16T06:00:00	272.05	276.02	268.70	272.15	272.05	276.02	268.70	272.15	
2000-09-09T06:00:00	272.95	275.70	270.95	272.45	272.95	275.70	270.95	272.45	
2000-09-02T06:00:00	277.20	278.15	271.50	273.05	277.20	278.15	271.50	273.05	
2000-08-26T06:00:00	274.00	278.83	272.53	276.75	274.00	278.83	272.53	276.75	
2000-08-19T06:00:00	276.70	277.30	270.50	274.25	276.70	277.30	270.50	274.25	
2000-08-12T06:00:00	274.75	278.90	274.15	276.65	274.75	278.90	274.15	276.65	
2000-08-05T06:00:00	272.85	275.55	271.30	275.15	272.85	275.55	271.30	275.15	
2000-07-29T06:00:00	278.40	279.10	272.45	273.50	278.40	279.10	272.45	273.50	
2000-07-22T06:00:00	280.25	281.65	277.80	278.38	280.25	281.65	277.80	278.38	
2000-07-15T06:00:00	280.45	284.15	277.80	280.35	280.45	284.15	277.80	280.35	
2000-07-08T06:00:00	283.75	285.40	279.50	281.30	283.75	285.40	279.50	281.30	
2000-07-01T06:00:00	288.95	289.83	281.95	283.65	288.95	289.83	281.95	283.65	
2000-06-24T06:00:00	283.15	293.10	282.05	289.52	283.15	293.10	282.05	289.52	
2000-06-17T06:00:00	289.15	289.45	282.50	283.15	289.15	289.45	282.50	283.15	
2000-06-10T06:00:00	283.90	294.05	283.25	289.25	283.90	294.05	283.25	289.25	
2000-06-03T06:00:00	281.05	291.15	279.05	283.85	281.05	291.15	279.05	283.85	
2000-05-27T06:00:00	272.70	282.95	271.80	281.15	272.70	282.95	271.80	281.15	
2000-05-20T06:00:00	274.10	277.00	269.45	272.25	274.10	277.00	269.45	272.25	
2000-05-13T06:00:00	276.50	277.40	272.00	274.25	276.50	277.40	272.00	274.25	
2000-05-06T06:00:00	278.95	279.05	275.45	276.15	278.95	279.05	275.45	276.15	
2000-04-29T06:00:00	275.25	282.60	272.20	278.95	275.25	282.60	272.20	278.95	
2000-04-22T06:00:00	280.00	281.20	272.75	273.55	280.00	281.20	272.75	273.55	
2000-04-15T06:00:00	284.75	285.05	279.15	280.00	284.75	285.05	279.15	280.00	
2000-04-08T06:00:00	280.60	286.50	279.30	282.60	280.60	286.50	279.30	282.60	
2000-04-01T07:00:00	278.75	288.15	275.95	280.00	278.75	288.15	275.95	280.00	
2000-03-25T07:00:00	285.13	285.17	274.88	279.08	285.13	285.17	274.88	279.08	
2000-03-18T07:00:00	283.80	291.40	283.10	285.00	283.80	291.40	283.10	285.00	
2000-03-11T07:00:00	289.00	292.10	282.90	284.60	289.00	292.10	282.90	284.60	
2000-03-04T07:00:00	288.50	294.20	287.00	289.00	288.50	294.20	287.00	289.00	
2000-02-26T07:00:00	292.75	294.75	287.57	288.80	292.75	294.75	287.57	288.80	
2000-02-19T07:00:00	304.75	307.20	291.45	292.60	304.75	307.20	291.45	292.60	
2000-02-12T07:00:00	310.05	311.20	296.75	305.00	310.05	311.20	296.75	305.00	
2000-02-05T07:00:00	316.50	322.00	295.95	310.95	316.50	322.00	295.95	310.95	
2000-01-29T07:00:00	284.25	315.30	281.75	310.30	284.25	315.30	281.75	310.30	
2000-01-22T07:00:00	289.00	290.88	280.70	283.25	289.00	290.88	280.70	283.25	
2000-01-15T07:00:00	284.05	290.25	284.05	289.10	284.05	290.25	284.05	289.10	
2000-01-08T07:00:00	281.63	285.17	280.60	284.20	281.63	285.17	280.60	284.20	
2000-01-01T07:00:00	288.50	289.50	279.15	281.75	288.50	289.50	279.15	281.75	
1999-12-25T07:00:00	287.25	291.70	287.13	288.00	287.25	291.70	287.13	288.00	
1999-12-18T07:00:00	283.25	290.00	282.25	287.63	283.25	290.00	282.25	287.63	
1999-12-11T07:00:00	279.50	285.71	278.55	283.60	279.50	285.71	278.55	283.60	
1999-12-04T07:00:00	279.90	286.00	274.50	278.95	279.90	286.00	274.50	278.95	
1999-11-27T07:00:00	296.45	296.55	279.38	279.80	296.45	296.55	279.38	279.80	
1999-11-20T07:00:00	294.40	299.70	293.70	297.12	294.40	299.70	293.70	297.12	
1999-11-13T07:00:00	291.25	297.00	289.60	295.00	291.25	297.00	289.60	295.00	
1999-11-06T07:00:00	290.00	299.56	287.40	291.30	290.00	299.56	287.40	291.30	
1999-10-30T06:00:00	297.50	297.75	287.00	290.50	297.50	297.75	287.00	290.50	
1999-10-23T06:00:00	302.05	303.00	286.25	299.20	302.05	303.00	286.25	299.20	
1999-10-16T06:00:00	316.00	318.25	300.95	302.40	316.00	318.25	300.95	302.40	
1999-10-09T06:00:00	319.50	325.00	311.50	315.15	319.50	325.00	311.50	315.15	
1999-10-02T06:00:00	304.25	340.50	304.25	320.15	304.25	340.50	304.25	320.15	
1999-09-25T06:00:00	269.00	327.55	269.00	309.00	269.00	327.55	269.00	309.00	
1999-09-18T06:00:00	255.30	271.35	254.55	268.75	255.30	271.35	254.55	268.75	
1999-09-11T06:00:00	256.65	257.85	254.45	255.25	256.65	257.85	254.45	255.25	
1999-09-04T06:00:00	254.45	257.50	254.25	256.55	254.45	257.50	254.25	256.55	
1999-08-28T06:00:00	253.55	256.30	253.10	254.25	253.55	256.30	253.10	254.25	
1999-08-21T06:00:00	257.85	258.10	251.95	253.75	257.85	258.10	251.95	253.75	
1999-08-14T06:00:00	260.45	262.05	257.35	257.40	260.45	262.05	257.35	257.40	
1999-08-07T06:00:00	256.15	261.42	255.75	260.65	256.15	261.42	255.75	260.65	
1999-07-31T06:00:00	255.95	258.40	253.90	256.15	255.95	258.40	253.90	256.15	
1999-07-24T06:00:00	254.75	257.15	253.00	255.95	254.75	257.15	253.00	255.95	
1999-07-17T06:00:00	254.00	257.15	252.50	254.65	254.00	257.15	252.50	254.65	
1999-07-10T06:00:00	257.15	257.22	252.82	253.85	257.15	257.22	252.82	253.85	
1999-07-03T06:00:00	263.55	263.55	255.65	256.95	263.55	263.55	255.65	256.95	
1999-06-26T06:00:00	259.85	263.85	259.20	263.50	259.85	263.85	259.20	263.50	
1999-06-19T06:00:00	259.15	261.65	258.00	260.25	259.15	261.65	258.00	260.25	
1999-06-12T06:00:00	258.25	263.25	258.05	259.55	258.25	263.25	258.05	259.55	
1999-06-05T06:00:00	265.45	267.50	257.15	260.65	265.45	267.50	257.15	260.65	
1999-05-29T06:00:00	270.50	271.05	263.50	264.80	270.50	271.05	263.50	264.80	
1999-05-22T06:00:00	273.30	273.40	267.80	270.45	273.30	273.40	267.80	270.45	
1999-05-15T06:00:00	276.15	276.75	272.15	272.95	276.15	276.75	272.15	272.95	
1999-05-08T06:00:00	282.35	282.35	275.45	275.95	282.35	282.35	275.45	275.95	
1999-05-01T06:00:00	286.90	289.95	279.45	282.75	286.90	289.95	279.45	282.75	
1999-04-24T06:00:00	283.40	287.75	280.45	286.55	283.40	287.75	280.45	286.55	
1999-04-17T06:00:00	283.10	285.45	282.75	283.55	283.10	285.45	282.75	283.55	
1999-04-10T06:00:00	281.95	284.90	280.75	284.25	281.95	284.90	280.75	284.25	
1999-04-03T07:00:00	279.85	282.35	277.25	281.55	279.85	282.35	277.25	281.55	
1999-03-27T07:00:00	279.90	281.45	278.45	279.85	279.90	281.45	278.45	279.85	
1999-03-20T07:00:00	284.45	285.45	278.95	279.75	284.45	285.45	278.95	279.75	
1999-03-13T07:00:00	292.75	292.75	281.75	284.25	292.75	292.75	281.75	284.25	
1999-03-06T07:00:00	288.10	294.85	287.85	292.35	288.10	294.85	287.85	292.35	
1999-02-27T07:00:00	286.90	289.25	285.35	288.45	286.90	289.25	285.35	288.45	
1999-02-20T07:00:00	287.85	288.45	285.35	287.05	287.85	288.45	285.35	287.05	
1999-02-13T07:00:00	289.40	290.60	284.55	288.25	289.40	290.60	284.55	288.25	
1999-02-06T07:00:00	288.75	290.45	286.55	289.55	288.75	290.45	286.55	289.55	
1999-01-30T07:00:00	286.90	290.50	286.25	288.55	286.90	290.50	286.25	288.55	
1999-01-23T07:00:00	286.45	288.45	281.75	286.15	286.45	288.45	281.75	286.15	
1999-01-16T07:00:00	286.75	288.75	285.40	286.45	286.75	288.75	285.40	286.45	
1999-01-09T07:00:00	291.25	293.50	284.80	287.05	291.25	293.50	284.80	287.05	
1999-01-02T07:00:00	288.55	292.25	286.25	291.35	288.55	292.25	286.25	291.35	
1998-12-26T07:00:00	286.35	288.65	285.60	287.75	286.35	288.65	285.60	287.75	
1998-12-19T07:00:00	290.20	290.45	285.35	286.25	290.20	290.45	285.35	286.25	
1998-12-12T07:00:00	291.15	296.25	288.65	289.05	291.15	296.25	288.65	289.05	
1998-12-05T07:00:00	292.15	297.25	289.55	290.85	292.15	297.25	289.55	290.85	
1998-11-28T07:00:00	296.15	296.45	291.45	292.45	296.15	296.45	291.45	292.45	
1998-11-21T07:00:00	296.25	297.35	295.25	296.20	296.25	297.35	295.25	296.20	
1998-11-14T07:00:00	295.85	298.30	293.55	296.05	295.85	298.30	293.55	296.05	
1998-11-07T07:00:00	292.85	297.65	291.75	295.85	292.85	297.65	291.75	295.85	
1998-10-31T07:00:00	292.75	294.75	287.90	293.20	292.75	294.75	287.90	293.20	
1998-10-24T06:00:00	292.80	294.65	290.95	292.55	292.80	294.65	290.95	292.55	
1998-10-17T06:00:00	300.05	300.05	291.55	292.85	300.05	300.05	291.55	292.85	
1998-10-10T06:00:00	297.00	300.95	294.75	299.95	297.00	300.95	294.75	299.95	
1998-10-03T06:00:00	300.40	304.85	294.15	296.75	300.40	304.85	294.15	296.75	
1998-09-26T06:00:00	293.91	303.55	291.95	300.55	293.91	303.55	291.95	300.55	
1998-09-19T06:00:00	290.65	299.95	287.40	294.15	290.65	299.95	287.40	294.15	
1998-09-12T06:00:00	292.67	293.35	286.70	291.45	292.67	293.35	286.70	291.45	
1998-09-05T06:00:00	286.85	296.95	283.15	293.75	286.85	296.95	283.15	293.75	
1998-08-29T06:00:00	274.15	287.45	273.65	286.85	274.15	287.45	273.65	286.85	
1998-08-22T06:00:00	284.15	285.25	271.13	274.35	284.15	285.25	271.13	274.35	
1998-08-15T06:00:00	283.80	286.95	282.55	284.80	283.80	286.95	282.55	284.80	
1998-08-08T06:00:00	286.85	287.85	282.35	284.05	286.85	287.85	282.35	284.05	
1998-08-01T06:00:00	286.45	290.10	282.75	286.65	286.45	290.10	282.75	286.65	
1998-07-25T06:00:00	291.45	292.15	285.95	286.45	291.45	292.15	285.95	286.45	
1998-07-18T06:00:00	294.50	296.35	290.45	291.45	294.50	296.35	290.45	291.45	
1998-07-11T06:00:00	290.10	295.35	288.50	294.50	290.10	295.35	288.50	294.50	
1998-07-04T06:00:00	294.10	295.70	289.75	290.85	294.10	295.70	289.75	290.85	
1998-06-27T06:00:00	293.15	298.35	292.25	294.75	293.15	298.35	292.25	294.75	
1998-06-20T06:00:00	296.55	296.55	292.05	293.85	296.55	296.55	292.05	293.85	
1998-06-13T06:00:00	285.55	300.25	284.00	298.75	285.55	300.25	284.00	298.75	
1998-06-06T06:00:00	291.70	299.05	284.75	286.00	291.70	299.05	284.75	286.00	
1998-05-30T06:00:00	293.10	294.40	287.00	291.65	293.10	294.40	287.00	291.65	
1998-05-23T06:00:00	299.60	300.20	290.65	292.95	299.60	300.20	290.65	292.95	
